{
  "type": "FeatureCollection",
  "name": "fishing-restriction-zones",
  "features": [
    {
      "type": "Feature",
      "properties": {
        "id": "zuerichsee-bachmuendung-hornbach-wehrenbach",
        "lakeId": "zuerichsee",
        "name": "Hornbach/Wehrenbach Bachmündung",
        "zone": "100-m-Radius Bachmündung",
        "period": "16. November bis 31. Januar",
        "rule": "Jegliche Angel- und Berufsfischerei im Radius von 100 m um den Mündungsbereich verboten.",
        "sourceIds": [
          "zh-angelfischerei-auszug-2026",
          "osm-waterway-mouths"
        ]
      },
      "geometry": {
        "type": "Polygon",
        "coordinates": [
          [
            [
              8.5542054,
              47.3526956
            ],
            [
              8.5542003,
              47.3527744
            ],
            [
              8.5541852,
              47.3528527
            ],
            [
              8.5541602,
              47.3529297
            ],
            [
              8.5541254,
              47.353005
            ],
            [
              8.5540811,
              47.3530779
            ],
            [
              8.5540277,
              47.3531479
            ],
            [
              8.5539656,
              47.3532145
            ],
            [
              8.5538951,
              47.3532771
            ],
            [
              8.553817,
              47.3533353
            ],
            [
              8.5537317,
              47.3533886
            ],
            [
              8.5536399,
              47.3534366
            ],
            [
              8.5535424,
              47.353479
            ],
            [
              8.5534398,
              47.3535155
            ],
            [
              8.5533329,
              47.3535457
            ],
            [
              8.5532226,
              47.3535694
            ],
            [
              8.5531096,
              47.3535865
            ],
            [
              8.552995,
              47.3535968
            ],
            [
              8.5528794,
              47.3536002
            ],
            [
              8.5527638,
              47.3535968
            ],
            [
              8.5526492,
              47.3535865
            ],
            [
              8.5525362,
              47.3535694
            ],
            [
              8.5524259,
              47.3535457
            ],
            [
              8.552319,
              47.3535155
            ],
            [
              8.5522164,
              47.353479
            ],
            [
              8.5521189,
              47.3534366
            ],
            [
              8.5520271,
              47.3533886
            ],
            [
              8.5519418,
              47.3533353
            ],
            [
              8.5518637,
              47.3532771
            ],
            [
              8.5517932,
              47.3532145
            ],
            [
              8.5517311,
              47.3531479
            ],
            [
              8.5516777,
              47.3530779
            ],
            [
              8.5516334,
              47.353005
            ],
            [
              8.5515986,
              47.3529297
            ],
            [
              8.5515736,
              47.3528527
            ],
            [
              8.5515585,
              47.3527744
            ],
            [
              8.5515534,
              47.3526956
            ],
            [
              8.5515585,
              47.3526168
            ],
            [
              8.5515736,
              47.3525385
            ],
            [
              8.5515986,
              47.3524615
            ],
            [
              8.5516334,
              47.3523862
            ],
            [
              8.5516777,
              47.3523133
            ],
            [
              8.5517311,
              47.3522433
            ],
            [
              8.5517932,
              47.3521767
            ],
            [
              8.5518637,
              47.3521141
            ],
            [
              8.5519418,
              47.3520559
            ],
            [
              8.5520271,
              47.3520026
            ],
            [
              8.5521189,
              47.3519546
            ],
            [
              8.5522164,
              47.3519122
            ],
            [
              8.552319,
              47.3518757
            ],
            [
              8.5524259,
              47.3518455
            ],
            [
              8.5525362,
              47.3518218
            ],
            [
              8.5526492,
              47.3518047
            ],
            [
              8.5527638,
              47.3517944
            ],
            [
              8.5528794,
              47.351791
            ],
            [
              8.552995,
              47.3517944
            ],
            [
              8.5531096,
              47.3518047
            ],
            [
              8.5532226,
              47.3518218
            ],
            [
              8.5533329,
              47.3518455
            ],
            [
              8.5534398,
              47.3518757
            ],
            [
              8.5535424,
              47.3519122
            ],
            [
              8.5536399,
              47.3519546
            ],
            [
              8.5537317,
              47.3520026
            ],
            [
              8.553817,
              47.3520559
            ],
            [
              8.5538951,
              47.3521141
            ],
            [
              8.5539656,
              47.3521767
            ],
            [
              8.5540277,
              47.3522433
            ],
            [
              8.5540811,
              47.3523133
            ],
            [
              8.5541254,
              47.3523862
            ],
            [
              8.5541602,
              47.3524615
            ],
            [
              8.5541852,
              47.3525385
            ],
            [
              8.5542003,
              47.3526168
            ],
            [
              8.5542054,
              47.3526956
            ]
          ]
        ]
      }
    },
    {
      "type": "Feature",
      "properties": {
        "id": "zuerichsee-bachmuendung-dorfbach-kuesnacht",
        "lakeId": "zuerichsee",
        "name": "Dorfbach Küsnacht Bachmündung",
        "zone": "100-m-Radius Bachmündung",
        "period": "16. November bis 31. Januar",
        "rule": "Jegliche Angel- und Berufsfischerei im Radius von 100 m um den Mündungsbereich verboten.",
        "sourceIds": [
          "zh-angelfischerei-auszug-2026",
          "osm-waterway-mouths"
        ]
      },
      "geometry": {
        "type": "Polygon",
        "coordinates": [
          [
            [
              8.5778929,
              47.3174777
            ],
            [
              8.5778878,
              47.3175565
            ],
            [
              8.5778727,
              47.3176348
            ],
            [
              8.5778477,
              47.3177118
            ],
            [
              8.577813,
              47.3177871
            ],
            [
              8.5777687,
              47.31786
            ],
            [
              8.5777153,
              47.31793
            ],
            [
              8.5776532,
              47.3179966
            ],
            [
              8.5775829,
              47.3180592
            ],
            [
              8.5775048,
              47.3181174
            ],
            [
              8.5774195,
              47.3181707
            ],
            [
              8.5773278,
              47.3182187
            ],
            [
              8.5772303,
              47.3182611
            ],
            [
              8.5771278,
              47.3182976
            ],
            [
              8.577021,
              47.3183278
            ],
            [
              8.5769108,
              47.3183515
            ],
            [
              8.5767979,
              47.3183686
            ],
            [
              8.5766833,
              47.3183789
            ],
            [
              8.5765678,
              47.3183823
            ],
            [
              8.5764523,
              47.3183789
            ],
            [
              8.5763377,
              47.3183686
            ],
            [
              8.5762248,
              47.3183515
            ],
            [
              8.5761146,
              47.3183278
            ],
            [
              8.5760078,
              47.3182976
            ],
            [
              8.5759053,
              47.3182611
            ],
            [
              8.5758078,
              47.3182187
            ],
            [
              8.5757161,
              47.3181707
            ],
            [
              8.5756308,
              47.3181174
            ],
            [
              8.5755527,
              47.3180592
            ],
            [
              8.5754824,
              47.3179966
            ],
            [
              8.5754203,
              47.31793
            ],
            [
              8.5753669,
              47.31786
            ],
            [
              8.5753226,
              47.3177871
            ],
            [
              8.5752879,
              47.3177118
            ],
            [
              8.5752629,
              47.3176348
            ],
            [
              8.5752478,
              47.3175565
            ],
            [
              8.5752427,
              47.3174777
            ],
            [
              8.5752478,
              47.3173989
            ],
            [
              8.5752629,
              47.3173206
            ],
            [
              8.5752879,
              47.3172436
            ],
            [
              8.5753226,
              47.3171683
            ],
            [
              8.5753669,
              47.3170954
            ],
            [
              8.5754203,
              47.3170254
            ],
            [
              8.5754824,
              47.3169588
            ],
            [
              8.5755527,
              47.3168962
            ],
            [
              8.5756308,
              47.316838
            ],
            [
              8.5757161,
              47.3167847
            ],
            [
              8.5758078,
              47.3167367
            ],
            [
              8.5759053,
              47.3166943
            ],
            [
              8.5760078,
              47.3166578
            ],
            [
              8.5761146,
              47.3166276
            ],
            [
              8.5762248,
              47.3166039
            ],
            [
              8.5763377,
              47.3165868
            ],
            [
              8.5764523,
              47.3165765
            ],
            [
              8.5765678,
              47.3165731
            ],
            [
              8.5766833,
              47.3165765
            ],
            [
              8.5767979,
              47.3165868
            ],
            [
              8.5769108,
              47.3166039
            ],
            [
              8.577021,
              47.3166276
            ],
            [
              8.5771278,
              47.3166578
            ],
            [
              8.5772303,
              47.3166943
            ],
            [
              8.5773278,
              47.3167367
            ],
            [
              8.5774195,
              47.3167847
            ],
            [
              8.5775048,
              47.316838
            ],
            [
              8.5775829,
              47.3168962
            ],
            [
              8.5776532,
              47.3169588
            ],
            [
              8.5777153,
              47.3170254
            ],
            [
              8.5777687,
              47.3170954
            ],
            [
              8.577813,
              47.3171683
            ],
            [
              8.5778477,
              47.3172436
            ],
            [
              8.5778727,
              47.3173206
            ],
            [
              8.5778878,
              47.3173989
            ],
            [
              8.5778929,
              47.3174777
            ]
          ]
        ]
      }
    },
    {
      "type": "Feature",
      "properties": {
        "id": "zuerichsee-bachmuendung-dorfbach-erlenbach",
        "lakeId": "zuerichsee",
        "name": "Dorfbach Erlenbach Bachmündung",
        "zone": "100-m-Radius Bachmündung",
        "period": "16. November bis 31. Januar",
        "rule": "Jegliche Angel- und Berufsfischerei im Radius von 100 m um den Mündungsbereich verboten.",
        "sourceIds": [
          "zh-angelfischerei-auszug-2026",
          "osm-waterway-mouths"
        ]
      },
      "geometry": {
        "type": "Polygon",
        "coordinates": [
          [
            [
              8.5909375,
              47.3028102
            ],
            [
              8.5909325,
              47.302889
            ],
            [
              8.5909174,
              47.3029673
            ],
            [
              8.5908924,
              47.3030443
            ],
            [
              8.5908576,
              47.3031196
            ],
            [
              8.5908134,
              47.3031925
            ],
            [
              8.59076,
              47.3032625
            ],
            [
              8.5906979,
              47.3033291
            ],
            [
              8.5906276,
              47.3033917
            ],
            [
              8.5905495,
              47.3034499
            ],
            [
              8.5904643,
              47.3035032
            ],
            [
              8.5903726,
              47.3035512
            ],
            [
              8.5902752,
              47.3035936
            ],
            [
              8.5901726,
              47.3036301
            ],
            [
              8.5900659,
              47.3036603
            ],
            [
              8.5899557,
              47.303684
            ],
            [
              8.5898428,
              47.3037011
            ],
            [
              8.5897283,
              47.3037114
            ],
            [
              8.5896128,
              47.3037148
            ],
            [
              8.5894973,
              47.3037114
            ],
            [
              8.5893828,
              47.3037011
            ],
            [
              8.5892699,
              47.303684
            ],
            [
              8.5891597,
              47.3036603
            ],
            [
              8.589053,
              47.3036301
            ],
            [
              8.5889504,
              47.3035936
            ],
            [
              8.588853,
              47.3035512
            ],
            [
              8.5887613,
              47.3035032
            ],
            [
              8.5886761,
              47.3034499
            ],
            [
              8.588598,
              47.3033917
            ],
            [
              8.5885277,
              47.3033291
            ],
            [
              8.5884656,
              47.3032625
            ],
            [
              8.5884122,
              47.3031925
            ],
            [
              8.588368,
              47.3031196
            ],
            [
              8.5883332,
              47.3030443
            ],
            [
              8.5883082,
              47.3029673
            ],
            [
              8.5882931,
              47.302889
            ],
            [
              8.5882881,
              47.3028102
            ],
            [
              8.5882931,
              47.3027314
            ],
            [
              8.5883082,
              47.3026531
            ],
            [
              8.5883332,
              47.3025761
            ],
            [
              8.588368,
              47.3025008
            ],
            [
              8.5884122,
              47.3024279
            ],
            [
              8.5884656,
              47.3023579
            ],
            [
              8.5885277,
              47.3022913
            ],
            [
              8.588598,
              47.3022287
            ],
            [
              8.5886761,
              47.3021705
            ],
            [
              8.5887613,
              47.3021172
            ],
            [
              8.588853,
              47.3020692
            ],
            [
              8.5889504,
              47.3020268
            ],
            [
              8.589053,
              47.3019903
            ],
            [
              8.5891597,
              47.3019601
            ],
            [
              8.5892699,
              47.3019364
            ],
            [
              8.5893828,
              47.3019193
            ],
            [
              8.5894973,
              47.301909
            ],
            [
              8.5896128,
              47.3019056
            ],
            [
              8.5897283,
              47.301909
            ],
            [
              8.5898428,
              47.3019193
            ],
            [
              8.5899557,
              47.3019364
            ],
            [
              8.5900659,
              47.3019601
            ],
            [
              8.5901726,
              47.3019903
            ],
            [
              8.5902752,
              47.3020268
            ],
            [
              8.5903726,
              47.3020692
            ],
            [
              8.5904643,
              47.3021172
            ],
            [
              8.5905495,
              47.3021705
            ],
            [
              8.5906276,
              47.3022287
            ],
            [
              8.5906979,
              47.3022913
            ],
            [
              8.59076,
              47.3023579
            ],
            [
              8.5908134,
              47.3024279
            ],
            [
              8.5908576,
              47.3025008
            ],
            [
              8.5908924,
              47.3025761
            ],
            [
              8.5909174,
              47.3026531
            ],
            [
              8.5909325,
              47.3027314
            ],
            [
              8.5909375,
              47.3028102
            ]
          ]
        ]
      }
    },
    {
      "type": "Feature",
      "properties": {
        "id": "zuerichsee-bachmuendung-dorfbach-meilen",
        "lakeId": "zuerichsee",
        "name": "Dorfbach Meilen Bachmündung",
        "zone": "100-m-Radius Bachmündung",
        "period": "16. November bis 31. Januar",
        "rule": "Jegliche Angel- und Berufsfischerei im Radius von 100 m um den Mündungsbereich verboten.",
        "sourceIds": [
          "zh-angelfischerei-auszug-2026",
          "osm-waterway-mouths"
        ]
      },
      "geometry": {
        "type": "Polygon",
        "coordinates": [
          [
            [
              8.6400116,
              47.2678552
            ],
            [
              8.6400066,
              47.267934
            ],
            [
              8.6399915,
              47.2680123
            ],
            [
              8.6399665,
              47.2680893
            ],
            [
              8.6399318,
              47.2681646
            ],
            [
              8.6398876,
              47.2682375
            ],
            [
              8.6398343,
              47.2683075
            ],
            [
              8.6397722,
              47.2683741
            ],
            [
              8.6397019,
              47.2684367
            ],
            [
              8.6396239,
              47.2684949
            ],
            [
              8.6395387,
              47.2685482
            ],
            [
              8.6394471,
              47.2685962
            ],
            [
              8.6393497,
              47.2686386
            ],
            [
              8.6392473,
              47.2686751
            ],
            [
              8.6391406,
              47.2687053
            ],
            [
              8.6390304,
              47.268729
            ],
            [
              8.6389177,
              47.2687461
            ],
            [
              8.6388032,
              47.2687564
            ],
            [
              8.6386878,
              47.2687598
            ],
            [
              8.6385724,
              47.2687564
            ],
            [
              8.6384579,
              47.2687461
            ],
            [
              8.6383452,
              47.268729
            ],
            [
              8.638235,
              47.2687053
            ],
            [
              8.6381283,
              47.2686751
            ],
            [
              8.6380259,
              47.2686386
            ],
            [
              8.6379285,
              47.2685962
            ],
            [
              8.6378369,
              47.2685482
            ],
            [
              8.6377517,
              47.2684949
            ],
            [
              8.6376737,
              47.2684367
            ],
            [
              8.6376034,
              47.2683741
            ],
            [
              8.6375413,
              47.2683075
            ],
            [
              8.637488,
              47.2682375
            ],
            [
              8.6374438,
              47.2681646
            ],
            [
              8.6374091,
              47.2680893
            ],
            [
              8.6373841,
              47.2680123
            ],
            [
              8.637369,
              47.267934
            ],
            [
              8.637364,
              47.2678552
            ],
            [
              8.637369,
              47.2677764
            ],
            [
              8.6373841,
              47.2676981
            ],
            [
              8.6374091,
              47.2676211
            ],
            [
              8.6374438,
              47.2675458
            ],
            [
              8.637488,
              47.2674729
            ],
            [
              8.6375413,
              47.2674029
            ],
            [
              8.6376034,
              47.2673363
            ],
            [
              8.6376737,
              47.2672737
            ],
            [
              8.6377517,
              47.2672155
            ],
            [
              8.6378369,
              47.2671622
            ],
            [
              8.6379285,
              47.2671142
            ],
            [
              8.6380259,
              47.2670718
            ],
            [
              8.6381283,
              47.2670353
            ],
            [
              8.638235,
              47.2670051
            ],
            [
              8.6383452,
              47.2669814
            ],
            [
              8.6384579,
              47.2669643
            ],
            [
              8.6385724,
              47.266954
            ],
            [
              8.6386878,
              47.2669506
            ],
            [
              8.6388032,
              47.266954
            ],
            [
              8.6389177,
              47.2669643
            ],
            [
              8.6390304,
              47.2669814
            ],
            [
              8.6391406,
              47.2670051
            ],
            [
              8.6392473,
              47.2670353
            ],
            [
              8.6393497,
              47.2670718
            ],
            [
              8.6394471,
              47.2671142
            ],
            [
              8.6395387,
              47.2671622
            ],
            [
              8.6396239,
              47.2672155
            ],
            [
              8.6397019,
              47.2672737
            ],
            [
              8.6397722,
              47.2673363
            ],
            [
              8.6398343,
              47.2674029
            ],
            [
              8.6398876,
              47.2674729
            ],
            [
              8.6399318,
              47.2675458
            ],
            [
              8.6399665,
              47.2676211
            ],
            [
              8.6399915,
              47.2676981
            ],
            [
              8.6400066,
              47.2677764
            ],
            [
              8.6400116,
              47.2678552
            ]
          ]
        ]
      }
    },
    {
      "type": "Feature",
      "properties": {
        "id": "zuerichsee-bachmuendung-aabach-horgen",
        "lakeId": "zuerichsee",
        "name": "Aabach Horgen Bachmündung",
        "zone": "100-m-Radius Bachmündung",
        "period": "16. November bis 31. Januar",
        "rule": "Jegliche Angel- und Berufsfischerei im Radius von 100 m um den Mündungsbereich verboten.",
        "sourceIds": [
          "zh-angelfischerei-auszug-2026",
          "osm-waterway-mouths"
        ]
      },
      "geometry": {
        "type": "Polygon",
        "coordinates": [
          [
            [
              8.6192833,
              47.2551862
            ],
            [
              8.6192783,
              47.255265
            ],
            [
              8.6192632,
              47.2553433
            ],
            [
              8.6192382,
              47.2554203
            ],
            [
              8.6192035,
              47.2554956
            ],
            [
              8.6191593,
              47.2555685
            ],
            [
              8.619106,
              47.2556385
            ],
            [
              8.619044,
              47.2557051
            ],
            [
              8.6189737,
              47.2557677
            ],
            [
              8.6188957,
              47.2558259
            ],
            [
              8.6188105,
              47.2558792
            ],
            [
              8.6187189,
              47.2559272
            ],
            [
              8.6186216,
              47.2559696
            ],
            [
              8.6185191,
              47.2560061
            ],
            [
              8.6184125,
              47.2560363
            ],
            [
              8.6183023,
              47.25606
            ],
            [
              8.6181896,
              47.2560771
            ],
            [
              8.6180752,
              47.2560874
            ],
            [
              8.6179598,
              47.2560908
            ],
            [
              8.6178444,
              47.2560874
            ],
            [
              8.61773,
              47.2560771
            ],
            [
              8.6176173,
              47.25606
            ],
            [
              8.6175071,
              47.2560363
            ],
            [
              8.6174005,
              47.2560061
            ],
            [
              8.617298,
              47.2559696
            ],
            [
              8.6172007,
              47.2559272
            ],
            [
              8.6171091,
              47.2558792
            ],
            [
              8.6170239,
              47.2558259
            ],
            [
              8.6169459,
              47.2557677
            ],
            [
              8.6168756,
              47.2557051
            ],
            [
              8.6168136,
              47.2556385
            ],
            [
              8.6167603,
              47.2555685
            ],
            [
              8.6167161,
              47.2554956
            ],
            [
              8.6166814,
              47.2554203
            ],
            [
              8.6166564,
              47.2553433
            ],
            [
              8.6166413,
              47.255265
            ],
            [
              8.6166363,
              47.2551862
            ],
            [
              8.6166413,
              47.2551074
            ],
            [
              8.6166564,
              47.2550291
            ],
            [
              8.6166814,
              47.2549521
            ],
            [
              8.6167161,
              47.2548768
            ],
            [
              8.6167603,
              47.2548039
            ],
            [
              8.6168136,
              47.2547339
            ],
            [
              8.6168756,
              47.2546673
            ],
            [
              8.6169459,
              47.2546047
            ],
            [
              8.6170239,
              47.2545465
            ],
            [
              8.6171091,
              47.2544932
            ],
            [
              8.6172007,
              47.2544452
            ],
            [
              8.617298,
              47.2544028
            ],
            [
              8.6174005,
              47.2543663
            ],
            [
              8.6175071,
              47.2543361
            ],
            [
              8.6176173,
              47.2543124
            ],
            [
              8.61773,
              47.2542953
            ],
            [
              8.6178444,
              47.254285
            ],
            [
              8.6179598,
              47.2542816
            ],
            [
              8.6180752,
              47.254285
            ],
            [
              8.6181896,
              47.2542953
            ],
            [
              8.6183023,
              47.2543124
            ],
            [
              8.6184125,
              47.2543361
            ],
            [
              8.6185191,
              47.2543663
            ],
            [
              8.6186216,
              47.2544028
            ],
            [
              8.6187189,
              47.2544452
            ],
            [
              8.6188105,
              47.2544932
            ],
            [
              8.6188957,
              47.2545465
            ],
            [
              8.6189737,
              47.2546047
            ],
            [
              8.619044,
              47.2546673
            ],
            [
              8.619106,
              47.2547339
            ],
            [
              8.6191593,
              47.2548039
            ],
            [
              8.6192035,
              47.2548768
            ],
            [
              8.6192382,
              47.2549521
            ],
            [
              8.6192632,
              47.2550291
            ],
            [
              8.6192783,
              47.2551074
            ],
            [
              8.6192833,
              47.2551862
            ]
          ]
        ]
      }
    },
    {
      "type": "Feature",
      "properties": {
        "id": "zuerichsee-bachmuendung-meilibach-horgen",
        "lakeId": "zuerichsee",
        "name": "Meilibach Horgen Bachmündung",
        "zone": "100-m-Radius Bachmündung",
        "period": "16. November bis 31. Januar",
        "rule": "Jegliche Angel- und Berufsfischerei im Radius von 100 m um den Mündungsbereich verboten.",
        "sourceIds": [
          "zh-angelfischerei-auszug-2026",
          "osm-waterway-mouths"
        ]
      },
      "geometry": {
        "type": "Polygon",
        "coordinates": [
          [
            [
              8.6289212,
              47.2513901
            ],
            [
              8.6289162,
              47.2514689
            ],
            [
              8.6289011,
              47.2515472
            ],
            [
              8.6288761,
              47.2516242
            ],
            [
              8.6288414,
              47.2516995
            ],
            [
              8.6287972,
              47.2517724
            ],
            [
              8.6287439,
              47.2518424
            ],
            [
              8.6286819,
              47.251909
            ],
            [
              8.6286116,
              47.2519716
            ],
            [
              8.6285336,
              47.2520298
            ],
            [
              8.6284485,
              47.2520831
            ],
            [
              8.6283569,
              47.2521311
            ],
            [
              8.6282595,
              47.2521735
            ],
            [
              8.6281571,
              47.25221
            ],
            [
              8.6280504,
              47.2522402
            ],
            [
              8.6279403,
              47.2522639
            ],
            [
              8.6278276,
              47.252281
            ],
            [
              8.6277131,
              47.2522913
            ],
            [
              8.6275978,
              47.2522947
            ],
            [
              8.6274825,
              47.2522913
            ],
            [
              8.627368,
              47.252281
            ],
            [
              8.6272553,
              47.2522639
            ],
            [
              8.6271452,
              47.2522402
            ],
            [
              8.6270385,
              47.25221
            ],
            [
              8.6269361,
              47.2521735
            ],
            [
              8.6268387,
              47.2521311
            ],
            [
              8.6267471,
              47.2520831
            ],
            [
              8.626662,
              47.2520298
            ],
            [
              8.626584,
              47.2519716
            ],
            [
              8.6265137,
              47.251909
            ],
            [
              8.6264517,
              47.2518424
            ],
            [
              8.6263984,
              47.2517724
            ],
            [
              8.6263542,
              47.2516995
            ],
            [
              8.6263195,
              47.2516242
            ],
            [
              8.6262945,
              47.2515472
            ],
            [
              8.6262794,
              47.2514689
            ],
            [
              8.6262744,
              47.2513901
            ],
            [
              8.6262794,
              47.2513113
            ],
            [
              8.6262945,
              47.251233
            ],
            [
              8.6263195,
              47.251156
            ],
            [
              8.6263542,
              47.2510807
            ],
            [
              8.6263984,
              47.2510078
            ],
            [
              8.6264517,
              47.2509378
            ],
            [
              8.6265137,
              47.2508712
            ],
            [
              8.626584,
              47.2508086
            ],
            [
              8.626662,
              47.2507504
            ],
            [
              8.6267471,
              47.2506971
            ],
            [
              8.6268387,
              47.2506491
            ],
            [
              8.6269361,
              47.2506067
            ],
            [
              8.6270385,
              47.2505702
            ],
            [
              8.6271452,
              47.25054
            ],
            [
              8.6272553,
              47.2505163
            ],
            [
              8.627368,
              47.2504992
            ],
            [
              8.6274825,
              47.2504889
            ],
            [
              8.6275978,
              47.2504855
            ],
            [
              8.6277131,
              47.2504889
            ],
            [
              8.6278276,
              47.2504992
            ],
            [
              8.6279403,
              47.2505163
            ],
            [
              8.6280504,
              47.25054
            ],
            [
              8.6281571,
              47.2505702
            ],
            [
              8.6282595,
              47.2506067
            ],
            [
              8.6283569,
              47.2506491
            ],
            [
              8.6284485,
              47.2506971
            ],
            [
              8.6285336,
              47.2507504
            ],
            [
              8.6286116,
              47.2508086
            ],
            [
              8.6286819,
              47.2508712
            ],
            [
              8.6287439,
              47.2509378
            ],
            [
              8.6287972,
              47.2510078
            ],
            [
              8.6288414,
              47.2510807
            ],
            [
              8.6288761,
              47.251156
            ],
            [
              8.6289011,
              47.251233
            ],
            [
              8.6289162,
              47.2513113
            ],
            [
              8.6289212,
              47.2513901
            ]
          ]
        ]
      }
    },
    {
      "type": "Feature",
      "properties": {
        "id": "zuerichsee-bachmuendung-feldbach-hombrechtikon",
        "lakeId": "zuerichsee",
        "name": "Feldbach Hombrechtikon Bachmündung",
        "zone": "100-m-Radius Bachmündung",
        "period": "16. November bis 31. Januar",
        "rule": "Jegliche Angel- und Berufsfischerei im Radius von 100 m um den Mündungsbereich verboten.",
        "sourceIds": [
          "zh-angelfischerei-auszug-2026",
          "osm-waterway-mouths"
        ]
      },
      "geometry": {
        "type": "Polygon",
        "coordinates": [
          [
            [
              8.7872348,
              47.2342621
            ],
            [
              8.7872298,
              47.2343409
            ],
            [
              8.7872147,
              47.2344192
            ],
            [
              8.7871897,
              47.2344962
            ],
            [
              8.787155,
              47.2345715
            ],
            [
              8.7871108,
              47.2346444
            ],
            [
              8.7870575,
              47.2347144
            ],
            [
              8.7869955,
              47.234781
            ],
            [
              8.7869253,
              47.2348436
            ],
            [
              8.7868473,
              47.2349018
            ],
            [
              8.7867622,
              47.2349551
            ],
            [
              8.7866706,
              47.2350031
            ],
            [
              8.7865733,
              47.2350455
            ],
            [
              8.7864709,
              47.235082
            ],
            [
              8.7863643,
              47.2351122
            ],
            [
              8.7862542,
              47.2351359
            ],
            [
              8.7861415,
              47.235153
            ],
            [
              8.7860271,
              47.2351633
            ],
            [
              8.7859118,
              47.2351667
            ],
            [
              8.7857965,
              47.2351633
            ],
            [
              8.7856821,
              47.235153
            ],
            [
              8.7855694,
              47.2351359
            ],
            [
              8.7854593,
              47.2351122
            ],
            [
              8.7853527,
              47.235082
            ],
            [
              8.7852503,
              47.2350455
            ],
            [
              8.785153,
              47.2350031
            ],
            [
              8.7850614,
              47.2349551
            ],
            [
              8.7849763,
              47.2349018
            ],
            [
              8.7848983,
              47.2348436
            ],
            [
              8.7848281,
              47.234781
            ],
            [
              8.7847661,
              47.2347144
            ],
            [
              8.7847128,
              47.2346444
            ],
            [
              8.7846686,
              47.2345715
            ],
            [
              8.7846339,
              47.2344962
            ],
            [
              8.7846089,
              47.2344192
            ],
            [
              8.7845938,
              47.2343409
            ],
            [
              8.7845888,
              47.2342621
            ],
            [
              8.7845938,
              47.2341833
            ],
            [
              8.7846089,
              47.234105
            ],
            [
              8.7846339,
              47.234028
            ],
            [
              8.7846686,
              47.2339527
            ],
            [
              8.7847128,
              47.2338798
            ],
            [
              8.7847661,
              47.2338098
            ],
            [
              8.7848281,
              47.2337432
            ],
            [
              8.7848983,
              47.2336806
            ],
            [
              8.7849763,
              47.2336224
            ],
            [
              8.7850614,
              47.2335691
            ],
            [
              8.785153,
              47.2335211
            ],
            [
              8.7852503,
              47.2334787
            ],
            [
              8.7853527,
              47.2334422
            ],
            [
              8.7854593,
              47.233412
            ],
            [
              8.7855694,
              47.2333883
            ],
            [
              8.7856821,
              47.2333712
            ],
            [
              8.7857965,
              47.2333609
            ],
            [
              8.7859118,
              47.2333575
            ],
            [
              8.7860271,
              47.2333609
            ],
            [
              8.7861415,
              47.2333712
            ],
            [
              8.7862542,
              47.2333883
            ],
            [
              8.7863643,
              47.233412
            ],
            [
              8.7864709,
              47.2334422
            ],
            [
              8.7865733,
              47.2334787
            ],
            [
              8.7866706,
              47.2335211
            ],
            [
              8.7867622,
              47.2335691
            ],
            [
              8.7868473,
              47.2336224
            ],
            [
              8.7869253,
              47.2336806
            ],
            [
              8.7869955,
              47.2337432
            ],
            [
              8.7870575,
              47.2338098
            ],
            [
              8.7871108,
              47.2338798
            ],
            [
              8.787155,
              47.2339527
            ],
            [
              8.7871897,
              47.234028
            ],
            [
              8.7872147,
              47.234105
            ],
            [
              8.7872298,
              47.2341833
            ],
            [
              8.7872348,
              47.2342621
            ]
          ]
        ]
      }
    },
    {
      "type": "Feature",
      "properties": {
        "id": "zuerichsee-bachmuendung-linthkanal",
        "lakeId": "zuerichsee",
        "name": "Linthkanal Bachmündung",
        "zone": "100-m-Radius Bachmündung",
        "period": "16. November bis 31. Januar",
        "rule": "Jegliche Angel- und Berufsfischerei im Radius von 100 m um den Mündungsbereich verboten.",
        "sourceIds": [
          "zh-angelfischerei-auszug-2026",
          "osm-waterway-mouths"
        ]
      },
      "geometry": {
        "type": "Polygon",
        "coordinates": [
          [
            [
              8.9427998,
              47.2181604
            ],
            [
              8.9427948,
              47.2182392
            ],
            [
              8.9427797,
              47.2183175
            ],
            [
              8.9427547,
              47.2183945
            ],
            [
              8.94272,
              47.2184698
            ],
            [
              8.9426759,
              47.2185427
            ],
            [
              8.9426226,
              47.2186127
            ],
            [
              8.9425606,
              47.2186793
            ],
            [
              8.9424904,
              47.2187419
            ],
            [
              8.9424124,
              47.2188001
            ],
            [
              8.9423273,
              47.2188534
            ],
            [
              8.9422358,
              47.2189014
            ],
            [
              8.9421385,
              47.2189438
            ],
            [
              8.9420361,
              47.2189803
            ],
            [
              8.9419296,
              47.2190105
            ],
            [
              8.9418195,
              47.2190342
            ],
            [
              8.9417069,
              47.2190513
            ],
            [
              8.9415925,
              47.2190616
            ],
            [
              8.9414772,
              47.219065
            ],
            [
              8.9413619,
              47.2190616
            ],
            [
              8.9412475,
              47.2190513
            ],
            [
              8.9411349,
              47.2190342
            ],
            [
              8.9410248,
              47.2190105
            ],
            [
              8.9409183,
              47.2189803
            ],
            [
              8.9408159,
              47.2189438
            ],
            [
              8.9407186,
              47.2189014
            ],
            [
              8.9406271,
              47.2188534
            ],
            [
              8.940542,
              47.2188001
            ],
            [
              8.940464,
              47.2187419
            ],
            [
              8.9403938,
              47.2186793
            ],
            [
              8.9403318,
              47.2186127
            ],
            [
              8.9402785,
              47.2185427
            ],
            [
              8.9402344,
              47.2184698
            ],
            [
              8.9401997,
              47.2183945
            ],
            [
              8.9401747,
              47.2183175
            ],
            [
              8.9401596,
              47.2182392
            ],
            [
              8.9401546,
              47.2181604
            ],
            [
              8.9401596,
              47.2180816
            ],
            [
              8.9401747,
              47.2180033
            ],
            [
              8.9401997,
              47.2179263
            ],
            [
              8.9402344,
              47.217851
            ],
            [
              8.9402785,
              47.2177781
            ],
            [
              8.9403318,
              47.2177081
            ],
            [
              8.9403938,
              47.2176415
            ],
            [
              8.940464,
              47.2175789
            ],
            [
              8.940542,
              47.2175207
            ],
            [
              8.9406271,
              47.2174674
            ],
            [
              8.9407186,
              47.2174194
            ],
            [
              8.9408159,
              47.217377
            ],
            [
              8.9409183,
              47.2173405
            ],
            [
              8.9410248,
              47.2173103
            ],
            [
              8.9411349,
              47.2172866
            ],
            [
              8.9412475,
              47.2172695
            ],
            [
              8.9413619,
              47.2172592
            ],
            [
              8.9414772,
              47.2172558
            ],
            [
              8.9415925,
              47.2172592
            ],
            [
              8.9417069,
              47.2172695
            ],
            [
              8.9418195,
              47.2172866
            ],
            [
              8.9419296,
              47.2173103
            ],
            [
              8.9420361,
              47.2173405
            ],
            [
              8.9421385,
              47.217377
            ],
            [
              8.9422358,
              47.2174194
            ],
            [
              8.9423273,
              47.2174674
            ],
            [
              8.9424124,
              47.2175207
            ],
            [
              8.9424904,
              47.2175789
            ],
            [
              8.9425606,
              47.2176415
            ],
            [
              8.9426226,
              47.2177081
            ],
            [
              8.9426759,
              47.2177781
            ],
            [
              8.94272,
              47.217851
            ],
            [
              8.9427547,
              47.2179263
            ],
            [
              8.9427797,
              47.2180033
            ],
            [
              8.9427948,
              47.2180816
            ],
            [
              8.9427998,
              47.2181604
            ]
          ]
        ]
      }
    },
    {
      "type": "Feature",
      "properties": {
        "id": "zuerichsee-bachmuendung-jona",
        "lakeId": "zuerichsee",
        "name": "Jona Bachmündung",
        "zone": "100-m-Radius Bachmündung",
        "period": "16. November bis 31. Januar",
        "rule": "Jegliche Angel- und Berufsfischerei im Radius von 100 m um den Mündungsbereich verboten.",
        "sourceIds": [
          "zh-angelfischerei-auszug-2026",
          "osm-waterway-mouths"
        ]
      },
      "geometry": {
        "type": "Polygon",
        "coordinates": [
          [
            [
              8.8452236,
              47.2155732
            ],
            [
              8.8452186,
              47.215652
            ],
            [
              8.8452035,
              47.2157303
            ],
            [
              8.8451786,
              47.2158073
            ],
            [
              8.8451439,
              47.2158826
            ],
            [
              8.8450997,
              47.2159555
            ],
            [
              8.8450464,
              47.2160255
            ],
            [
              8.8449844,
              47.2160921
            ],
            [
              8.8449142,
              47.2161547
            ],
            [
              8.8448363,
              47.2162129
            ],
            [
              8.8447512,
              47.2162662
            ],
            [
              8.8446597,
              47.2163142
            ],
            [
              8.8445624,
              47.2163566
            ],
            [
              8.84446,
              47.2163931
            ],
            [
              8.8443534,
              47.2164233
            ],
            [
              8.8442434,
              47.216447
            ],
            [
              8.8441308,
              47.2164641
            ],
            [
              8.8440164,
              47.2164744
            ],
            [
              8.8439011,
              47.2164778
            ],
            [
              8.8437858,
              47.2164744
            ],
            [
              8.8436714,
              47.2164641
            ],
            [
              8.8435588,
              47.216447
            ],
            [
              8.8434488,
              47.2164233
            ],
            [
              8.8433422,
              47.2163931
            ],
            [
              8.8432398,
              47.2163566
            ],
            [
              8.8431425,
              47.2163142
            ],
            [
              8.843051,
              47.2162662
            ],
            [
              8.8429659,
              47.2162129
            ],
            [
              8.842888,
              47.2161547
            ],
            [
              8.8428178,
              47.2160921
            ],
            [
              8.8427558,
              47.2160255
            ],
            [
              8.8427025,
              47.2159555
            ],
            [
              8.8426583,
              47.2158826
            ],
            [
              8.8426236,
              47.2158073
            ],
            [
              8.8425987,
              47.2157303
            ],
            [
              8.8425836,
              47.215652
            ],
            [
              8.8425786,
              47.2155732
            ],
            [
              8.8425836,
              47.2154944
            ],
            [
              8.8425987,
              47.2154161
            ],
            [
              8.8426236,
              47.2153391
            ],
            [
              8.8426583,
              47.2152638
            ],
            [
              8.8427025,
              47.2151909
            ],
            [
              8.8427558,
              47.2151209
            ],
            [
              8.8428178,
              47.2150543
            ],
            [
              8.842888,
              47.2149917
            ],
            [
              8.8429659,
              47.2149335
            ],
            [
              8.843051,
              47.2148802
            ],
            [
              8.8431425,
              47.2148322
            ],
            [
              8.8432398,
              47.2147898
            ],
            [
              8.8433422,
              47.2147533
            ],
            [
              8.8434488,
              47.2147231
            ],
            [
              8.8435588,
              47.2146994
            ],
            [
              8.8436714,
              47.2146823
            ],
            [
              8.8437858,
              47.214672
            ],
            [
              8.8439011,
              47.2146686
            ],
            [
              8.8440164,
              47.214672
            ],
            [
              8.8441308,
              47.2146823
            ],
            [
              8.8442434,
              47.2146994
            ],
            [
              8.8443534,
              47.2147231
            ],
            [
              8.84446,
              47.2147533
            ],
            [
              8.8445624,
              47.2147898
            ],
            [
              8.8446597,
              47.2148322
            ],
            [
              8.8447512,
              47.2148802
            ],
            [
              8.8448363,
              47.2149335
            ],
            [
              8.8449142,
              47.2149917
            ],
            [
              8.8449844,
              47.2150543
            ],
            [
              8.8450464,
              47.2151209
            ],
            [
              8.8450997,
              47.2151909
            ],
            [
              8.8451439,
              47.2152638
            ],
            [
              8.8451786,
              47.2153391
            ],
            [
              8.8452035,
              47.2154161
            ],
            [
              8.8452186,
              47.2154944
            ],
            [
              8.8452236,
              47.2155732
            ]
          ]
        ]
      }
    },
    {
      "type": "Feature",
      "properties": {
        "id": "zuerichsee-bachmuendung-wagnerbach",
        "lakeId": "zuerichsee",
        "name": "Wagnerbach Bachmündung",
        "zone": "100-m-Radius Bachmündung",
        "period": "16. November bis 31. Januar",
        "rule": "Jegliche Angel- und Berufsfischerei im Radius von 100 m um den Mündungsbereich verboten.",
        "sourceIds": [
          "zh-angelfischerei-auszug-2026",
          "osm-waterway-mouths"
        ]
      },
      "geometry": {
        "type": "Polygon",
        "coordinates": [
          [
            [
              8.8611988,
              47.2246149
            ],
            [
              8.8611938,
              47.2246937
            ],
            [
              8.8611788,
              47.224772
            ],
            [
              8.8611538,
              47.224849
            ],
            [
              8.8611191,
              47.2249243
            ],
            [
              8.8610749,
              47.2249972
            ],
            [
              8.8610216,
              47.2250672
            ],
            [
              8.8609596,
              47.2251338
            ],
            [
              8.8608894,
              47.2251964
            ],
            [
              8.8608114,
              47.2252546
            ],
            [
              8.8607263,
              47.2253079
            ],
            [
              8.8606348,
              47.2253559
            ],
            [
              8.8605375,
              47.2253983
            ],
            [
              8.8604351,
              47.2254348
            ],
            [
              8.8603285,
              47.225465
            ],
            [
              8.8602185,
              47.2254887
            ],
            [
              8.8601058,
              47.2255058
            ],
            [
              8.8599914,
              47.2255161
            ],
            [
              8.8598761,
              47.2255195
            ],
            [
              8.8597608,
              47.2255161
            ],
            [
              8.8596464,
              47.2255058
            ],
            [
              8.8595337,
              47.2254887
            ],
            [
              8.8594237,
              47.225465
            ],
            [
              8.8593171,
              47.2254348
            ],
            [
              8.8592147,
              47.2253983
            ],
            [
              8.8591174,
              47.2253559
            ],
            [
              8.8590259,
              47.2253079
            ],
            [
              8.8589408,
              47.2252546
            ],
            [
              8.8588628,
              47.2251964
            ],
            [
              8.8587926,
              47.2251338
            ],
            [
              8.8587306,
              47.2250672
            ],
            [
              8.8586773,
              47.2249972
            ],
            [
              8.8586331,
              47.2249243
            ],
            [
              8.8585984,
              47.224849
            ],
            [
              8.8585734,
              47.224772
            ],
            [
              8.8585584,
              47.2246937
            ],
            [
              8.8585534,
              47.2246149
            ],
            [
              8.8585584,
              47.2245361
            ],
            [
              8.8585734,
              47.2244578
            ],
            [
              8.8585984,
              47.2243808
            ],
            [
              8.8586331,
              47.2243055
            ],
            [
              8.8586773,
              47.2242326
            ],
            [
              8.8587306,
              47.2241626
            ],
            [
              8.8587926,
              47.224096
            ],
            [
              8.8588628,
              47.2240334
            ],
            [
              8.8589408,
              47.2239752
            ],
            [
              8.8590259,
              47.2239219
            ],
            [
              8.8591174,
              47.2238739
            ],
            [
              8.8592147,
              47.2238315
            ],
            [
              8.8593171,
              47.223795
            ],
            [
              8.8594237,
              47.2237648
            ],
            [
              8.8595337,
              47.2237411
            ],
            [
              8.8596464,
              47.223724
            ],
            [
              8.8597608,
              47.2237137
            ],
            [
              8.8598761,
              47.2237103
            ],
            [
              8.8599914,
              47.2237137
            ],
            [
              8.8601058,
              47.223724
            ],
            [
              8.8602185,
              47.2237411
            ],
            [
              8.8603285,
              47.2237648
            ],
            [
              8.8604351,
              47.223795
            ],
            [
              8.8605375,
              47.2238315
            ],
            [
              8.8606348,
              47.2238739
            ],
            [
              8.8607263,
              47.2239219
            ],
            [
              8.8608114,
              47.2239752
            ],
            [
              8.8608894,
              47.2240334
            ],
            [
              8.8609596,
              47.224096
            ],
            [
              8.8610216,
              47.2241626
            ],
            [
              8.8610749,
              47.2242326
            ],
            [
              8.8611191,
              47.2243055
            ],
            [
              8.8611538,
              47.2243808
            ],
            [
              8.8611788,
              47.2244578
            ],
            [
              8.8611938,
              47.2245361
            ],
            [
              8.8611988,
              47.2246149
            ]
          ]
        ]
      }
    },
    {
      "type": "Feature",
      "properties": {
        "id": "zuerichsee-bachmuendung-aabach-schmerikon",
        "lakeId": "zuerichsee",
        "name": "Aabach Schmerikon Bachmündung",
        "zone": "100-m-Radius Bachmündung",
        "period": "16. November bis 31. Januar",
        "rule": "Jegliche Angel- und Berufsfischerei im Radius von 100 m um den Mündungsbereich verboten.",
        "sourceIds": [
          "zh-angelfischerei-auszug-2026",
          "osm-waterway-mouths"
        ]
      },
      "geometry": {
        "type": "Polygon",
        "coordinates": [
          [
            [
              8.9408485,
              47.2211903
            ],
            [
              8.9408434,
              47.2212691
            ],
            [
              8.9408284,
              47.2213474
            ],
            [
              8.9408034,
              47.2214244
            ],
            [
              8.9407687,
              47.2214997
            ],
            [
              8.9407245,
              47.2215726
            ],
            [
              8.9406713,
              47.2216426
            ],
            [
              8.9406093,
              47.2217092
            ],
            [
              8.940539,
              47.2217718
            ],
            [
              8.9404611,
              47.22183
            ],
            [
              8.940376,
              47.2218833
            ],
            [
              8.9402844,
              47.2219313
            ],
            [
              8.9401871,
              47.2219737
            ],
            [
              8.9400848,
              47.2220102
            ],
            [
              8.9399782,
              47.2220404
            ],
            [
              8.9398681,
              47.2220641
            ],
            [
              8.9397555,
              47.2220812
            ],
            [
              8.9396411,
              47.2220915
            ],
            [
              8.9395258,
              47.2220949
            ],
            [
              8.9394105,
              47.2220915
            ],
            [
              8.9392961,
              47.2220812
            ],
            [
              8.9391835,
              47.2220641
            ],
            [
              8.9390734,
              47.2220404
            ],
            [
              8.9389668,
              47.2220102
            ],
            [
              8.9388645,
              47.2219737
            ],
            [
              8.9387672,
              47.2219313
            ],
            [
              8.9386756,
              47.2218833
            ],
            [
              8.9385905,
              47.22183
            ],
            [
              8.9385126,
              47.2217718
            ],
            [
              8.9384423,
              47.2217092
            ],
            [
              8.9383803,
              47.2216426
            ],
            [
              8.9383271,
              47.2215726
            ],
            [
              8.9382829,
              47.2214997
            ],
            [
              8.9382482,
              47.2214244
            ],
            [
              8.9382232,
              47.2213474
            ],
            [
              8.9382082,
              47.2212691
            ],
            [
              8.9382031,
              47.2211903
            ],
            [
              8.9382082,
              47.2211115
            ],
            [
              8.9382232,
              47.2210332
            ],
            [
              8.9382482,
              47.2209562
            ],
            [
              8.9382829,
              47.2208809
            ],
            [
              8.9383271,
              47.220808
            ],
            [
              8.9383803,
              47.220738
            ],
            [
              8.9384423,
              47.2206714
            ],
            [
              8.9385126,
              47.2206088
            ],
            [
              8.9385905,
              47.2205506
            ],
            [
              8.9386756,
              47.2204973
            ],
            [
              8.9387672,
              47.2204493
            ],
            [
              8.9388645,
              47.2204069
            ],
            [
              8.9389668,
              47.2203704
            ],
            [
              8.9390734,
              47.2203402
            ],
            [
              8.9391835,
              47.2203165
            ],
            [
              8.9392961,
              47.2202994
            ],
            [
              8.9394105,
              47.2202891
            ],
            [
              8.9395258,
              47.2202857
            ],
            [
              8.9396411,
              47.2202891
            ],
            [
              8.9397555,
              47.2202994
            ],
            [
              8.9398681,
              47.2203165
            ],
            [
              8.9399782,
              47.2203402
            ],
            [
              8.9400848,
              47.2203704
            ],
            [
              8.9401871,
              47.2204069
            ],
            [
              8.9402844,
              47.2204493
            ],
            [
              8.940376,
              47.2204973
            ],
            [
              8.9404611,
              47.2205506
            ],
            [
              8.940539,
              47.2206088
            ],
            [
              8.9406093,
              47.2206714
            ],
            [
              8.9406713,
              47.220738
            ],
            [
              8.9407245,
              47.220808
            ],
            [
              8.9407687,
              47.2208809
            ],
            [
              8.9408034,
              47.2209562
            ],
            [
              8.9408284,
              47.2210332
            ],
            [
              8.9408434,
              47.2211115
            ],
            [
              8.9408485,
              47.2211903
            ]
          ]
        ]
      }
    },
    {
      "type": "Feature",
      "properties": {
        "id": "zuerichsee-bachmuendung-spreitenbach",
        "lakeId": "zuerichsee",
        "name": "Spreitenbach Bachmündung",
        "zone": "100-m-Radius Bachmündung",
        "period": "16. November bis 31. Januar",
        "rule": "Jegliche Angel- und Berufsfischerei im Radius von 100 m um den Mündungsbereich verboten.",
        "sourceIds": [
          "zh-angelfischerei-auszug-2026",
          "osm-waterway-mouths"
        ]
      },
      "geometry": {
        "type": "Polygon",
        "coordinates": [
          [
            [
              8.8660778,
              47.1939442
            ],
            [
              8.8660728,
              47.194023
            ],
            [
              8.8660577,
              47.1941013
            ],
            [
              8.8660327,
              47.1941783
            ],
            [
              8.8659981,
              47.1942536
            ],
            [
              8.8659539,
              47.1943265
            ],
            [
              8.8659007,
              47.1943965
            ],
            [
              8.8658387,
              47.1944631
            ],
            [
              8.8657685,
              47.1945257
            ],
            [
              8.8656906,
              47.1945839
            ],
            [
              8.8656056,
              47.1946372
            ],
            [
              8.8655141,
              47.1946852
            ],
            [
              8.8654168,
              47.1947276
            ],
            [
              8.8653145,
              47.1947641
            ],
            [
              8.8652079,
              47.1947943
            ],
            [
              8.865098,
              47.194818
            ],
            [
              8.8649854,
              47.1948351
            ],
            [
              8.864871,
              47.1948454
            ],
            [
              8.8647558,
              47.1948488
            ],
            [
              8.8646406,
              47.1948454
            ],
            [
              8.8645262,
              47.1948351
            ],
            [
              8.8644136,
              47.194818
            ],
            [
              8.8643037,
              47.1947943
            ],
            [
              8.8641971,
              47.1947641
            ],
            [
              8.8640948,
              47.1947276
            ],
            [
              8.8639975,
              47.1946852
            ],
            [
              8.863906,
              47.1946372
            ],
            [
              8.863821,
              47.1945839
            ],
            [
              8.8637431,
              47.1945257
            ],
            [
              8.8636729,
              47.1944631
            ],
            [
              8.8636109,
              47.1943965
            ],
            [
              8.8635577,
              47.1943265
            ],
            [
              8.8635135,
              47.1942536
            ],
            [
              8.8634789,
              47.1941783
            ],
            [
              8.8634539,
              47.1941013
            ],
            [
              8.8634388,
              47.194023
            ],
            [
              8.8634338,
              47.1939442
            ],
            [
              8.8634388,
              47.1938654
            ],
            [
              8.8634539,
              47.1937871
            ],
            [
              8.8634789,
              47.1937101
            ],
            [
              8.8635135,
              47.1936348
            ],
            [
              8.8635577,
              47.1935619
            ],
            [
              8.8636109,
              47.1934919
            ],
            [
              8.8636729,
              47.1934253
            ],
            [
              8.8637431,
              47.1933627
            ],
            [
              8.863821,
              47.1933045
            ],
            [
              8.863906,
              47.1932512
            ],
            [
              8.8639975,
              47.1932032
            ],
            [
              8.8640948,
              47.1931608
            ],
            [
              8.8641971,
              47.1931243
            ],
            [
              8.8643037,
              47.1930941
            ],
            [
              8.8644136,
              47.1930704
            ],
            [
              8.8645262,
              47.1930533
            ],
            [
              8.8646406,
              47.193043
            ],
            [
              8.8647558,
              47.1930396
            ],
            [
              8.864871,
              47.193043
            ],
            [
              8.8649854,
              47.1930533
            ],
            [
              8.865098,
              47.1930704
            ],
            [
              8.8652079,
              47.1930941
            ],
            [
              8.8653145,
              47.1931243
            ],
            [
              8.8654168,
              47.1931608
            ],
            [
              8.8655141,
              47.1932032
            ],
            [
              8.8656056,
              47.1932512
            ],
            [
              8.8656906,
              47.1933045
            ],
            [
              8.8657685,
              47.1933627
            ],
            [
              8.8658387,
              47.1934253
            ],
            [
              8.8659007,
              47.1934919
            ],
            [
              8.8659539,
              47.1935619
            ],
            [
              8.8659981,
              47.1936348
            ],
            [
              8.8660327,
              47.1937101
            ],
            [
              8.8660577,
              47.1937871
            ],
            [
              8.8660728,
              47.1938654
            ],
            [
              8.8660778,
              47.1939442
            ]
          ]
        ]
      }
    },
    {
      "type": "Feature",
      "properties": {
        "id": "zuerichsee-bachmuendung-sarenbach",
        "lakeId": "zuerichsee",
        "name": "Sarenbach Bachmündung",
        "zone": "100-m-Radius Bachmündung",
        "period": "16. November bis 31. Januar",
        "rule": "Jegliche Angel- und Berufsfischerei im Radius von 100 m um den Mündungsbereich verboten.",
        "sourceIds": [
          "zh-angelfischerei-auszug-2026",
          "osm-waterway-mouths"
        ]
      },
      "geometry": {
        "type": "Polygon",
        "coordinates": [
          [
            [
              8.7659268,
              47.2039774
            ],
            [
              8.7659218,
              47.2040562
            ],
            [
              8.7659067,
              47.2041345
            ],
            [
              8.7658818,
              47.2042115
            ],
            [
              8.7658471,
              47.2042868
            ],
            [
              8.7658029,
              47.2043597
            ],
            [
              8.7657497,
              47.2044297
            ],
            [
              8.7656877,
              47.2044963
            ],
            [
              8.7656175,
              47.2045589
            ],
            [
              8.7655396,
              47.2046171
            ],
            [
              8.7654545,
              47.2046704
            ],
            [
              8.765363,
              47.2047184
            ],
            [
              8.7652657,
              47.2047608
            ],
            [
              8.7651634,
              47.2047973
            ],
            [
              8.7650568,
              47.2048275
            ],
            [
              8.7649468,
              47.2048512
            ],
            [
              8.7648342,
              47.2048683
            ],
            [
              8.7647198,
              47.2048786
            ],
            [
              8.7646046,
              47.204882
            ],
            [
              8.7644894,
              47.2048786
            ],
            [
              8.764375,
              47.2048683
            ],
            [
              8.7642624,
              47.2048512
            ],
            [
              8.7641524,
              47.2048275
            ],
            [
              8.7640458,
              47.2047973
            ],
            [
              8.7639435,
              47.2047608
            ],
            [
              8.7638462,
              47.2047184
            ],
            [
              8.7637547,
              47.2046704
            ],
            [
              8.7636696,
              47.2046171
            ],
            [
              8.7635917,
              47.2045589
            ],
            [
              8.7635215,
              47.2044963
            ],
            [
              8.7634595,
              47.2044297
            ],
            [
              8.7634063,
              47.2043597
            ],
            [
              8.7633621,
              47.2042868
            ],
            [
              8.7633274,
              47.2042115
            ],
            [
              8.7633025,
              47.2041345
            ],
            [
              8.7632874,
              47.2040562
            ],
            [
              8.7632824,
              47.2039774
            ],
            [
              8.7632874,
              47.2038986
            ],
            [
              8.7633025,
              47.2038203
            ],
            [
              8.7633274,
              47.2037433
            ],
            [
              8.7633621,
              47.203668
            ],
            [
              8.7634063,
              47.2035951
            ],
            [
              8.7634595,
              47.2035251
            ],
            [
              8.7635215,
              47.2034585
            ],
            [
              8.7635917,
              47.2033959
            ],
            [
              8.7636696,
              47.2033377
            ],
            [
              8.7637547,
              47.2032844
            ],
            [
              8.7638462,
              47.2032364
            ],
            [
              8.7639435,
              47.203194
            ],
            [
              8.7640458,
              47.2031575
            ],
            [
              8.7641524,
              47.2031273
            ],
            [
              8.7642624,
              47.2031036
            ],
            [
              8.764375,
              47.2030865
            ],
            [
              8.7644894,
              47.2030762
            ],
            [
              8.7646046,
              47.2030728
            ],
            [
              8.7647198,
              47.2030762
            ],
            [
              8.7648342,
              47.2030865
            ],
            [
              8.7649468,
              47.2031036
            ],
            [
              8.7650568,
              47.2031273
            ],
            [
              8.7651634,
              47.2031575
            ],
            [
              8.7652657,
              47.203194
            ],
            [
              8.765363,
              47.2032364
            ],
            [
              8.7654545,
              47.2032844
            ],
            [
              8.7655396,
              47.2033377
            ],
            [
              8.7656175,
              47.2033959
            ],
            [
              8.7656877,
              47.2034585
            ],
            [
              8.7657497,
              47.2035251
            ],
            [
              8.7658029,
              47.2035951
            ],
            [
              8.7658471,
              47.203668
            ],
            [
              8.7658818,
              47.2037433
            ],
            [
              8.7659067,
              47.2038203
            ],
            [
              8.7659218,
              47.2038986
            ],
            [
              8.7659268,
              47.2039774
            ]
          ]
        ]
      }
    },
    {
      "type": "Feature",
      "properties": {
        "id": "pfaeffikersee-seeschutzzone-va-4522",
        "lakeId": "pfaeffikersee",
        "name": "Ganzjährige Seeschutzzone Pfäffikon",
        "zone": "Seeschutzzone VA",
        "period": "ganzjährig",
        "rule": "Fischen, Befahren mit Booten oder Schwimmkörpern und Schwimmen verboten.",
        "sourceIds": [
          "zh-pfaeffikersee-flyer",
          "zh-gis-schutzzonen"
        ]
      },
      "geometry": {
        "type": "Polygon",
        "coordinates": [
          [
            [
              8.787633,
              47.343638
            ],
            [
              8.787268,
              47.345427
            ],
            [
              8.791294,
              47.345934
            ],
            [
              8.791295,
              47.345935
            ],
            [
              8.791648,
              47.346317
            ],
            [
              8.79165,
              47.346318
            ],
            [
              8.791649,
              47.346318
            ],
            [
              8.789498,
              47.348963
            ],
            [
              8.786414,
              47.354964
            ],
            [
              8.786413,
              47.354965
            ],
            [
              8.786415,
              47.354966
            ],
            [
              8.787497,
              47.355559
            ],
            [
              8.787498,
              47.355559
            ],
            [
              8.787499,
              47.35556
            ],
            [
              8.787522,
              47.355532
            ],
            [
              8.787529,
              47.355521
            ],
            [
              8.787529,
              47.355521
            ],
            [
              8.787529,
              47.35552
            ],
            [
              8.787527,
              47.355503
            ],
            [
              8.787527,
              47.355503
            ],
            [
              8.787526,
              47.355502
            ],
            [
              8.787514,
              47.355486
            ],
            [
              8.787418,
              47.355374
            ],
            [
              8.787417,
              47.355373
            ],
            [
              8.787417,
              47.355372
            ],
            [
              8.787417,
              47.355372
            ],
            [
              8.787417,
              47.355371
            ],
            [
              8.78742,
              47.355347
            ],
            [
              8.787427,
              47.355336
            ],
            [
              8.787469,
              47.35522
            ],
            [
              8.78747,
              47.355219
            ],
            [
              8.787469,
              47.355219
            ],
            [
              8.787455,
              47.355178
            ],
            [
              8.787429,
              47.355125
            ],
            [
              8.787428,
              47.355125
            ],
            [
              8.787429,
              47.355124
            ],
            [
              8.787437,
              47.355067
            ],
            [
              8.787437,
              47.355066
            ],
            [
              8.787437,
              47.355065
            ],
            [
              8.787434,
              47.355013
            ],
            [
              8.787412,
              47.354966
            ],
            [
              8.78738,
              47.354921
            ],
            [
              8.787373,
              47.354877
            ],
            [
              8.787349,
              47.354835
            ],
            [
              8.787335,
              47.354805
            ],
            [
              8.787334,
              47.354805
            ],
            [
              8.787335,
              47.354803
            ],
            [
              8.787339,
              47.354775
            ],
            [
              8.787351,
              47.354751
            ],
            [
              8.787371,
              47.354706
            ],
            [
              8.787389,
              47.354631
            ],
            [
              8.787404,
              47.354566
            ],
            [
              8.787414,
              47.354544
            ],
            [
              8.78743,
              47.35451
            ],
            [
              8.787462,
              47.354457
            ],
            [
              8.787491,
              47.354409
            ],
            [
              8.787514,
              47.354369
            ],
            [
              8.78753,
              47.354338
            ],
            [
              8.787539,
              47.354309
            ],
            [
              8.787544,
              47.354268
            ],
            [
              8.787555,
              47.354161
            ],
            [
              8.787565,
              47.354083
            ],
            [
              8.787577,
              47.354056
            ],
            [
              8.787587,
              47.354038
            ],
            [
              8.787706,
              47.353879
            ],
            [
              8.787731,
              47.353848
            ],
            [
              8.787748,
              47.353823
            ],
            [
              8.787799,
              47.353732
            ],
            [
              8.78782,
              47.353712
            ],
            [
              8.787866,
              47.353676
            ],
            [
              8.788058,
              47.353533
            ],
            [
              8.788132,
              47.353483
            ],
            [
              8.788445,
              47.353299
            ],
            [
              8.788484,
              47.353278
            ],
            [
              8.788525,
              47.353259
            ],
            [
              8.788552,
              47.353246
            ],
            [
              8.788584,
              47.353234
            ],
            [
              8.788712,
              47.353193
            ],
            [
              8.78877,
              47.353175
            ],
            [
              8.78888,
              47.353142
            ],
            [
              8.789426,
              47.352971
            ],
            [
              8.789455,
              47.352958
            ],
            [
              8.78948,
              47.352945
            ],
            [
              8.789509,
              47.352924
            ],
            [
              8.789587,
              47.352858
            ],
            [
              8.789609,
              47.352844
            ],
            [
              8.789626,
              47.352839
            ],
            [
              8.789656,
              47.352833
            ],
            [
              8.789714,
              47.352825
            ],
            [
              8.78974,
              47.352818
            ],
            [
              8.789769,
              47.352803
            ],
            [
              8.789801,
              47.352785
            ],
            [
              8.789817,
              47.352771
            ],
            [
              8.789941,
              47.352606
            ],
            [
              8.789963,
              47.352578
            ],
            [
              8.790037,
              47.352496
            ],
            [
              8.790268,
              47.352269
            ],
            [
              8.790323,
              47.352247
            ],
            [
              8.790372,
              47.352221
            ],
            [
              8.790396,
              47.352182
            ],
            [
              8.790416,
              47.352143
            ],
            [
              8.790439,
              47.35212
            ],
            [
              8.790472,
              47.352105
            ],
            [
              8.790546,
              47.352088
            ],
            [
              8.790574,
              47.352073
            ],
            [
              8.790676,
              47.352014
            ],
            [
              8.790752,
              47.351957
            ],
            [
              8.790944,
              47.351745
            ],
            [
              8.790948,
              47.351727
            ],
            [
              8.790948,
              47.351725
            ],
            [
              8.790948,
              47.351725
            ],
            [
              8.79094,
              47.351713
            ],
            [
              8.790939,
              47.351712
            ],
            [
              8.790939,
              47.351711
            ],
            [
              8.790889,
              47.351684
            ],
            [
              8.790877,
              47.351669
            ],
            [
              8.790876,
              47.351668
            ],
            [
              8.790876,
              47.351667
            ],
            [
              8.790876,
              47.35165
            ],
            [
              8.790876,
              47.351648
            ],
            [
              8.790876,
              47.351648
            ],
            [
              8.790888,
              47.351631
            ],
            [
              8.790957,
              47.351616
            ],
            [
              8.790981,
              47.351602
            ],
            [
              8.790989,
              47.35158
            ],
            [
              8.790994,
              47.351457
            ],
            [
              8.791014,
              47.351426
            ],
            [
              8.791046,
              47.3514
            ],
            [
              8.791204,
              47.351309
            ],
            [
              8.791205,
              47.351309
            ],
            [
              8.791204,
              47.351307
            ],
            [
              8.791204,
              47.351278
            ],
            [
              8.791197,
              47.351172
            ],
            [
              8.791196,
              47.351123
            ],
            [
              8.791196,
              47.351122
            ],
            [
              8.791196,
              47.351122
            ],
            [
              8.791215,
              47.351074
            ],
            [
              8.791227,
              47.351038
            ],
            [
              8.791405,
              47.350949
            ],
            [
              8.791429,
              47.350926
            ],
            [
              8.791437,
              47.350904
            ],
            [
              8.79144,
              47.350877
            ],
            [
              8.79144,
              47.350876
            ],
            [
              8.79144,
              47.350875
            ],
            [
              8.791405,
              47.350792
            ],
            [
              8.791387,
              47.350748
            ],
            [
              8.791378,
              47.35072
            ],
            [
              8.791378,
              47.35072
            ],
            [
              8.791378,
              47.350719
            ],
            [
              8.791396,
              47.350616
            ],
            [
              8.791411,
              47.350549
            ],
            [
              8.791411,
              47.350549
            ],
            [
              8.791411,
              47.350548
            ],
            [
              8.79141,
              47.350511
            ],
            [
              8.79141,
              47.35051
            ],
            [
              8.79141,
              47.35051
            ],
            [
              8.791418,
              47.350479
            ],
            [
              8.791442,
              47.350454
            ],
            [
              8.791527,
              47.350408
            ],
            [
              8.791559,
              47.350369
            ],
            [
              8.791625,
              47.350208
            ],
            [
              8.791635,
              47.350161
            ],
            [
              8.791667,
              47.350113
            ],
            [
              8.791728,
              47.35007
            ],
            [
              8.791779,
              47.350005
            ],
            [
              8.791787,
              47.349964
            ],
            [
              8.791787,
              47.349963
            ],
            [
              8.791787,
              47.349963
            ],
            [
              8.791773,
              47.349913
            ],
            [
              8.791748,
              47.349869
            ],
            [
              8.791709,
              47.349811
            ],
            [
              8.7917,
              47.349783
            ],
            [
              8.7917,
              47.349783
            ],
            [
              8.7917,
              47.349782
            ],
            [
              8.791703,
              47.349745
            ],
            [
              8.791703,
              47.349744
            ],
            [
              8.791703,
              47.349743
            ],
            [
              8.791643,
              47.349601
            ],
            [
              8.791568,
              47.349409
            ],
            [
              8.791568,
              47.349409
            ],
            [
              8.791568,
              47.349407
            ],
            [
              8.791571,
              47.349376
            ],
            [
              8.791587,
              47.349345
            ],
            [
              8.791616,
              47.34925
            ],
            [
              8.791616,
              47.34925
            ],
            [
              8.791616,
              47.349248
            ],
            [
              8.791616,
              47.349217
            ],
            [
              8.791604,
              47.349195
            ],
            [
              8.791603,
              47.349194
            ],
            [
              8.791603,
              47.349193
            ],
            [
              8.791566,
              47.349154
            ],
            [
              8.791565,
              47.349153
            ],
            [
              8.791565,
              47.349153
            ],
            [
              8.791565,
              47.349153
            ],
            [
              8.791565,
              47.349151
            ],
            [
              8.791571,
              47.349107
            ],
            [
              8.791584,
              47.349078
            ],
            [
              8.791584,
              47.349077
            ],
            [
              8.791584,
              47.349076
            ],
            [
              8.791544,
              47.348961
            ],
            [
              8.791544,
              47.34896
            ],
            [
              8.791544,
              47.34896
            ],
            [
              8.79156,
              47.348935
            ],
            [
              8.791593,
              47.348929
            ],
            [
              8.791641,
              47.348934
            ],
            [
              8.791687,
              47.348939
            ],
            [
              8.791704,
              47.34895
            ],
            [
              8.791762,
              47.348986
            ],
            [
              8.791846,
              47.349041
            ],
            [
              8.79192,
              47.349073
            ],
            [
              8.791975,
              47.349087
            ],
            [
              8.792027,
              47.349091
            ],
            [
              8.792057,
              47.349094
            ],
            [
              8.792283,
              47.349091
            ],
            [
              8.792324,
              47.34908
            ],
            [
              8.792356,
              47.349068
            ],
            [
              8.792512,
              47.349027
            ],
            [
              8.792573,
              47.349007
            ],
            [
              8.792609,
              47.34899
            ],
            [
              8.792755,
              47.348915
            ],
            [
              8.792856,
              47.348847
            ],
            [
              8.792941,
              47.348776
            ],
            [
              8.793009,
              47.348711
            ],
            [
              8.793061,
              47.348655
            ],
            [
              8.793129,
              47.348573
            ],
            [
              8.793408,
              47.348251
            ],
            [
              8.793456,
              47.348175
            ],
            [
              8.793462,
              47.348097
            ],
            [
              8.793468,
              47.348008
            ],
            [
              8.793468,
              47.348007
            ],
            [
              8.793468,
              47.348007
            ],
            [
              8.793436,
              47.347774
            ],
            [
              8.793427,
              47.347735
            ],
            [
              8.793405,
              47.347685
            ],
            [
              8.793364,
              47.347616
            ],
            [
              8.793364,
              47.347616
            ],
            [
              8.793363,
              47.347614
            ],
            [
              8.793336,
              47.34758
            ],
            [
              8.793278,
              47.347517
            ],
            [
              8.793277,
              47.347516
            ],
            [
              8.793277,
              47.347516
            ],
            [
              8.79327,
              47.347479
            ],
            [
              8.793263,
              47.347445
            ],
            [
              8.793247,
              47.347408
            ],
            [
              8.79323,
              47.347363
            ],
            [
              8.79323,
              47.347363
            ],
            [
              8.79323,
              47.347362
            ],
            [
              8.793232,
              47.347315
            ],
            [
              8.793232,
              47.347314
            ],
            [
              8.793232,
              47.347313
            ],
            [
              8.79323,
              47.347285
            ],
            [
              8.793227,
              47.347272
            ],
            [
              8.793213,
              47.347243
            ],
            [
              8.793212,
              47.347242
            ],
            [
              8.793212,
              47.347241
            ],
            [
              8.793196,
              47.347231
            ],
            [
              8.793151,
              47.347214
            ],
            [
              8.793123,
              47.347204
            ],
            [
              8.793078,
              47.347169
            ],
            [
              8.793077,
              47.347169
            ],
            [
              8.793077,
              47.347168
            ],
            [
              8.793052,
              47.347129
            ],
            [
              8.793046,
              47.347084
            ],
            [
              8.793046,
              47.347083
            ],
            [
              8.793046,
              47.347082
            ],
            [
              8.793055,
              47.347024
            ],
            [
              8.793055,
              47.347023
            ],
            [
              8.793055,
              47.347022
            ],
            [
              8.79305,
              47.346997
            ],
            [
              8.79305,
              47.346996
            ],
            [
              8.793049,
              47.346996
            ],
            [
              8.79302,
              47.346978
            ],
            [
              8.79296,
              47.346962
            ],
            [
              8.792924,
              47.346946
            ],
            [
              8.792883,
              47.346917
            ],
            [
              8.792786,
              47.346793
            ],
            [
              8.792765,
              47.34678
            ],
            [
              8.792744,
              47.346774
            ],
            [
              8.792726,
              47.346767
            ],
            [
              8.792726,
              47.346767
            ],
            [
              8.792724,
              47.346765
            ],
            [
              8.792715,
              47.346751
            ],
            [
              8.79268,
              47.346647
            ],
            [
              8.792625,
              47.346453
            ],
            [
              8.792605,
              47.346384
            ],
            [
              8.792593,
              47.346327
            ],
            [
              8.792579,
              47.346278
            ],
            [
              8.792555,
              47.346215
            ],
            [
              8.792523,
              47.346147
            ],
            [
              8.792491,
              47.346093
            ],
            [
              8.792491,
              47.346092
            ],
            [
              8.79249,
              47.346091
            ],
            [
              8.792482,
              47.346083
            ],
            [
              8.792444,
              47.346046
            ],
            [
              8.792367,
              47.345987
            ],
            [
              8.792271,
              47.345918
            ],
            [
              8.792241,
              47.345891
            ],
            [
              8.792241,
              47.345891
            ],
            [
              8.79224,
              47.34589
            ],
            [
              8.792205,
              47.345828
            ],
            [
              8.792194,
              47.345807
            ],
            [
              8.792193,
              47.345806
            ],
            [
              8.792193,
              47.345806
            ],
            [
              8.792164,
              47.345784
            ],
            [
              8.792104,
              47.345765
            ],
            [
              8.791958,
              47.345746
            ],
            [
              8.791907,
              47.345726
            ],
            [
              8.791862,
              47.345698
            ],
            [
              8.791825,
              47.345659
            ],
            [
              8.791824,
              47.345658
            ],
            [
              8.791824,
              47.345657
            ],
            [
              8.791809,
              47.345622
            ],
            [
              8.791808,
              47.34562
            ],
            [
              8.791804,
              47.345611
            ],
            [
              8.791807,
              47.345588
            ],
            [
              8.791827,
              47.345555
            ],
            [
              8.791837,
              47.345528
            ],
            [
              8.791838,
              47.345507
            ],
            [
              8.791821,
              47.345472
            ],
            [
              8.791669,
              47.345331
            ],
            [
              8.791528,
              47.345286
            ],
            [
              8.791423,
              47.345241
            ],
            [
              8.791308,
              47.345193
            ],
            [
              8.791202,
              47.345144
            ],
            [
              8.791115,
              47.345091
            ],
            [
              8.79102,
              47.345025
            ],
            [
              8.790835,
              47.344865
            ],
            [
              8.790804,
              47.344843
            ],
            [
              8.790748,
              47.344829
            ],
            [
              8.79039,
              47.344817
            ],
            [
              8.790344,
              47.344794
            ],
            [
              8.790227,
              47.344782
            ],
            [
              8.790196,
              47.344769
            ],
            [
              8.79012,
              47.344701
            ],
            [
              8.790087,
              47.344689
            ],
            [
              8.790046,
              47.344684
            ],
            [
              8.790031,
              47.344673
            ],
            [
              8.790007,
              47.344652
            ],
            [
              8.789982,
              47.34464
            ],
            [
              8.789938,
              47.344636
            ],
            [
              8.789798,
              47.344628
            ],
            [
              8.789619,
              47.344625
            ],
            [
              8.789618,
              47.344625
            ],
            [
              8.789617,
              47.344625
            ],
            [
              8.789169,
              47.34464
            ],
            [
              8.789168,
              47.344641
            ],
            [
              8.789168,
              47.344641
            ],
            [
              8.789062,
              47.34464
            ],
            [
              8.788946,
              47.344635
            ],
            [
              8.788844,
              47.344628
            ],
            [
              8.788774,
              47.34462
            ],
            [
              8.788727,
              47.344612
            ],
            [
              8.788679,
              47.344602
            ],
            [
              8.78862,
              47.344587
            ],
            [
              8.788564,
              47.344572
            ],
            [
              8.788516,
              47.344553
            ],
            [
              8.788475,
              47.344532
            ],
            [
              8.788443,
              47.344509
            ],
            [
              8.788418,
              47.34449
            ],
            [
              8.788391,
              47.344457
            ],
            [
              8.788375,
              47.344437
            ],
            [
              8.788356,
              47.344407
            ],
            [
              8.78834,
              47.344374
            ],
            [
              8.788323,
              47.344328
            ],
            [
              8.788306,
              47.344278
            ],
            [
              8.788294,
              47.344218
            ],
            [
              8.788293,
              47.344174
            ],
            [
              8.788302,
              47.344139
            ],
            [
              8.788312,
              47.344113
            ],
            [
              8.788328,
              47.344087
            ],
            [
              8.788353,
              47.344056
            ],
            [
              8.788373,
              47.344039
            ],
            [
              8.788405,
              47.34402
            ],
            [
              8.788436,
              47.344003
            ],
            [
              8.78848,
              47.343988
            ],
            [
              8.788682,
              47.343938
            ],
            [
              8.788764,
              47.343921
            ],
            [
              8.788851,
              47.343906
            ],
            [
              8.788928,
              47.343894
            ],
            [
              8.788993,
              47.343886
            ],
            [
              8.789082,
              47.343875
            ],
            [
              8.789191,
              47.343872
            ],
            [
              8.789192,
              47.343872
            ],
            [
              8.789613,
              47.343867
            ],
            [
              8.789615,
              47.343867
            ],
            [
              8.789789,
              47.343862
            ],
            [
              8.789904,
              47.343852
            ],
            [
              8.790003,
              47.343842
            ],
            [
              8.790106,
              47.343828
            ],
            [
              8.790172,
              47.343815
            ],
            [
              8.790197,
              47.343807
            ],
            [
              8.79021,
              47.3438
            ],
            [
              8.790212,
              47.343776
            ],
            [
              8.790177,
              47.343714
            ],
            [
              8.79017,
              47.343692
            ],
            [
              8.79018,
              47.34367
            ],
            [
              8.790194,
              47.343656
            ],
            [
              8.79021,
              47.343647
            ],
            [
              8.790243,
              47.343638
            ],
            [
              8.790431,
              47.34361
            ],
            [
              8.790463,
              47.343605
            ],
            [
              8.790464,
              47.343605
            ],
            [
              8.790703,
              47.34357
            ],
            [
              8.79076,
              47.343556
            ],
            [
              8.790826,
              47.343538
            ],
            [
              8.790968,
              47.34349
            ],
            [
              8.791065,
              47.34346
            ],
            [
              8.791262,
              47.343401
            ],
            [
              8.791347,
              47.343376
            ],
            [
              8.791485,
              47.343337
            ],
            [
              8.791565,
              47.343314
            ],
            [
              8.791514,
              47.343287
            ],
            [
              8.791497,
              47.343278
            ],
            [
              8.791398,
              47.343306
            ],
            [
              8.791265,
              47.343344
            ],
            [
              8.791196,
              47.343362
            ],
            [
              8.791086,
              47.343388
            ],
            [
              8.791026,
              47.343403
            ],
            [
              8.790966,
              47.343414
            ],
            [
              8.790924,
              47.343417
            ],
            [
              8.790836,
              47.343418
            ],
            [
              8.790776,
              47.343414
            ],
            [
              8.79019,
              47.343572
            ],
            [
              8.789969,
              47.343605
            ],
            [
              8.789866,
              47.343601
            ],
            [
              8.789816,
              47.34359
            ],
            [
              8.789758,
              47.343571
            ],
            [
              8.789721,
              47.343555
            ],
            [
              8.789699,
              47.343507
            ],
            [
              8.789714,
              47.343474
            ],
            [
              8.787638,
              47.343635
            ],
            [
              8.787633,
              47.343635
            ],
            [
              8.787633,
              47.343638
            ]
          ]
        ]
      }
    },
    {
      "type": "Feature",
      "properties": {
        "id": "pfaeffikersee-seeschutzzone-va-4523",
        "lakeId": "pfaeffikersee",
        "name": "Ganzjährige Seeschutzzone Pfäffikon",
        "zone": "Seeschutzzone VA",
        "period": "ganzjährig",
        "rule": "Fischen, Befahren mit Booten oder Schwimmkörpern und Schwimmen verboten.",
        "sourceIds": [
          "zh-pfaeffikersee-flyer",
          "zh-gis-schutzzonen"
        ]
      },
      "geometry": {
        "type": "Polygon",
        "coordinates": [
          [
            [
              8.772276,
              47.360023
            ],
            [
              8.768813,
              47.359844
            ],
            [
              8.768774,
              47.359931
            ],
            [
              8.768763,
              47.359992
            ],
            [
              8.768777,
              47.360054
            ],
            [
              8.768812,
              47.360155
            ],
            [
              8.768862,
              47.36024
            ],
            [
              8.768923,
              47.360309
            ],
            [
              8.76933,
              47.360639
            ],
            [
              8.769657,
              47.3609
            ],
            [
              8.769732,
              47.360958
            ],
            [
              8.769754,
              47.360971
            ],
            [
              8.769813,
              47.360969
            ],
            [
              8.769877,
              47.360968
            ],
            [
              8.769922,
              47.360976
            ],
            [
              8.769953,
              47.360991
            ],
            [
              8.770018,
              47.36103
            ],
            [
              8.770079,
              47.361054
            ],
            [
              8.770144,
              47.361071
            ],
            [
              8.770183,
              47.361074
            ],
            [
              8.770253,
              47.36107
            ],
            [
              8.770305,
              47.361055
            ],
            [
              8.770347,
              47.361037
            ],
            [
              8.770383,
              47.361019
            ],
            [
              8.770429,
              47.361004
            ],
            [
              8.770479,
              47.360994
            ],
            [
              8.770533,
              47.360985
            ],
            [
              8.7706,
              47.360982
            ],
            [
              8.770818,
              47.361004
            ],
            [
              8.770842,
              47.361009
            ],
            [
              8.770873,
              47.361006
            ],
            [
              8.770893,
              47.360992
            ],
            [
              8.770922,
              47.360955
            ],
            [
              8.770942,
              47.36094
            ],
            [
              8.771034,
              47.360918
            ],
            [
              8.771094,
              47.360916
            ],
            [
              8.771181,
              47.360922
            ],
            [
              8.771202,
              47.360916
            ],
            [
              8.771238,
              47.360896
            ],
            [
              8.771308,
              47.360898
            ],
            [
              8.771365,
              47.360917
            ],
            [
              8.771396,
              47.360947
            ],
            [
              8.771411,
              47.360996
            ],
            [
              8.771408,
              47.361033
            ],
            [
              8.771379,
              47.361084
            ],
            [
              8.771336,
              47.361117
            ],
            [
              8.771279,
              47.361139
            ],
            [
              8.771256,
              47.361161
            ],
            [
              8.771257,
              47.361188
            ],
            [
              8.771271,
              47.361213
            ],
            [
              8.771304,
              47.361234
            ],
            [
              8.771374,
              47.361283
            ],
            [
              8.77138,
              47.361309
            ],
            [
              8.77131,
              47.361524
            ],
            [
              8.771291,
              47.361593
            ],
            [
              8.771283,
              47.361633
            ],
            [
              8.771285,
              47.361668
            ],
            [
              8.771286,
              47.361712
            ],
            [
              8.771304,
              47.361791
            ],
            [
              8.77132,
              47.361828
            ],
            [
              8.771348,
              47.361876
            ],
            [
              8.771381,
              47.361915
            ],
            [
              8.77142,
              47.361952
            ],
            [
              8.771457,
              47.361974
            ],
            [
              8.771514,
              47.361995
            ],
            [
              8.771599,
              47.362011
            ],
            [
              8.771701,
              47.362037
            ],
            [
              8.771774,
              47.362077
            ],
            [
              8.771873,
              47.362142
            ],
            [
              8.772042,
              47.362226
            ],
            [
              8.772092,
              47.362255
            ],
            [
              8.772152,
              47.36227
            ],
            [
              8.772275,
              47.362292
            ],
            [
              8.772361,
              47.362301
            ],
            [
              8.772445,
              47.362303
            ],
            [
              8.772528,
              47.362297
            ],
            [
              8.772628,
              47.362281
            ],
            [
              8.772842,
              47.362234
            ],
            [
              8.773009,
              47.362233
            ],
            [
              8.773096,
              47.362244
            ],
            [
              8.773169,
              47.36227
            ],
            [
              8.773236,
              47.362307
            ],
            [
              8.773268,
              47.362327
            ],
            [
              8.77328,
              47.362344
            ],
            [
              8.773278,
              47.362364
            ],
            [
              8.773265,
              47.362386
            ],
            [
              8.773261,
              47.36241
            ],
            [
              8.773267,
              47.36242
            ],
            [
              8.773284,
              47.362431
            ],
            [
              8.773318,
              47.362438
            ],
            [
              8.773452,
              47.362442
            ],
            [
              8.773494,
              47.362447
            ],
            [
              8.773543,
              47.362461
            ],
            [
              8.773634,
              47.362496
            ],
            [
              8.773716,
              47.362514
            ],
            [
              8.773739,
              47.362518
            ],
            [
              8.773754,
              47.362512
            ],
            [
              8.773762,
              47.362501
            ],
            [
              8.773765,
              47.362472
            ],
            [
              8.773775,
              47.362457
            ],
            [
              8.773791,
              47.362449
            ],
            [
              8.773811,
              47.362443
            ],
            [
              8.773869,
              47.362447
            ],
            [
              8.772276,
              47.360023
            ]
          ]
        ]
      }
    },
    {
      "type": "Feature",
      "properties": {
        "id": "pfaeffikersee-seeschutzzone-va-4524",
        "lakeId": "pfaeffikersee",
        "name": "Ganzjährige Seeschutzzone Seegräben",
        "zone": "Seeschutzzone VA",
        "period": "ganzjährig",
        "rule": "Fischen, Befahren mit Booten oder Schwimmkörpern und Schwimmen verboten.",
        "sourceIds": [
          "zh-pfaeffikersee-flyer",
          "zh-gis-schutzzonen"
        ]
      },
      "geometry": {
        "type": "Polygon",
        "coordinates": [
          [
            [
              8.778403,
              47.340556
            ],
            [
              8.778399,
              47.34055
            ],
            [
              8.778042,
              47.340576
            ],
            [
              8.777979,
              47.340585
            ],
            [
              8.777916,
              47.340597
            ],
            [
              8.777873,
              47.340612
            ],
            [
              8.777859,
              47.340624
            ],
            [
              8.777606,
              47.340552
            ],
            [
              8.777582,
              47.340548
            ],
            [
              8.777399,
              47.340545
            ],
            [
              8.777347,
              47.340537
            ],
            [
              8.777316,
              47.340519
            ],
            [
              8.777288,
              47.340476
            ],
            [
              8.777267,
              47.340455
            ],
            [
              8.777245,
              47.34044
            ],
            [
              8.777205,
              47.34043
            ],
            [
              8.77715,
              47.340428
            ],
            [
              8.777098,
              47.340424
            ],
            [
              8.777048,
              47.340428
            ],
            [
              8.777002,
              47.340435
            ],
            [
              8.776851,
              47.340543
            ],
            [
              8.776803,
              47.34055
            ],
            [
              8.776762,
              47.340561
            ],
            [
              8.776717,
              47.340577
            ],
            [
              8.776638,
              47.340606
            ],
            [
              8.776538,
              47.34056
            ],
            [
              8.776491,
              47.340601
            ],
            [
              8.776404,
              47.340658
            ],
            [
              8.77628,
              47.340723
            ],
            [
              8.776238,
              47.340728
            ],
            [
              8.776185,
              47.340756
            ],
            [
              8.776082,
              47.340825
            ],
            [
              8.775997,
              47.340826
            ],
            [
              8.775815,
              47.340958
            ],
            [
              8.775631,
              47.34111
            ],
            [
              8.775391,
              47.341299
            ],
            [
              8.775137,
              47.341528
            ],
            [
              8.77512,
              47.341546
            ],
            [
              8.775118,
              47.341561
            ],
            [
              8.775131,
              47.341569
            ],
            [
              8.775159,
              47.341584
            ],
            [
              8.775174,
              47.341603
            ],
            [
              8.775175,
              47.341631
            ],
            [
              8.775168,
              47.341677
            ],
            [
              8.775176,
              47.3417
            ],
            [
              8.775187,
              47.34171
            ],
            [
              8.7752,
              47.341735
            ],
            [
              8.775198,
              47.341738
            ],
            [
              8.775197,
              47.341759
            ],
            [
              8.775189,
              47.341779
            ],
            [
              8.775144,
              47.341816
            ],
            [
              8.775124,
              47.341843
            ],
            [
              8.777748,
              47.341568
            ],
            [
              8.778554,
              47.342397
            ],
            [
              8.778336,
              47.340597
            ],
            [
              8.778403,
              47.340557
            ],
            [
              8.778403,
              47.340556
            ]
          ]
        ]
      }
    },
    {
      "type": "Feature",
      "properties": {
        "id": "pfaeffikersee-seeschutzzone-va-4525",
        "lakeId": "pfaeffikersee",
        "name": "Ganzjährige Seeschutzzone Wetzikon",
        "zone": "Seeschutzzone VA",
        "period": "ganzjährig",
        "rule": "Fischen, Befahren mit Booten oder Schwimmkörpern und Schwimmen verboten.",
        "sourceIds": [
          "zh-pfaeffikersee-flyer",
          "zh-gis-schutzzonen"
        ]
      },
      "geometry": {
        "type": "Polygon",
        "coordinates": [
          [
            [
              8.778403,
              47.340557
            ],
            [
              8.778336,
              47.340597
            ],
            [
              8.778554,
              47.342397
            ],
            [
              8.778659,
              47.342506
            ],
            [
              8.778652,
              47.342507
            ],
            [
              8.778647,
              47.342508
            ],
            [
              8.780683,
              47.342504
            ],
            [
              8.78155,
              47.341275
            ],
            [
              8.781536,
              47.341277
            ],
            [
              8.781399,
              47.341263
            ],
            [
              8.781292,
              47.341265
            ],
            [
              8.781064,
              47.341288
            ],
            [
              8.780927,
              47.341265
            ],
            [
              8.780854,
              47.341265
            ],
            [
              8.780807,
              47.341268
            ],
            [
              8.780691,
              47.341298
            ],
            [
              8.780628,
              47.341307
            ],
            [
              8.780584,
              47.341299
            ],
            [
              8.780503,
              47.341279
            ],
            [
              8.780401,
              47.34127
            ],
            [
              8.780337,
              47.341269
            ],
            [
              8.780259,
              47.341283
            ],
            [
              8.780055,
              47.341357
            ],
            [
              8.779856,
              47.341467
            ],
            [
              8.779734,
              47.341534
            ],
            [
              8.779647,
              47.341575
            ],
            [
              8.779574,
              47.341603
            ],
            [
              8.779512,
              47.341625
            ],
            [
              8.779482,
              47.341626
            ],
            [
              8.779434,
              47.341617
            ],
            [
              8.779311,
              47.341558
            ],
            [
              8.779289,
              47.341552
            ],
            [
              8.779267,
              47.341554
            ],
            [
              8.779241,
              47.341567
            ],
            [
              8.77915,
              47.341635
            ],
            [
              8.779119,
              47.341647
            ],
            [
              8.77909,
              47.341647
            ],
            [
              8.779041,
              47.341638
            ],
            [
              8.779001,
              47.341624
            ],
            [
              8.778973,
              47.3416
            ],
            [
              8.778958,
              47.341568
            ],
            [
              8.778942,
              47.341525
            ],
            [
              8.778945,
              47.341489
            ],
            [
              8.778959,
              47.341452
            ],
            [
              8.779028,
              47.34134
            ],
            [
              8.779039,
              47.341307
            ],
            [
              8.779042,
              47.341271
            ],
            [
              8.779038,
              47.341244
            ],
            [
              8.779,
              47.341175
            ],
            [
              8.778776,
              47.340989
            ],
            [
              8.778733,
              47.340961
            ],
            [
              8.778657,
              47.340927
            ],
            [
              8.778562,
              47.340838
            ],
            [
              8.778512,
              47.340786
            ],
            [
              8.778423,
              47.34073
            ],
            [
              8.778415,
              47.340596
            ],
            [
              8.778413,
              47.340572
            ],
            [
              8.778403,
              47.340557
            ]
          ]
        ]
      }
    },
    {
      "type": "Feature",
      "properties": {
        "id": "pfaeffikersee-seeschutzzone-vb-4531",
        "lakeId": "pfaeffikersee",
        "name": "Sommerliche Seeschutzzone Pfäffikon",
        "zone": "Seeschutzzone VB",
        "period": "1. April bis 15. August",
        "rule": "Fischen, Befahren mit Booten oder Schwimmkörpern und Schwimmen verboten.",
        "sourceIds": [
          "zh-pfaeffikersee-flyer",
          "zh-gis-schutzzonen"
        ]
      },
      "geometry": {
        "type": "Polygon",
        "coordinates": [
          [
            [
              8.789498,
              47.348963
            ],
            [
              8.791649,
              47.346318
            ],
            [
              8.79165,
              47.346318
            ],
            [
              8.791648,
              47.346317
            ],
            [
              8.791295,
              47.345935
            ],
            [
              8.791294,
              47.345934
            ],
            [
              8.787268,
              47.345427
            ],
            [
              8.789124,
              47.348371
            ],
            [
              8.789498,
              47.348963
            ]
          ]
        ]
      }
    },
    {
      "type": "Feature",
      "properties": {
        "id": "pfaeffikersee-seeschutzzone-vb-4532",
        "lakeId": "pfaeffikersee",
        "name": "Sommerliche Seeschutzzone Pfäffikon",
        "zone": "Seeschutzzone VB",
        "period": "1. April bis 15. August",
        "rule": "Fischen, Befahren mit Booten oder Schwimmkörpern und Schwimmen verboten.",
        "sourceIds": [
          "zh-pfaeffikersee-flyer",
          "zh-gis-schutzzonen"
        ]
      },
      "geometry": {
        "type": "Polygon",
        "coordinates": [
          [
            [
              8.771753,
              47.356259
            ],
            [
              8.771733,
              47.3563
            ],
            [
              8.771702,
              47.35635
            ],
            [
              8.771616,
              47.356452
            ],
            [
              8.771537,
              47.356524
            ],
            [
              8.771442,
              47.356597
            ],
            [
              8.771327,
              47.356647
            ],
            [
              8.771162,
              47.356688
            ],
            [
              8.770897,
              47.356732
            ],
            [
              8.770556,
              47.356791
            ],
            [
              8.77021,
              47.356866
            ],
            [
              8.769678,
              47.35702
            ],
            [
              8.769305,
              47.357115
            ],
            [
              8.769157,
              47.357171
            ],
            [
              8.769049,
              47.357222
            ],
            [
              8.768906,
              47.357303
            ],
            [
              8.768795,
              47.357373
            ],
            [
              8.7687,
              47.357445
            ],
            [
              8.768637,
              47.357517
            ],
            [
              8.768234,
              47.358333
            ],
            [
              8.768177,
              47.358471
            ],
            [
              8.76817,
              47.358512
            ],
            [
              8.768171,
              47.358556
            ],
            [
              8.768193,
              47.358605
            ],
            [
              8.7682,
              47.358619
            ],
            [
              8.768251,
              47.358679
            ],
            [
              8.768321,
              47.358757
            ],
            [
              8.768412,
              47.358839
            ],
            [
              8.768543,
              47.358936
            ],
            [
              8.768651,
              47.359028
            ],
            [
              8.768733,
              47.359095
            ],
            [
              8.768816,
              47.359182
            ],
            [
              8.768867,
              47.359289
            ],
            [
              8.768894,
              47.359403
            ],
            [
              8.768895,
              47.359587
            ],
            [
              8.768878,
              47.359691
            ],
            [
              8.768843,
              47.359779
            ],
            [
              8.768813,
              47.359844
            ],
            [
              8.772276,
              47.360023
            ],
            [
              8.771753,
              47.356259
            ]
          ]
        ]
      }
    },
    {
      "type": "Feature",
      "properties": {
        "id": "pfaeffikersee-seeschutzzone-vb-4533",
        "lakeId": "pfaeffikersee",
        "name": "Sommerliche Seeschutzzone Seegräben",
        "zone": "Seeschutzzone VB",
        "period": "1. April bis 15. August",
        "rule": "Fischen, Befahren mit Booten oder Schwimmkörpern und Schwimmen verboten.",
        "sourceIds": [
          "zh-pfaeffikersee-flyer",
          "zh-gis-schutzzonen"
        ]
      },
      "geometry": {
        "type": "Polygon",
        "coordinates": [
          [
            [
              8.773775,
              47.347994
            ],
            [
              8.773718,
              47.348081
            ],
            [
              8.773649,
              47.348222
            ],
            [
              8.773558,
              47.348459
            ],
            [
              8.773549,
              47.348557
            ],
            [
              8.773559,
              47.348837
            ],
            [
              8.773574,
              47.348944
            ],
            [
              8.773614,
              47.349064
            ],
            [
              8.773762,
              47.349506
            ],
            [
              8.774117,
              47.34968
            ],
            [
              8.77422,
              47.349737
            ],
            [
              8.774266,
              47.349788
            ],
            [
              8.774295,
              47.349854
            ],
            [
              8.774317,
              47.349938
            ],
            [
              8.774306,
              47.349991
            ],
            [
              8.774287,
              47.350024
            ],
            [
              8.774236,
              47.350057
            ],
            [
              8.774156,
              47.350088
            ],
            [
              8.774064,
              47.350111
            ],
            [
              8.774047,
              47.350123
            ],
            [
              8.774046,
              47.350186
            ],
            [
              8.774018,
              47.350227
            ],
            [
              8.773971,
              47.350272
            ],
            [
              8.773895,
              47.350302
            ],
            [
              8.773867,
              47.350308
            ],
            [
              8.773839,
              47.350309
            ],
            [
              8.773806,
              47.350293
            ],
            [
              8.773746,
              47.350318
            ],
            [
              8.773634,
              47.350366
            ],
            [
              8.773483,
              47.350458
            ],
            [
              8.77327,
              47.350641
            ],
            [
              8.773105,
              47.350813
            ],
            [
              8.772999,
              47.350943
            ],
            [
              8.772883,
              47.351117
            ],
            [
              8.772748,
              47.351369
            ],
            [
              8.772621,
              47.351644
            ],
            [
              8.772497,
              47.35184
            ],
            [
              8.772269,
              47.352202
            ],
            [
              8.772151,
              47.35242
            ],
            [
              8.776279,
              47.350076
            ],
            [
              8.773775,
              47.347994
            ]
          ]
        ]
      }
    },
    {
      "type": "Feature",
      "properties": {
        "id": "pfaeffikersee-seeschutzzone-vc-4536",
        "lakeId": "pfaeffikersee",
        "name": "Winterliche Seeschutzzone Pfäffikon",
        "zone": "Seeschutzzone VC",
        "period": "20. November bis 31. März",
        "rule": "Fischen, Befahren mit Booten oder Schwimmkörpern und Schwimmen verboten.",
        "sourceIds": [
          "zh-pfaeffikersee-flyer",
          "zh-gis-schutzzonen"
        ]
      },
      "geometry": {
        "type": "Polygon",
        "coordinates": [
          [
            [
              8.787638,
              47.343635
            ],
            [
              8.789714,
              47.343474
            ],
            [
              8.789875,
              47.343463
            ],
            [
              8.790035,
              47.34345
            ],
            [
              8.79017,
              47.343432
            ],
            [
              8.790305,
              47.343408
            ],
            [
              8.790379,
              47.343391
            ],
            [
              8.790407,
              47.343385
            ],
            [
              8.790522,
              47.343358
            ],
            [
              8.79035,
              47.343175
            ],
            [
              8.790316,
              47.343158
            ],
            [
              8.790246,
              47.343122
            ],
            [
              8.790022,
              47.343056
            ],
            [
              8.789871,
              47.342996
            ],
            [
              8.789796,
              47.342959
            ],
            [
              8.789744,
              47.342909
            ],
            [
              8.789722,
              47.342854
            ],
            [
              8.789714,
              47.342814
            ],
            [
              8.78972,
              47.34279
            ],
            [
              8.789734,
              47.342747
            ],
            [
              8.789783,
              47.34263
            ],
            [
              8.789888,
              47.342531
            ],
            [
              8.789926,
              47.342514
            ],
            [
              8.78998,
              47.3425
            ],
            [
              8.790063,
              47.342463
            ],
            [
              8.790282,
              47.34255
            ],
            [
              8.790286,
              47.34255
            ],
            [
              8.790319,
              47.342552
            ],
            [
              8.79036,
              47.342547
            ],
            [
              8.790732,
              47.342475
            ],
            [
              8.790987,
              47.342419
            ],
            [
              8.790943,
              47.342299
            ],
            [
              8.790793,
              47.342099
            ],
            [
              8.789059,
              47.342745
            ],
            [
              8.787638,
              47.343635
            ]
          ]
        ]
      }
    },
    {
      "type": "Feature",
      "properties": {
        "id": "pfaeffikersee-seeschutzzone-vc-4537",
        "lakeId": "pfaeffikersee",
        "name": "Winterliche Seeschutzzone Pfäffikon",
        "zone": "Seeschutzzone VC",
        "period": "20. November bis 31. März",
        "rule": "Fischen, Befahren mit Booten oder Schwimmkörpern und Schwimmen verboten.",
        "sourceIds": [
          "zh-pfaeffikersee-flyer",
          "zh-gis-schutzzonen"
        ]
      },
      "geometry": {
        "type": "Polygon",
        "coordinates": [
          [
            [
              8.779332,
              47.348834
            ],
            [
              8.771749,
              47.353541
            ],
            [
              8.771755,
              47.35354
            ],
            [
              8.771738,
              47.353575
            ],
            [
              8.77172,
              47.3536
            ],
            [
              8.771701,
              47.353619
            ],
            [
              8.771673,
              47.353635
            ],
            [
              8.771519,
              47.353702
            ],
            [
              8.771481,
              47.353804
            ],
            [
              8.771495,
              47.353831
            ],
            [
              8.771514,
              47.353865
            ],
            [
              8.771511,
              47.353879
            ],
            [
              8.771492,
              47.353894
            ],
            [
              8.771476,
              47.353901
            ],
            [
              8.77146,
              47.353903
            ],
            [
              8.771313,
              47.353903
            ],
            [
              8.771246,
              47.353974
            ],
            [
              8.771197,
              47.354043
            ],
            [
              8.771135,
              47.354127
            ],
            [
              8.771089,
              47.354173
            ],
            [
              8.771071,
              47.354223
            ],
            [
              8.771043,
              47.354286
            ],
            [
              8.771007,
              47.354356
            ],
            [
              8.770998,
              47.354396
            ],
            [
              8.77096,
              47.354475
            ],
            [
              8.770945,
              47.354516
            ],
            [
              8.770943,
              47.354537
            ],
            [
              8.770975,
              47.354587
            ],
            [
              8.770998,
              47.354629
            ],
            [
              8.770997,
              47.354672
            ],
            [
              8.770996,
              47.35472
            ],
            [
              8.771021,
              47.354794
            ],
            [
              8.771043,
              47.354825
            ],
            [
              8.771065,
              47.354871
            ],
            [
              8.771059,
              47.354927
            ],
            [
              8.771057,
              47.354974
            ],
            [
              8.771073,
              47.355023
            ],
            [
              8.771103,
              47.355093
            ],
            [
              8.771108,
              47.355137
            ],
            [
              8.771102,
              47.355181
            ],
            [
              8.771117,
              47.355201
            ],
            [
              8.77114,
              47.355216
            ],
            [
              8.771164,
              47.355226
            ],
            [
              8.771217,
              47.355239
            ],
            [
              8.771268,
              47.355265
            ],
            [
              8.771301,
              47.355281
            ],
            [
              8.77133,
              47.35532
            ],
            [
              8.771351,
              47.355357
            ],
            [
              8.771356,
              47.355389
            ],
            [
              8.771352,
              47.355412
            ],
            [
              8.771347,
              47.355433
            ],
            [
              8.771346,
              47.355455
            ],
            [
              8.771364,
              47.355486
            ],
            [
              8.77142,
              47.355559
            ],
            [
              8.771643,
              47.355821
            ],
            [
              8.771676,
              47.355876
            ],
            [
              8.771714,
              47.355927
            ],
            [
              8.771744,
              47.355998
            ],
            [
              8.771766,
              47.356069
            ],
            [
              8.771771,
              47.356132
            ],
            [
              8.77177,
              47.356177
            ],
            [
              8.77177,
              47.356197
            ],
            [
              8.771757,
              47.356252
            ],
            [
              8.771753,
              47.356259
            ],
            [
              8.772276,
              47.360023
            ],
            [
              8.773869,
              47.362447
            ],
            [
              8.773904,
              47.362449
            ],
            [
              8.773989,
              47.36246
            ],
            [
              8.774047,
              47.362476
            ],
            [
              8.774099,
              47.362501
            ],
            [
              8.774117,
              47.362529
            ],
            [
              8.774118,
              47.362555
            ],
            [
              8.774107,
              47.362577
            ],
            [
              8.774093,
              47.3626
            ],
            [
              8.774092,
              47.362636
            ],
            [
              8.77413,
              47.362779
            ],
            [
              8.774141,
              47.362796
            ],
            [
              8.774139,
              47.362816
            ],
            [
              8.77411,
              47.362909
            ],
            [
              8.774113,
              47.362919
            ],
            [
              8.774159,
              47.362982
            ],
            [
              8.774206,
              47.363042
            ],
            [
              8.774261,
              47.36309
            ],
            [
              8.774294,
              47.363115
            ],
            [
              8.774329,
              47.363133
            ],
            [
              8.774359,
              47.363139
            ],
            [
              8.774392,
              47.363147
            ],
            [
              8.77441,
              47.363156
            ],
            [
              8.774433,
              47.363182
            ],
            [
              8.774462,
              47.363222
            ],
            [
              8.774477,
              47.363257
            ],
            [
              8.77448,
              47.36331
            ],
            [
              8.774492,
              47.363323
            ],
            [
              8.77451,
              47.363337
            ],
            [
              8.774857,
              47.363561
            ],
            [
              8.774819,
              47.363591
            ],
            [
              8.774985,
              47.36366
            ],
            [
              8.775114,
              47.363704
            ],
            [
              8.775208,
              47.363733
            ],
            [
              8.775289,
              47.363747
            ],
            [
              8.775323,
              47.363748
            ],
            [
              8.775348,
              47.363744
            ],
            [
              8.775415,
              47.363727
            ],
            [
              8.775472,
              47.363727
            ],
            [
              8.775525,
              47.363735
            ],
            [
              8.775566,
              47.363751
            ],
            [
              8.775613,
              47.363779
            ],
            [
              8.775698,
              47.363839
            ],
            [
              8.775715,
              47.363853
            ],
            [
              8.775738,
              47.363861
            ],
            [
              8.775782,
              47.363883
            ],
            [
              8.775829,
              47.363911
            ],
            [
              8.775894,
              47.363969
            ],
            [
              8.775947,
              47.364003
            ],
            [
              8.776002,
              47.364028
            ],
            [
              8.776041,
              47.364044
            ],
            [
              8.776071,
              47.364054
            ],
            [
              8.776229,
              47.364074
            ],
            [
              8.776256,
              47.364079
            ],
            [
              8.776282,
              47.364087
            ],
            [
              8.776461,
              47.364133
            ],
            [
              8.776483,
              47.364137
            ],
            [
              8.776503,
              47.364138
            ],
            [
              8.776519,
              47.364131
            ],
            [
              8.77656,
              47.364121
            ],
            [
              8.776626,
              47.364118
            ],
            [
              8.776682,
              47.36412
            ],
            [
              8.776735,
              47.364134
            ],
            [
              8.776792,
              47.364149
            ],
            [
              8.776848,
              47.364154
            ],
            [
              8.777012,
              47.364151
            ],
            [
              8.777044,
              47.364151
            ],
            [
              8.777073,
              47.364157
            ],
            [
              8.777132,
              47.364173
            ],
            [
              8.777162,
              47.364171
            ],
            [
              8.777184,
              47.364171
            ],
            [
              8.77721,
              47.364176
            ],
            [
              8.777236,
              47.364177
            ],
            [
              8.777267,
              47.364175
            ],
            [
              8.777285,
              47.364174
            ],
            [
              8.777407,
              47.364141
            ],
            [
              8.777454,
              47.36414
            ],
            [
              8.777476,
              47.364144
            ],
            [
              8.7775,
              47.364152
            ],
            [
              8.777594,
              47.364121
            ],
            [
              8.777676,
              47.364108
            ],
            [
              8.777703,
              47.364107
            ],
            [
              8.777733,
              47.364111
            ],
            [
              8.777758,
              47.364124
            ],
            [
              8.777837,
              47.36429
            ],
            [
              8.777949,
              47.364272
            ],
            [
              8.777949,
              47.364235
            ],
            [
              8.77796,
              47.36418
            ],
            [
              8.777978,
              47.364157
            ],
            [
              8.778011,
              47.364138
            ],
            [
              8.778063,
              47.36413
            ],
            [
              8.77812,
              47.364113
            ],
            [
              8.77816,
              47.364105
            ],
            [
              8.778197,
              47.364106
            ],
            [
              8.778228,
              47.364113
            ],
            [
              8.778271,
              47.364126
            ],
            [
              8.778493,
              47.364155
            ],
            [
              8.778507,
              47.364221
            ],
            [
              8.778687,
              47.364205
            ],
            [
              8.778814,
              47.364193
            ],
            [
              8.778798,
              47.364079
            ],
            [
              8.77881,
              47.364062
            ],
            [
              8.778846,
              47.364045
            ],
            [
              8.778949,
              47.364052
            ],
            [
              8.778982,
              47.364049
            ],
            [
              8.779013,
              47.364037
            ],
            [
              8.779037,
              47.36404
            ],
            [
              8.779066,
              47.364044
            ],
            [
              8.779124,
              47.364062
            ],
            [
              8.77915,
              47.364066
            ],
            [
              8.779238,
              47.364069
            ],
            [
              8.779316,
              47.364087
            ],
            [
              8.779435,
              47.364119
            ],
            [
              8.779493,
              47.364157
            ],
            [
              8.779507,
              47.36418
            ],
            [
              8.779508,
              47.364299
            ],
            [
              8.779624,
              47.364375
            ],
            [
              8.77973,
              47.364404
            ],
            [
              8.779735,
              47.364418
            ],
            [
              8.779919,
              47.364408
            ],
            [
              8.780038,
              47.364399
            ],
            [
              8.780187,
              47.36438
            ],
            [
              8.780295,
              47.364361
            ],
            [
              8.780408,
              47.364336
            ],
            [
              8.780537,
              47.364302
            ],
            [
              8.780631,
              47.364272
            ],
            [
              8.780726,
              47.364236
            ],
            [
              8.780796,
              47.364207
            ],
            [
              8.780878,
              47.36417
            ],
            [
              8.781039,
              47.364084
            ],
            [
              8.781028,
              47.364076
            ],
            [
              8.7811,
              47.364041
            ],
            [
              8.781187,
              47.363994
            ],
            [
              8.781272,
              47.363942
            ],
            [
              8.781364,
              47.363879
            ],
            [
              8.781444,
              47.363819
            ],
            [
              8.781508,
              47.363763
            ],
            [
              8.781567,
              47.363699
            ],
            [
              8.781709,
              47.363544
            ],
            [
              8.781729,
              47.363553
            ],
            [
              8.781874,
              47.363395
            ],
            [
              8.781955,
              47.363306
            ],
            [
              8.781917,
              47.363291
            ],
            [
              8.782016,
              47.363198
            ],
            [
              8.782103,
              47.363113
            ],
            [
              8.782009,
              47.363112
            ],
            [
              8.781972,
              47.363104
            ],
            [
              8.781959,
              47.363084
            ],
            [
              8.781971,
              47.363054
            ],
            [
              8.782023,
              47.363011
            ],
            [
              8.782063,
              47.362966
            ],
            [
              8.782114,
              47.362896
            ],
            [
              8.782411,
              47.362479
            ],
            [
              8.782446,
              47.362445
            ],
            [
              8.782491,
              47.362419
            ],
            [
              8.782535,
              47.362408
            ],
            [
              8.782597,
              47.362407
            ],
            [
              8.782653,
              47.362395
            ],
            [
              8.78269,
              47.362373
            ],
            [
              8.782838,
              47.362243
            ],
            [
              8.782834,
              47.362226
            ],
            [
              8.782816,
              47.36219
            ],
            [
              8.782811,
              47.362146
            ],
            [
              8.782839,
              47.362093
            ],
            [
              8.78287,
              47.362062
            ],
            [
              8.782927,
              47.362039
            ],
            [
              8.782939,
              47.362028
            ],
            [
              8.782942,
              47.362011
            ],
            [
              8.782945,
              47.361929
            ],
            [
              8.782968,
              47.361881
            ],
            [
              8.783004,
              47.361842
            ],
            [
              8.783056,
              47.361805
            ],
            [
              8.78308,
              47.361786
            ],
            [
              8.783087,
              47.361752
            ],
            [
              8.783071,
              47.36173
            ],
            [
              8.782915,
              47.361707
            ],
            [
              8.782886,
              47.361691
            ],
            [
              8.782877,
              47.361666
            ],
            [
              8.782893,
              47.361643
            ],
            [
              8.782929,
              47.361632
            ],
            [
              8.783018,
              47.361611
            ],
            [
              8.783116,
              47.36158
            ],
            [
              8.783156,
              47.361554
            ],
            [
              8.783199,
              47.361531
            ],
            [
              8.783239,
              47.361514
            ],
            [
              8.783232,
              47.361466
            ],
            [
              8.783231,
              47.361445
            ],
            [
              8.783237,
              47.361423
            ],
            [
              8.783251,
              47.361398
            ],
            [
              8.78326,
              47.361384
            ],
            [
              8.783381,
              47.361221
            ],
            [
              8.783399,
              47.361202
            ],
            [
              8.783419,
              47.361187
            ],
            [
              8.783482,
              47.361142
            ],
            [
              8.783496,
              47.361121
            ],
            [
              8.783536,
              47.361074
            ],
            [
              8.783575,
              47.361026
            ],
            [
              8.7836,
              47.361
            ],
            [
              8.783631,
              47.360972
            ],
            [
              8.783664,
              47.360952
            ],
            [
              8.783695,
              47.360932
            ],
            [
              8.783784,
              47.360879
            ],
            [
              8.783824,
              47.360856
            ],
            [
              8.783835,
              47.360848
            ],
            [
              8.783855,
              47.360827
            ],
            [
              8.783906,
              47.360713
            ],
            [
              8.783934,
              47.360659
            ],
            [
              8.783948,
              47.360642
            ],
            [
              8.783971,
              47.360622
            ],
            [
              8.784057,
              47.360549
            ],
            [
              8.784111,
              47.360507
            ],
            [
              8.784091,
              47.360497
            ],
            [
              8.784086,
              47.36048
            ],
            [
              8.784094,
              47.360466
            ],
            [
              8.78411,
              47.360446
            ],
            [
              8.784146,
              47.360426
            ],
            [
              8.7842,
              47.360412
            ],
            [
              8.784248,
              47.360397
            ],
            [
              8.784277,
              47.360381
            ],
            [
              8.784304,
              47.360358
            ],
            [
              8.78432,
              47.36033
            ],
            [
              8.784325,
              47.360315
            ],
            [
              8.784328,
              47.360249
            ],
            [
              8.784336,
              47.360225
            ],
            [
              8.784353,
              47.360203
            ],
            [
              8.784443,
              47.360083
            ],
            [
              8.784467,
              47.360058
            ],
            [
              8.784495,
              47.36004
            ],
            [
              8.784552,
              47.36002
            ],
            [
              8.784558,
              47.360011
            ],
            [
              8.784557,
              47.359964
            ],
            [
              8.784564,
              47.359954
            ],
            [
              8.784601,
              47.359922
            ],
            [
              8.784659,
              47.359873
            ],
            [
              8.784686,
              47.35985
            ],
            [
              8.785171,
              47.359443
            ],
            [
              8.785131,
              47.359416
            ],
            [
              8.785124,
              47.359407
            ],
            [
              8.785126,
              47.3594
            ],
            [
              8.785193,
              47.359319
            ],
            [
              8.785212,
              47.359301
            ],
            [
              8.785219,
              47.359283
            ],
            [
              8.785217,
              47.35927
            ],
            [
              8.785215,
              47.359222
            ],
            [
              8.785217,
              47.359205
            ],
            [
              8.785228,
              47.359189
            ],
            [
              8.78525,
              47.359167
            ],
            [
              8.785275,
              47.359145
            ],
            [
              8.785297,
              47.359132
            ],
            [
              8.78534,
              47.359112
            ],
            [
              8.785437,
              47.359079
            ],
            [
              8.785481,
              47.359055
            ],
            [
              8.78553,
              47.359018
            ],
            [
              8.785567,
              47.358971
            ],
            [
              8.785533,
              47.358947
            ],
            [
              8.785524,
              47.358932
            ],
            [
              8.785524,
              47.35892
            ],
            [
              8.785615,
              47.358812
            ],
            [
              8.785647,
              47.358782
            ],
            [
              8.785677,
              47.358754
            ],
            [
              8.785705,
              47.358726
            ],
            [
              8.785716,
              47.358713
            ],
            [
              8.785727,
              47.358692
            ],
            [
              8.785762,
              47.358618
            ],
            [
              8.785893,
              47.358494
            ],
            [
              8.785911,
              47.358385
            ],
            [
              8.785922,
              47.358221
            ],
            [
              8.785927,
              47.358206
            ],
            [
              8.785942,
              47.35819
            ],
            [
              8.785967,
              47.358164
            ],
            [
              8.785986,
              47.358139
            ],
            [
              8.785986,
              47.358133
            ],
            [
              8.785979,
              47.358124
            ],
            [
              8.785964,
              47.358117
            ],
            [
              8.785939,
              47.358109
            ],
            [
              8.785928,
              47.358107
            ],
            [
              8.78592,
              47.3581
            ],
            [
              8.785916,
              47.358081
            ],
            [
              8.785918,
              47.358068
            ],
            [
              8.785926,
              47.358055
            ],
            [
              8.785955,
              47.35803
            ],
            [
              8.785967,
              47.358012
            ],
            [
              8.785971,
              47.357994
            ],
            [
              8.78597,
              47.35796
            ],
            [
              8.785963,
              47.357938
            ],
            [
              8.785949,
              47.357914
            ],
            [
              8.785947,
              47.357893
            ],
            [
              8.785946,
              47.357881
            ],
            [
              8.785962,
              47.357822
            ],
            [
              8.786011,
              47.357731
            ],
            [
              8.786066,
              47.357642
            ],
            [
              8.786084,
              47.357597
            ],
            [
              8.786085,
              47.357566
            ],
            [
              8.786072,
              47.357548
            ],
            [
              8.786047,
              47.357535
            ],
            [
              8.78604,
              47.357522
            ],
            [
              8.786038,
              47.357503
            ],
            [
              8.78608,
              47.357369
            ],
            [
              8.786092,
              47.357359
            ],
            [
              8.786093,
              47.357359
            ],
            [
              8.786107,
              47.357359
            ],
            [
              8.786108,
              47.357359
            ],
            [
              8.786129,
              47.357362
            ],
            [
              8.786244,
              47.357412
            ],
            [
              8.786253,
              47.357413
            ],
            [
              8.786254,
              47.357413
            ],
            [
              8.786255,
              47.357413
            ],
            [
              8.786266,
              47.35741
            ],
            [
              8.786323,
              47.357323
            ],
            [
              8.786331,
              47.357308
            ],
            [
              8.786332,
              47.357284
            ],
            [
              8.786329,
              47.357255
            ],
            [
              8.786332,
              47.35719
            ],
            [
              8.786336,
              47.357163
            ],
            [
              8.786343,
              47.357133
            ],
            [
              8.786353,
              47.357108
            ],
            [
              8.78639,
              47.357053
            ],
            [
              8.786401,
              47.357044
            ],
            [
              8.786429,
              47.357002
            ],
            [
              8.786437,
              47.356996
            ],
            [
              8.786466,
              47.356951
            ],
            [
              8.786482,
              47.356934
            ],
            [
              8.786632,
              47.356817
            ],
            [
              8.786653,
              47.356802
            ],
            [
              8.78667,
              47.356782
            ],
            [
              8.786686,
              47.35676
            ],
            [
              8.78671,
              47.356708
            ],
            [
              8.786723,
              47.356656
            ],
            [
              8.786736,
              47.356592
            ],
            [
              8.786749,
              47.356565
            ],
            [
              8.786887,
              47.356464
            ],
            [
              8.786992,
              47.356324
            ],
            [
              8.787088,
              47.356201
            ],
            [
              8.787092,
              47.35618
            ],
            [
              8.787089,
              47.356123
            ],
            [
              8.787102,
              47.356109
            ],
            [
              8.787351,
              47.355962
            ],
            [
              8.787414,
              47.355923
            ],
            [
              8.787439,
              47.355905
            ],
            [
              8.787473,
              47.355874
            ],
            [
              8.787492,
              47.355849
            ],
            [
              8.787505,
              47.355823
            ],
            [
              8.787514,
              47.355795
            ],
            [
              8.787513,
              47.355771
            ],
            [
              8.787463,
              47.355644
            ],
            [
              8.787462,
              47.355618
            ],
            [
              8.787469,
              47.3556
            ],
            [
              8.787484,
              47.355578
            ],
            [
              8.787498,
              47.355561
            ],
            [
              8.787498,
              47.355561
            ],
            [
              8.787499,
              47.35556
            ],
            [
              8.787498,
              47.355559
            ],
            [
              8.787497,
              47.355559
            ],
            [
              8.786415,
              47.354966
            ],
            [
              8.786413,
              47.354965
            ],
            [
              8.786414,
              47.354964
            ],
            [
              8.789498,
              47.348963
            ],
            [
              8.789124,
              47.348371
            ],
            [
              8.787268,
              47.345427
            ],
            [
              8.787633,
              47.343638
            ],
            [
              8.779332,
              47.348834
            ]
          ]
        ]
      }
    },
    {
      "type": "Feature",
      "properties": {
        "id": "pfaeffikersee-seeschutzzone-vc-4539",
        "lakeId": "pfaeffikersee",
        "name": "Winterliche Seeschutzzone Seegräben",
        "zone": "Seeschutzzone VC",
        "period": "20. November bis 31. März",
        "rule": "Fischen, Befahren mit Booten oder Schwimmkörpern und Schwimmen verboten.",
        "sourceIds": [
          "zh-pfaeffikersee-flyer",
          "zh-gis-schutzzonen"
        ]
      },
      "geometry": {
        "type": "Polygon",
        "coordinates": [
          [
            [
              8.774937,
              47.342261
            ],
            [
              8.774916,
              47.342427
            ],
            [
              8.775228,
              47.342458
            ],
            [
              8.775233,
              47.342516
            ],
            [
              8.775245,
              47.34267
            ],
            [
              8.775264,
              47.342905
            ],
            [
              8.775214,
              47.342921
            ],
            [
              8.775163,
              47.342951
            ],
            [
              8.775123,
              47.342974
            ],
            [
              8.775072,
              47.343026
            ],
            [
              8.775053,
              47.343071
            ],
            [
              8.775058,
              47.34312
            ],
            [
              8.775063,
              47.343142
            ],
            [
              8.775059,
              47.343166
            ],
            [
              8.775024,
              47.343219
            ],
            [
              8.775025,
              47.343246
            ],
            [
              8.775042,
              47.343265
            ],
            [
              8.77505,
              47.343295
            ],
            [
              8.775043,
              47.34332
            ],
            [
              8.775019,
              47.343351
            ],
            [
              8.774981,
              47.3434
            ],
            [
              8.774954,
              47.343445
            ],
            [
              8.774951,
              47.34348
            ],
            [
              8.774959,
              47.34351
            ],
            [
              8.774988,
              47.34354
            ],
            [
              8.775054,
              47.343583
            ],
            [
              8.775087,
              47.343621
            ],
            [
              8.7751,
              47.343668
            ],
            [
              8.775093,
              47.343712
            ],
            [
              8.775066,
              47.343756
            ],
            [
              8.775042,
              47.343767
            ],
            [
              8.77503,
              47.343792
            ],
            [
              8.775031,
              47.343825
            ],
            [
              8.775049,
              47.34386
            ],
            [
              8.775069,
              47.34389
            ],
            [
              8.775107,
              47.343944
            ],
            [
              8.775129,
              47.343999
            ],
            [
              8.775134,
              47.344051
            ],
            [
              8.775128,
              47.344111
            ],
            [
              8.775172,
              47.344141
            ],
            [
              8.775121,
              47.344347
            ],
            [
              8.775122,
              47.344375
            ],
            [
              8.775139,
              47.344399
            ],
            [
              8.77514,
              47.344427
            ],
            [
              8.775108,
              47.34446
            ],
            [
              8.774981,
              47.344544
            ],
            [
              8.774925,
              47.344588
            ],
            [
              8.774879,
              47.344638
            ],
            [
              8.774871,
              47.344671
            ],
            [
              8.774873,
              47.344723
            ],
            [
              8.774866,
              47.344786
            ],
            [
              8.774839,
              47.344852
            ],
            [
              8.774822,
              47.344938
            ],
            [
              8.774813,
              47.345013
            ],
            [
              8.774752,
              47.34501
            ],
            [
              8.774748,
              47.345045
            ],
            [
              8.774726,
              47.345401
            ],
            [
              8.77471,
              47.345642
            ],
            [
              8.774644,
              47.345885
            ],
            [
              8.774546,
              47.346229
            ],
            [
              8.7745,
              47.3463
            ],
            [
              8.774517,
              47.34632
            ],
            [
              8.77453,
              47.346356
            ],
            [
              8.774524,
              47.34641
            ],
            [
              8.774458,
              47.346685
            ],
            [
              8.774454,
              47.346713
            ],
            [
              8.774459,
              47.346735
            ],
            [
              8.7745,
              47.346762
            ],
            [
              8.774545,
              47.346789
            ],
            [
              8.774579,
              47.346827
            ],
            [
              8.774591,
              47.34687
            ],
            [
              8.774569,
              47.346945
            ],
            [
              8.77452,
              47.347068
            ],
            [
              8.774439,
              47.347209
            ],
            [
              8.774392,
              47.347267
            ],
            [
              8.774333,
              47.347315
            ],
            [
              8.77428,
              47.347334
            ],
            [
              8.774224,
              47.347346
            ],
            [
              8.77418,
              47.347363
            ],
            [
              8.774157,
              47.347393
            ],
            [
              8.774105,
              47.347548
            ],
            [
              8.774009,
              47.347606
            ],
            [
              8.773775,
              47.347994
            ],
            [
              8.776279,
              47.350076
            ],
            [
              8.772151,
              47.35242
            ],
            [
              8.771905,
              47.352757
            ],
            [
              8.771848,
              47.352832
            ],
            [
              8.771776,
              47.352908
            ],
            [
              8.771789,
              47.352949
            ],
            [
              8.771789,
              47.352981
            ],
            [
              8.771771,
              47.353034
            ],
            [
              8.771746,
              47.353157
            ],
            [
              8.771748,
              47.353189
            ],
            [
              8.771763,
              47.353217
            ],
            [
              8.771788,
              47.353238
            ],
            [
              8.771831,
              47.353265
            ],
            [
              8.771864,
              47.353275
            ],
            [
              8.771908,
              47.353278
            ],
            [
              8.771892,
              47.353295
            ],
            [
              8.771851,
              47.353327
            ],
            [
              8.771815,
              47.353349
            ],
            [
              8.771812,
              47.353372
            ],
            [
              8.771811,
              47.353405
            ],
            [
              8.771805,
              47.353426
            ],
            [
              8.771784,
              47.353448
            ],
            [
              8.771741,
              47.353469
            ],
            [
              8.771699,
              47.353482
            ],
            [
              8.77165,
              47.353546
            ],
            [
              8.771749,
              47.353541
            ],
            [
              8.779332,
              47.348834
            ],
            [
              8.778554,
              47.342397
            ],
            [
              8.777748,
              47.341568
            ],
            [
              8.775124,
              47.341843
            ],
            [
              8.775077,
              47.341905
            ],
            [
              8.775043,
              47.341966
            ],
            [
              8.77502,
              47.342024
            ],
            [
              8.775015,
              47.342088
            ],
            [
              8.775016,
              47.342148
            ],
            [
              8.775038,
              47.342262
            ],
            [
              8.774937,
              47.342261
            ]
          ]
        ]
      }
    },
    {
      "type": "Feature",
      "properties": {
        "id": "pfaeffikersee-seeschutzzone-vc-4540",
        "lakeId": "pfaeffikersee",
        "name": "Winterliche Seeschutzzone Wetzikon",
        "zone": "Seeschutzzone VC",
        "period": "20. November bis 31. März",
        "rule": "Fischen, Befahren mit Booten oder Schwimmkörpern und Schwimmen verboten.",
        "sourceIds": [
          "zh-pfaeffikersee-flyer",
          "zh-gis-schutzzonen"
        ]
      },
      "geometry": {
        "type": "Polygon",
        "coordinates": [
          [
            [
              8.78155,
              47.341275
            ],
            [
              8.780683,
              47.342504
            ],
            [
              8.778647,
              47.342508
            ],
            [
              8.778652,
              47.342507
            ],
            [
              8.778659,
              47.342506
            ],
            [
              8.778554,
              47.342397
            ],
            [
              8.779332,
              47.348834
            ],
            [
              8.787633,
              47.343638
            ],
            [
              8.787633,
              47.343635
            ],
            [
              8.787638,
              47.343635
            ],
            [
              8.789059,
              47.342745
            ],
            [
              8.790793,
              47.342099
            ],
            [
              8.791005,
              47.342021
            ],
            [
              8.791002,
              47.342015
            ],
            [
              8.79096,
              47.341904
            ],
            [
              8.79093,
              47.341901
            ],
            [
              8.790865,
              47.341884
            ],
            [
              8.790824,
              47.34188
            ],
            [
              8.790838,
              47.341844
            ],
            [
              8.790832,
              47.341838
            ],
            [
              8.79073,
              47.341877
            ],
            [
              8.790658,
              47.341904
            ],
            [
              8.790624,
              47.341908
            ],
            [
              8.790589,
              47.341901
            ],
            [
              8.790539,
              47.341886
            ],
            [
              8.790328,
              47.341812
            ],
            [
              8.790273,
              47.341793
            ],
            [
              8.789892,
              47.34168
            ],
            [
              8.789701,
              47.341645
            ],
            [
              8.789685,
              47.341635
            ],
            [
              8.789669,
              47.341584
            ],
            [
              8.78965,
              47.341571
            ],
            [
              8.789636,
              47.341573
            ],
            [
              8.789587,
              47.341647
            ],
            [
              8.78957,
              47.341656
            ],
            [
              8.789549,
              47.341658
            ],
            [
              8.789424,
              47.341645
            ],
            [
              8.789389,
              47.341644
            ],
            [
              8.789192,
              47.341644
            ],
            [
              8.789047,
              47.341655
            ],
            [
              8.789026,
              47.341648
            ],
            [
              8.789015,
              47.341634
            ],
            [
              8.788996,
              47.341627
            ],
            [
              8.788328,
              47.341645
            ],
            [
              8.788266,
              47.341654
            ],
            [
              8.788211,
              47.341662
            ],
            [
              8.788182,
              47.34167
            ],
            [
              8.788033,
              47.341717
            ],
            [
              8.788,
              47.341725
            ],
            [
              8.787966,
              47.341728
            ],
            [
              8.78789,
              47.341739
            ],
            [
              8.78777,
              47.341763
            ],
            [
              8.787633,
              47.3418
            ],
            [
              8.787577,
              47.341829
            ],
            [
              8.787534,
              47.341868
            ],
            [
              8.787465,
              47.341919
            ],
            [
              8.787422,
              47.341945
            ],
            [
              8.787345,
              47.34198
            ],
            [
              8.787235,
              47.342026
            ],
            [
              8.787206,
              47.342035
            ],
            [
              8.787099,
              47.342047
            ],
            [
              8.787078,
              47.342055
            ],
            [
              8.787054,
              47.342071
            ],
            [
              8.786927,
              47.342139
            ],
            [
              8.786904,
              47.342149
            ],
            [
              8.786875,
              47.342155
            ],
            [
              8.786609,
              47.342191
            ],
            [
              8.786474,
              47.342221
            ],
            [
              8.786373,
              47.342235
            ],
            [
              8.786306,
              47.342236
            ],
            [
              8.786199,
              47.342222
            ],
            [
              8.785976,
              47.34216
            ],
            [
              8.785929,
              47.342139
            ],
            [
              8.785887,
              47.342127
            ],
            [
              8.78561,
              47.342079
            ],
            [
              8.785428,
              47.34203
            ],
            [
              8.785322,
              47.341995
            ],
            [
              8.785223,
              47.341968
            ],
            [
              8.785089,
              47.341915
            ],
            [
              8.784994,
              47.341861
            ],
            [
              8.784658,
              47.341667
            ],
            [
              8.784639,
              47.341554
            ],
            [
              8.784613,
              47.341515
            ],
            [
              8.784569,
              47.341471
            ],
            [
              8.784532,
              47.341447
            ],
            [
              8.784476,
              47.341421
            ],
            [
              8.784402,
              47.341409
            ],
            [
              8.784356,
              47.341404
            ],
            [
              8.784255,
              47.34135
            ],
            [
              8.784191,
              47.34131
            ],
            [
              8.784095,
              47.341274
            ],
            [
              8.783906,
              47.341202
            ],
            [
              8.783722,
              47.34116
            ],
            [
              8.783675,
              47.341142
            ],
            [
              8.783615,
              47.341098
            ],
            [
              8.783549,
              47.341027
            ],
            [
              8.783516,
              47.341006
            ],
            [
              8.783478,
              47.340992
            ],
            [
              8.783388,
              47.340986
            ],
            [
              8.783197,
              47.340991
            ],
            [
              8.783175,
              47.340998
            ],
            [
              8.78313,
              47.341019
            ],
            [
              8.783029,
              47.341078
            ],
            [
              8.78259,
              47.341018
            ],
            [
              8.7822,
              47.341005
            ],
            [
              8.782162,
              47.341011
            ],
            [
              8.782125,
              47.341026
            ],
            [
              8.781983,
              47.341086
            ],
            [
              8.781956,
              47.341086
            ],
            [
              8.781935,
              47.341077
            ],
            [
              8.781911,
              47.341054
            ],
            [
              8.781884,
              47.341049
            ],
            [
              8.781859,
              47.341058
            ],
            [
              8.781607,
              47.34126
            ],
            [
              8.781576,
              47.341272
            ],
            [
              8.78155,
              47.341275
            ]
          ]
        ]
      }
    },
    {
      "type": "Feature",
      "properties": {
        "id": "greifensee-seeschutzzone-va-4514",
        "lakeId": "greifensee",
        "name": "See-/Uferschutzzone Uster",
        "zone": "Seeschutzzone VA",
        "period": "ganzjährig",
        "rule": "Bootsfischen ist in dieser Seeschutzzone wegen Befahrverbot nicht erlaubt. Uferfischen im Schutzgebiet nur von offiziellen Wegen und Stegen.",
        "sourceIds": [
          "zh-angelfischerei-auszug-2026",
          "zh-greifensee-flyer",
          "greifensee-stiftung-fischen",
          "zh-gis-schutzzonen"
        ]
      },
      "geometry": {
        "type": "Polygon",
        "coordinates": [
          [
            [
              8.700280374277657,
              47.32624382456181
            ],
            [
              8.699374774230991,
              47.327007097510695
            ],
            [
              8.703482348677303,
              47.329877399647216
            ],
            [
              8.703769606200842,
              47.332295163735445
            ],
            [
              8.704079237002722,
              47.33467880859088
            ],
            [
              8.704219794239032,
              47.33464240872993
            ],
            [
              8.704391069610521,
              47.334576153857384
            ],
            [
              8.704631600796006,
              47.334500848747304
            ],
            [
              8.704863801837838,
              47.334423102280425
            ],
            [
              8.70501398592267,
              47.33437422785306
            ],
            [
              8.705158525602089,
              47.33433145926925
            ],
            [
              8.705301205321362,
              47.33431485283748
            ],
            [
              8.705466664991663,
              47.33428239701871
            ],
            [
              8.705547208813973,
              47.33426112898048
            ],
            [
              8.70564826457118,
              47.33423303747033
            ],
            [
              8.705723009385412,
              47.3342114146797
            ],
            [
              8.705834425956843,
              47.334166899444206
            ],
            [
              8.705943442098194,
              47.33412578468351
            ],
            [
              8.70609987810433,
              47.334061660196845
            ],
            [
              8.706161412340807,
              47.334006165579574
            ],
            [
              8.70625480276502,
              47.333934015716444
            ],
            [
              8.70632952213235,
              47.33387655458276
            ],
            [
              8.706425983556871,
              47.33379439568796
            ],
            [
              8.70650989240124,
              47.333706046251386
            ],
            [
              8.706569690885608,
              47.33357762654913
            ],
            [
              8.706627262472841,
              47.33345990808047
            ],
            [
              8.706691840371667,
              47.33335856093614
            ],
            [
              8.706770398388102,
              47.33328868844781
            ],
            [
              8.706846933618646,
              47.33320337029998
            ],
            [
              8.706926120819881,
              47.33312519689523
            ],
            [
              8.706999167976877,
              47.33306704752129
            ],
            [
              8.707085822411303,
              47.33298991187474
            ],
            [
              8.70717740269313,
              47.33291132320662
            ],
            [
              8.707309280050419,
              47.33278843370701
            ],
            [
              8.707380566802625,
              47.332656369965875
            ],
            [
              8.707451443207662,
              47.3324723065497
            ],
            [
              8.707508524843387,
              47.33229936121773
            ],
            [
              8.707586564290043,
              47.33192982615584
            ],
            [
              8.707648411465636,
              47.33147065391957
            ],
            [
              8.707683812537006,
              47.33122078304089
            ],
            [
              8.707647313316158,
              47.33111183094585
            ],
            [
              8.70760766770785,
              47.33100966009625
            ],
            [
              8.707581703982017,
              47.33089160017626
            ],
            [
              8.707514960945351,
              47.33076274061004
            ],
            [
              8.707485604539702,
              47.330675919925056
            ],
            [
              8.707469818437051,
              47.33060328802906
            ],
            [
              8.707462760825834,
              47.330515237142905
            ],
            [
              8.707446748390687,
              47.33036361332062
            ],
            [
              8.707431053451678,
              47.33014684742985
            ],
            [
              8.707418417337761,
              47.32997234136953
            ],
            [
              8.707416663631852,
              47.32994956682807
            ],
            [
              8.70741188030478,
              47.3298874232895
            ],
            [
              8.707407920168075,
              47.329835968206964
            ],
            [
              8.707404462355639,
              47.32979105726063
            ],
            [
              8.70740277942339,
              47.32976919948586
            ],
            [
              8.707398071118721,
              47.329708039232145
            ],
            [
              8.707386522027003,
              47.32959663577874
            ],
            [
              8.70738519107773,
              47.32958379037297
            ],
            [
              8.707367053215252,
              47.329447087404
            ],
            [
              8.707330826653823,
              47.32934952054258
            ],
            [
              8.707275141018261,
              47.329233470344406
            ],
            [
              8.707202874553769,
              47.329115640464465
            ],
            [
              8.707133936626764,
              47.32896417646376
            ],
            [
              8.707055220127435,
              47.32878344582958
            ],
            [
              8.706931118231543,
              47.32850271566032
            ],
            [
              8.70686628368559,
              47.328280087548436
            ],
            [
              8.706814459538744,
              47.328082895264714
            ],
            [
              8.706725041958888,
              47.327973966656444
            ],
            [
              8.706636870582898,
              47.327847874262396
            ],
            [
              8.706512261351179,
              47.32771951048516
            ],
            [
              8.706425588847736,
              47.32762165199871
            ],
            [
              8.706371279672359,
              47.32756336016986
            ],
            [
              8.706295566433012,
              47.32747423640854
            ],
            [
              8.706211448216312,
              47.327379439675326
            ],
            [
              8.706144027846381,
              47.32729135006274
            ],
            [
              8.706071138062976,
              47.32721667438586
            ],
            [
              8.70600068979509,
              47.32714028428211
            ],
            [
              8.70591617335107,
              47.32706348731621
            ],
            [
              8.705857329022484,
              47.327023370197615
            ],
            [
              8.70579486884186,
              47.32696966089328
            ],
            [
              8.705780147553272,
              47.32694171144433
            ],
            [
              8.705699548248937,
              47.32685573632131
            ],
            [
              8.705613052191344,
              47.32676518418189
            ],
            [
              8.705524083104608,
              47.32667494249
            ],
            [
              8.705411473346537,
              47.3265641580422
            ],
            [
              8.705337606660148,
              47.32648302392901
            ],
            [
              8.705250122456546,
              47.32642045404632
            ],
            [
              8.705175028604543,
              47.326357325310134
            ],
            [
              8.705073415932508,
              47.3262919589287
            ],
            [
              8.70496306549231,
              47.32624116309765
            ],
            [
              8.704854747035446,
              47.326206514374555
            ],
            [
              8.70470586008187,
              47.326169773932094
            ],
            [
              8.70454888006643,
              47.32614043457242
            ],
            [
              8.704401282434445,
              47.32612322153734
            ],
            [
              8.704282208423438,
              47.32608868486653
            ],
            [
              8.704113857326146,
              47.326067759044165
            ],
            [
              8.703913202927087,
              47.32604480337306
            ],
            [
              8.703823154055478,
              47.32604831849434
            ],
            [
              8.703691546680194,
              47.326077732192985
            ],
            [
              8.703557403753585,
              47.326104781617175
            ],
            [
              8.703425757455964,
              47.32613250966908
            ],
            [
              8.703276360574838,
              47.326178846005675
            ],
            [
              8.70307598448424,
              47.32623740261571
            ],
            [
              8.702977802185746,
              47.326281481679956
            ],
            [
              8.702790915471061,
              47.32635100038508
            ],
            [
              8.702661302379902,
              47.3263947263516
            ],
            [
              8.702484988565889,
              47.32645681894719
            ],
            [
              8.702279831510975,
              47.326523015158095
            ],
            [
              8.702120590904201,
              47.32657283109791
            ],
            [
              8.701942161149256,
              47.32661540408663
            ],
            [
              8.7017824021793,
              47.32664329767916
            ],
            [
              8.701625118386675,
              47.32667102092772
            ],
            [
              8.701478095702571,
              47.326678112819664
            ],
            [
              8.701374901780417,
              47.326685282634635
            ],
            [
              8.701247624351087,
              47.32668808317382
            ],
            [
              8.701088151388744,
              47.32669320134181
            ],
            [
              8.700936986447156,
              47.32669991417083
            ],
            [
              8.700741265672258,
              47.326710771731605
            ],
            [
              8.700500297361815,
              47.326696535942865
            ],
            [
              8.7004358036965,
              47.32666182123457
            ],
            [
              8.700428490949655,
              47.3266323868142
            ],
            [
              8.700446371266045,
              47.326584263026994
            ],
            [
              8.700356009007987,
              47.326504709489456
            ],
            [
              8.700285570307678,
              47.32649831471198
            ],
            [
              8.70026814468033,
              47.32646083638956
            ],
            [
              8.700269082671106,
              47.32639560842761
            ],
            [
              8.700271034498675,
              47.32630337824381
            ],
            [
              8.700280374277657,
              47.32624382456181
            ]
          ]
        ]
      }
    },
    {
      "type": "Feature",
      "properties": {
        "id": "greifensee-seeschutzzone-va-4515",
        "lakeId": "greifensee",
        "name": "See-/Uferschutzzone Greifensee",
        "zone": "Seeschutzzone VA",
        "period": "ganzjährig",
        "rule": "Bootsfischen ist in dieser Seeschutzzone wegen Befahrverbot nicht erlaubt. Uferfischen im Schutzgebiet nur von offiziellen Wegen und Stegen.",
        "sourceIds": [
          "zh-angelfischerei-auszug-2026",
          "zh-greifensee-flyer",
          "greifensee-stiftung-fischen",
          "zh-gis-schutzzonen"
        ]
      },
      "geometry": {
        "type": "Polygon",
        "coordinates": [
          [
            [
              8.654430762827749,
              47.36772142839437
            ],
            [
              8.654042494000397,
              47.36807718139806
            ],
            [
              8.654224872739139,
              47.36801875844854
            ],
            [
              8.654440403461622,
              47.36796251838622
            ],
            [
              8.654491002160583,
              47.3679677472079
            ],
            [
              8.65453269264934,
              47.36798150833824
            ],
            [
              8.654571007737697,
              47.36799234912019
            ],
            [
              8.65458432483479,
              47.36803198275493
            ],
            [
              8.654581093505644,
              47.36807165569618
            ],
            [
              8.654553250049855,
              47.368156982816345
            ],
            [
              8.654465235842755,
              47.36832531024808
            ],
            [
              8.654360151826673,
              47.36847090613463
            ],
            [
              8.654265992224191,
              47.368551308262425
            ],
            [
              8.654253582092217,
              47.36855143889228
            ],
            [
              8.65416549477163,
              47.368535359457944
            ],
            [
              8.65414500666441,
              47.36854414766717
            ],
            [
              8.654060355061613,
              47.36860604056494
            ],
            [
              8.654020889281862,
              47.3686172773145
            ],
            [
              8.653941005973039,
              47.36867054287355
            ],
            [
              8.653858668536657,
              47.368761363694
            ],
            [
              8.653852555705514,
              47.368856163431644
            ],
            [
              8.653864833476291,
              47.368959059764386
            ],
            [
              8.653835540082838,
              47.36905339817611
            ],
            [
              8.653802114942307,
              47.36914806250483
            ],
            [
              8.653796941364266,
              47.369247768301555
            ],
            [
              8.653795659504246,
              47.36933633378769
            ],
            [
              8.653737480021352,
              47.369398226732756
            ],
            [
              8.653665670194098,
              47.36944269153769
            ],
            [
              8.653565068431295,
              47.36953103624269
            ],
            [
              8.653528993623494,
              47.36961869848152
            ],
            [
              8.653472392126123,
              47.36971290485343
            ],
            [
              8.653419878908904,
              47.36980523763742
            ],
            [
              8.653395974177805,
              47.369881950411056
            ],
            [
              8.65339750006494,
              47.36998509927345
            ],
            [
              8.653375102692205,
              47.37005533302753
            ],
            [
              8.653347747413548,
              47.37012589777734
            ],
            [
              8.653312662628753,
              47.370184175215925
            ],
            [
              8.653265204134424,
              47.37028011135257
            ],
            [
              8.653245219663326,
              47.37034764358058
            ],
            [
              8.653214921146391,
              47.37043398109368
            ],
            [
              8.653210138080002,
              47.370514850954955
            ],
            [
              8.653188785242445,
              47.370594626725676
            ],
            [
              8.653158943024474,
              47.37070134825967
            ],
            [
              8.653213393746913,
              47.37087533745038
            ],
            [
              8.653194840592974,
              47.37100540461004
            ],
            [
              8.653201095369202,
              47.37109824451854
            ],
            [
              8.65322597842294,
              47.37117332061879
            ],
            [
              8.653251834429225,
              47.37125471470277
            ],
            [
              8.65333281480029,
              47.37132160873355
            ],
            [
              8.653486757950192,
              47.371431030726384
            ],
            [
              8.653693175563482,
              47.37155535896175
            ],
            [
              8.65397837665513,
              47.371650186070916
            ],
            [
              8.654137897789825,
              47.37171372534299
            ],
            [
              8.654268940517813,
              47.37176238451163
            ],
            [
              8.654338830040992,
              47.371814915682236
            ],
            [
              8.65438135517157,
              47.37186478978975
            ],
            [
              8.654443290050288,
              47.3719317432059
            ],
            [
              8.654580934546445,
              47.37201575258491
            ],
            [
              8.654679972895762,
              47.3720762757667
            ],
            [
              8.654818455247389,
              47.372124432308055
            ],
            [
              8.654972686174043,
              47.37217369746969
            ],
            [
              8.65531605955353,
              47.372278864984345
            ],
            [
              8.655332790507538,
              47.37243189559207
            ],
            [
              8.655372713529903,
              47.37258523957849
            ],
            [
              8.655384199522938,
              47.372653286168195
            ],
            [
              8.655499726591733,
              47.37267498106728
            ],
            [
              8.655593113081279,
              47.37270505982295
            ],
            [
              8.655614169912377,
              47.37271619007025
            ],
            [
              8.655686945688235,
              47.37275467078464
            ],
            [
              8.655745741371886,
              47.372792705085665
            ],
            [
              8.6562992885285,
              47.37257013484303
            ],
            [
              8.656578393392264,
              47.372470344454605
            ],
            [
              8.65680375755573,
              47.37255398386146
            ],
            [
              8.656997091322669,
              47.372612099111954
            ],
            [
              8.65718737939705,
              47.372681774609035
            ],
            [
              8.657366744495343,
              47.37274425184266
            ],
            [
              8.657573980155114,
              47.37283117545529
            ],
            [
              8.657817985695573,
              47.37293359184331
            ],
            [
              8.658082084442512,
              47.373009928560556
            ],
            [
              8.658295936149116,
              47.37306037687768
            ],
            [
              8.658424064979284,
              47.37308994344801
            ],
            [
              8.658581890760177,
              47.37311526163976
            ],
            [
              8.658705873141574,
              47.37314444891578
            ],
            [
              8.65881544035616,
              47.373158470177366
            ],
            [
              8.659147709165909,
              47.37328412537739
            ],
            [
              8.659749472532413,
              47.37346848672669
            ],
            [
              8.660116026844776,
              47.37357325289448
            ],
            [
              8.660393367688789,
              47.37364930939966
            ],
            [
              8.660640765551134,
              47.373718792519
            ],
            [
              8.660790577787443,
              47.373755435787025
            ],
            [
              8.660890032763293,
              47.373761551741936
            ],
            [
              8.661005240151582,
              47.37373278335187
            ],
            [
              8.661128189820122,
              47.37368074198936
            ],
            [
              8.661229288901461,
              47.3736500087943
            ],
            [
              8.661296808464613,
              47.37363524241579
            ],
            [
              8.661438274656229,
              47.373632758873285
            ],
            [
              8.661666071135894,
              47.373641448968534
            ],
            [
              8.661826777579552,
              47.37364789598641
            ],
            [
              8.662003308339733,
              47.37365867644154
            ],
            [
              8.662114760354498,
              47.37366911246655
            ],
            [
              8.66219738914582,
              47.37367685828453
            ],
            [
              8.662383929238416,
              47.373654919478184
            ],
            [
              8.6625635098028,
              47.3736183017432
            ],
            [
              8.662633214334253,
              47.37359029275567
            ],
            [
              8.663343944953896,
              47.37314999387206
            ],
            [
              8.663844671521009,
              47.37279062506943
            ],
            [
              8.663984026169912,
              47.3726603988397
            ],
            [
              8.664217702653769,
              47.3725291706661
            ],
            [
              8.66443794447927,
              47.372317687681196
            ],
            [
              8.664787244931189,
              47.37203230547177
            ],
            [
              8.664901673570583,
              47.37186214152301
            ],
            [
              8.664958564488586,
              47.371781000203036
            ],
            [
              8.665109488764124,
              47.37171047331677
            ],
            [
              8.665134602470625,
              47.37169873213773
            ],
            [
              8.665346031386902,
              47.37160793809821
            ],
            [
              8.665579698553502,
              47.37147670624038
            ],
            [
              8.665650119432986,
              47.371443766393284
            ],
            [
              8.665777416320815,
              47.37132969120419
            ],
            [
              8.665951785129398,
              47.371175052996485
            ],
            [
              8.666128372978434,
              47.371116813132986
            ],
            [
              8.666293107684224,
              47.371082870436354
            ],
            [
              8.666432635117163,
              47.370960653206424
            ],
            [
              8.666630720945838,
              47.37082979740005
            ],
            [
              8.666794239346824,
              47.370707320115955
            ],
            [
              8.667040414318679,
              47.37061629189794
            ],
            [
              8.667276111684421,
              47.37057344225738
            ],
            [
              8.66755831688061,
              47.37046586492586
            ],
            [
              8.667757697469947,
              47.37039135382537
            ],
            [
              8.66802618925463,
              47.37022756077947
            ],
            [
              8.668153198936015,
              47.37006527341236
            ],
            [
              8.668134557278854,
              47.36975962565607
            ],
            [
              8.668142241445738,
              47.36959059547504
            ],
            [
              8.66817689724701,
              47.3695500253006
            ],
            [
              8.66833901799958,
              47.36940338911478
            ],
            [
              8.668551173505188,
              47.36934476669616
            ],
            [
              8.668858949725141,
              47.36934148584336
            ],
            [
              8.669070919438628,
              47.36927484955993
            ],
            [
              8.669137157392916,
              47.36909718410909
            ],
            [
              8.669240539104097,
              47.36895116884087
            ],
            [
              8.669578311795176,
              47.36870623933767
            ],
            [
              8.670227756001626,
              47.36826892952079
            ],
            [
              8.670297478139572,
              47.3682063418131
            ],
            [
              8.670359178183642,
              47.36811896739597
            ],
            [
              8.67043439241694,
              47.36804338476535
            ],
            [
              8.670538172092566,
              47.36795063642852
            ],
            [
              8.670614926815087,
              47.367870117664374
            ],
            [
              8.67069729196848,
              47.36774597795417
            ],
            [
              8.670803345909684,
              47.367572664941505
            ],
            [
              8.670888732647294,
              47.367471822359846
            ],
            [
              8.671007283977492,
              47.36733800853926
            ],
            [
              8.671203665998314,
              47.36709880066497
            ],
            [
              8.671211932719366,
              47.367098433575414
            ],
            [
              8.671305594215571,
              47.366997638165614
            ],
            [
              8.671383749609705,
              47.366906286938416
            ],
            [
              8.670359597221742,
              47.36713466400999
            ],
            [
              8.670345542612607,
              47.36713523759646
            ],
            [
              8.669225481771624,
              47.36776210801976
            ],
            [
              8.668171214915509,
              47.368407669731575
            ],
            [
              8.667252951631124,
              47.36895928689589
            ],
            [
              8.66620998685493,
              47.369594864286235
            ],
            [
              8.665216085795914,
              47.370205742938985
            ],
            [
              8.664640059485233,
              47.370563667965826
            ],
            [
              8.663364156030344,
              47.370532226814724
            ],
            [
              8.662228798461552,
              47.3705042363575
            ],
            [
              8.659973758763387,
              47.3704360716932
            ],
            [
              8.658544062588502,
              47.37041521425041
            ],
            [
              8.654846576214798,
              47.36788361344004
            ],
            [
              8.654430762827749,
              47.36772142839437
            ]
          ]
        ]
      }
    },
    {
      "type": "Feature",
      "properties": {
        "id": "greifensee-seeschutzzone-va-4516",
        "lakeId": "greifensee",
        "name": "See-/Uferschutzzone Mönchaltorf",
        "zone": "Seeschutzzone VA",
        "period": "ganzjährig",
        "rule": "Bootsfischen ist in dieser Seeschutzzone wegen Befahrverbot nicht erlaubt. Uferfischen im Schutzgebiet nur von offiziellen Wegen und Stegen.",
        "sourceIds": [
          "zh-angelfischerei-auszug-2026",
          "zh-greifensee-flyer",
          "greifensee-stiftung-fischen",
          "zh-gis-schutzzonen"
        ]
      },
      "geometry": {
        "type": "Polygon",
        "coordinates": [
          [
            [
              8.697258977557919,
              47.32162144461162
            ],
            [
              8.6963248763137,
              47.32300384115897
            ],
            [
              8.695225807700153,
              47.32463339799319
            ],
            [
              8.69615615804674,
              47.32480678603407
            ],
            [
              8.697373002693011,
              47.32507376358588
            ],
            [
              8.70016785589177,
              47.32564727457526
            ],
            [
              8.700155920239713,
              47.32563208114971
            ],
            [
              8.70020737601389,
              47.32553523923852
            ],
            [
              8.700221057238183,
              47.32551963080912
            ],
            [
              8.700220651754213,
              47.32550248523011
            ],
            [
              8.700216839983625,
              47.32548088361668
            ],
            [
              8.700092046903174,
              47.3253089388178
            ],
            [
              8.700013370309211,
              47.32526875581346
            ],
            [
              8.699773273178993,
              47.32515106744362
            ],
            [
              8.699504212321626,
              47.32499742502766
            ],
            [
              8.699468154461394,
              47.324976170347625
            ],
            [
              8.69935416508202,
              47.32494621478289
            ],
            [
              8.699136917253822,
              47.324885900935364
            ],
            [
              8.699101035501043,
              47.324871810071656
            ],
            [
              8.699043202746148,
              47.32483885153221
            ],
            [
              8.698917323938057,
              47.32476066894547
            ],
            [
              8.698770783873055,
              47.32468285579369
            ],
            [
              8.69829395956949,
              47.32444967566688
            ],
            [
              8.698218651887371,
              47.32441198332706
            ],
            [
              8.69815392028564,
              47.32436700964191
            ],
            [
              8.698121538879972,
              47.32432632091624
            ],
            [
              8.6980741120204,
              47.324278769980715
            ],
            [
              8.697898484735473,
              47.32408952873145
            ],
            [
              8.697877148677927,
              47.32406109276981
            ],
            [
              8.697736365547895,
              47.32391208680383
            ],
            [
              8.69770898109413,
              47.323872890670216
            ],
            [
              8.697705853592087,
              47.32374037809802
            ],
            [
              8.697699876901721,
              47.323697291670484
            ],
            [
              8.69769375220729,
              47.32368302409593
            ],
            [
              8.697667617605486,
              47.323661800912035
            ],
            [
              8.697613107792629,
              47.32359437045064
            ],
            [
              8.697605550339746,
              47.32351910979582
            ],
            [
              8.697635246919369,
              47.32341126107932
            ],
            [
              8.697701573900718,
              47.323313695762735
            ],
            [
              8.697834669402623,
              47.32317238865094
            ],
            [
              8.69799025565972,
              47.32303814478422
            ],
            [
              8.69811863691759,
              47.32290757638528
            ],
            [
              8.698226197769417,
              47.32277019970011
            ],
            [
              8.698286886256334,
              47.322644021340054
            ],
            [
              8.698288123411526,
              47.32248631040707
            ],
            [
              8.698273569598264,
              47.32232510527173
            ],
            [
              8.698251294943256,
              47.32225717564674
            ],
            [
              8.698211897625386,
              47.32216441990389
            ],
            [
              8.698125295821805,
              47.32206852184114
            ],
            [
              8.698050459970691,
              47.32201564425687
            ],
            [
              8.698012416475052,
              47.32198021582212
            ],
            [
              8.69784629152479,
              47.321878016055905
            ],
            [
              8.697691337636657,
              47.32179368616043
            ],
            [
              8.697447193520231,
              47.321713845524634
            ],
            [
              8.69735086373942,
              47.32166106166073
            ],
            [
              8.697297771633966,
              47.32161862860592
            ],
            [
              8.697258977557919,
              47.32162144461162
            ]
          ]
        ]
      }
    },
    {
      "type": "Feature",
      "properties": {
        "id": "greifensee-seeschutzzone-vb-4527",
        "lakeId": "greifensee",
        "name": "See-/Uferschutzzone Fällanden",
        "zone": "Seeschutzzone VB",
        "period": "ganzjährig",
        "rule": "Bootsfischen ist in dieser Seeschutzzone wegen Befahrverbot nicht erlaubt. Uferfischen im Schutzgebiet nur von offiziellen Wegen und Stegen.",
        "sourceIds": [
          "zh-angelfischerei-auszug-2026",
          "zh-greifensee-flyer",
          "greifensee-stiftung-fischen",
          "zh-gis-schutzzonen"
        ]
      },
      "geometry": {
        "type": "Polygon",
        "coordinates": [
          [
            [
              8.652627177417326,
              47.36701414700635
            ],
            [
              8.652542950469032,
              47.36709500555837
            ],
            [
              8.652481374879935,
              47.36715243684478
            ],
            [
              8.652403502061903,
              47.36722128267369
            ],
            [
              8.65233052901021,
              47.367287266804524
            ],
            [
              8.652306690900032,
              47.36736692468362
            ],
            [
              8.65229291317607,
              47.367488935778546
            ],
            [
              8.652283158490683,
              47.36760527709768
            ],
            [
              8.652284644272907,
              47.36767047506656
            ],
            [
              8.652335514066797,
              47.36772391795054
            ],
            [
              8.652446399646903,
              47.36779640375977
            ],
            [
              8.652513812974584,
              47.36784952426097
            ],
            [
              8.652620384770243,
              47.36795058939442
            ],
            [
              8.652772898494495,
              47.36803402180662
            ],
            [
              8.652942217455907,
              47.36812866543073
            ],
            [
              8.653119048307936,
              47.368226036362266
            ],
            [
              8.653262382777923,
              47.36826979083197
            ],
            [
              8.653433708968748,
              47.36827094015966
            ],
            [
              8.65363275886669,
              47.3682176860364
            ],
            [
              8.653835367090052,
              47.3681390946991
            ],
            [
              8.654042494000397,
              47.36807718139806
            ],
            [
              8.654430762827749,
              47.36772142839437
            ],
            [
              8.652830179260743,
              47.36709817300499
            ],
            [
              8.652627177417326,
              47.36701414700635
            ]
          ]
        ]
      }
    },
    {
      "type": "Feature",
      "properties": {
        "id": "greifensee-seeschutzzone-vb-4529",
        "lakeId": "greifensee",
        "name": "See-/Uferschutzzone Greifensee",
        "zone": "Seeschutzzone VB",
        "period": "ganzjährig",
        "rule": "Bootsfischen ist in dieser Seeschutzzone wegen Befahrverbot nicht erlaubt. Uferfischen im Schutzgebiet nur von offiziellen Wegen und Stegen.",
        "sourceIds": [
          "zh-angelfischerei-auszug-2026",
          "zh-greifensee-flyer",
          "greifensee-stiftung-fischen",
          "zh-gis-schutzzonen"
        ]
      },
      "geometry": {
        "type": "Polygon",
        "coordinates": [
          [
            [
              8.676097703968598,
              47.36339623352723
            ],
            [
              8.676555530594984,
              47.36329968030077
            ],
            [
              8.677033469434429,
              47.36324971173977
            ],
            [
              8.677321070332392,
              47.36323439414917
            ],
            [
              8.677623582838331,
              47.3631130794895
            ],
            [
              8.67803541275416,
              47.3630313525288
            ],
            [
              8.678578488498985,
              47.36293598018876
            ],
            [
              8.678882036123856,
              47.362859349246385
            ],
            [
              8.67919790138336,
              47.362778650569716
            ],
            [
              8.679449193702588,
              47.362767792631566
            ],
            [
              8.679788952740555,
              47.36268275524649
            ],
            [
              8.680177377604544,
              47.36266227002067
            ],
            [
              8.680319233525218,
              47.36257121157139
            ],
            [
              8.680498745626803,
              47.362569279315466
            ],
            [
              8.68066420633589,
              47.362461517552184
            ],
            [
              8.680805299927345,
              47.362337858307484
            ],
            [
              8.680874700623813,
              47.362262336431286
            ],
            [
              8.681103055786409,
              47.36201306514357
            ],
            [
              8.681150906339779,
              47.361971507774314
            ],
            [
              8.681367420082285,
              47.361782240428276
            ],
            [
              8.681619943738013,
              47.36157599837047
            ],
            [
              8.68174394598886,
              47.36146474665095
            ],
            [
              8.68179515330301,
              47.36135428393194
            ],
            [
              8.681827875032395,
              47.361231790937765
            ],
            [
              8.681783594650764,
              47.36114259323641
            ],
            [
              8.68175651075419,
              47.3611166002057
            ],
            [
              8.681412716654059,
              47.360850586786505
            ],
            [
              8.68131485620503,
              47.36076997599579
            ],
            [
              8.681217664316014,
              47.36071803532675
            ],
            [
              8.681024445519068,
              47.360664174635005
            ],
            [
              8.68091462659898,
              47.36060295676895
            ],
            [
              8.680900983839079,
              47.36055011153017
            ],
            [
              8.680923167511397,
              47.360472430395326
            ],
            [
              8.680970765859666,
              47.360455609588335
            ],
            [
              8.681030579303771,
              47.36043037164933
            ],
            [
              8.681126250848141,
              47.36041711113633
            ],
            [
              8.68118711877019,
              47.36043683527198
            ],
            [
              8.681241650737686,
              47.36046899986204
            ],
            [
              8.68128421186988,
              47.36048484513022
            ],
            [
              8.68170519565168,
              47.36051291227453
            ],
            [
              8.681916638179368,
              47.3605677000375
            ],
            [
              8.682072629497222,
              47.36058639764189
            ],
            [
              8.68220526886502,
              47.36059719668442
            ],
            [
              8.682294294482357,
              47.36054732884562
            ],
            [
              8.682389775745047,
              47.36052591588309
            ],
            [
              8.682449239890786,
              47.360521195026415
            ],
            [
              8.682490667180517,
              47.36048814395509
            ],
            [
              8.682561587222995,
              47.36044253687359
            ],
            [
              8.682703957079164,
              47.360409382323525
            ],
            [
              8.682771796481337,
              47.36033809038455
            ],
            [
              8.683005413266716,
              47.360066831063754
            ],
            [
              8.683103169455986,
              47.35989486353495
            ],
            [
              8.683197412495858,
              47.35982047477513
            ],
            [
              8.683423182174248,
              47.359744811098395
            ],
            [
              8.68352938928639,
              47.35968674121332
            ],
            [
              8.683612525184362,
              47.35963285638833
            ],
            [
              8.683844659587315,
              47.359581437882
            ],
            [
              8.684058935239408,
              47.35950997631652
            ],
            [
              8.684282797730576,
              47.35935279602864
            ],
            [
              8.68455130979113,
              47.35905277182652
            ],
            [
              8.684638427621099,
              47.35892153653242
            ],
            [
              8.684629240622797,
              47.35881172499981
            ],
            [
              8.684550709460538,
              47.35853160462573
            ],
            [
              8.684454723250747,
              47.3584960981965
            ],
            [
              8.684304534099804,
              47.35847734126055
            ],
            [
              8.68417702338166,
              47.358437955843726
            ],
            [
              8.684134143070334,
              47.35837334095635
            ],
            [
              8.684198252530807,
              47.35831966089744
            ],
            [
              8.684402279796805,
              47.35830522775949
            ],
            [
              8.684624058748504,
              47.35830691141571
            ],
            [
              8.684672060918354,
              47.35827578104284
            ],
            [
              8.684694150247303,
              47.35826145581099
            ],
            [
              8.684721520718188,
              47.35812271621809
            ],
            [
              8.684776697746639,
              47.35793476293706
            ],
            [
              8.684908837956995,
              47.357676824705976
            ],
            [
              8.684946962556854,
              47.3575381038776
            ],
            [
              8.684985150145794,
              47.357366638063894
            ],
            [
              8.685047323824913,
              47.35719491329369
            ],
            [
              8.68518566246712,
              47.356989896261936
            ],
            [
              8.685412609147532,
              47.35668215955161
            ],
            [
              8.685529498380685,
              47.35655060103667
            ],
            [
              8.685610755016539,
              47.35645203660531
            ],
            [
              8.685767825982442,
              47.35623444773978
            ],
            [
              8.686021450401507,
              47.35607709516195
            ],
            [
              8.686310132442413,
              47.35586229967553
            ],
            [
              8.686750116896764,
              47.35546665977621
            ],
            [
              8.687059823453332,
              47.35512541993132
            ],
            [
              8.687178325425887,
              47.355062990157855
            ],
            [
              8.687324509343204,
              47.35491087312039
            ],
            [
              8.687539589620535,
              47.354627580239445
            ],
            [
              8.6877858903574,
              47.35440508578992
            ],
            [
              8.687955194305424,
              47.354215889465195
            ],
            [
              8.688136557558712,
              47.354047089973086
            ],
            [
              8.688168034328918,
              47.354013434656764
            ],
            [
              8.688345616766297,
              47.35382457539501
            ],
            [
              8.688410997014419,
              47.353754988597146
            ],
            [
              8.688450467999802,
              47.353709448224365
            ],
            [
              8.688536117573818,
              47.35358694206773
            ],
            [
              8.688556864791938,
              47.353519107632756
            ],
            [
              8.688609407613093,
              47.35346653516081
            ],
            [
              8.68860049969536,
              47.35340422565195
            ],
            [
              8.68872120406651,
              47.353330112248756
            ],
            [
              8.68880325062762,
              47.35323041237283
            ],
            [
              8.688913121641198,
              47.35304720225804
            ],
            [
              8.688962748632502,
              47.352989425831595
            ],
            [
              8.688980762122965,
              47.352968460239026
            ],
            [
              8.689092711594245,
              47.352873639248195
            ],
            [
              8.689105132698991,
              47.35273309015238
            ],
            [
              8.68913475953529,
              47.35269116526895
            ],
            [
              8.689314472767,
              47.35252293934292
            ],
            [
              8.689326433343316,
              47.3523979978102
            ],
            [
              8.689392614197635,
              47.35225686894511
            ],
            [
              8.689459553123038,
              47.352183333583504
            ],
            [
              8.689471513283058,
              47.3520583920231
            ],
            [
              8.689521856815892,
              47.351912231678426
            ],
            [
              8.689512338243636,
              47.35182392744549
            ],
            [
              8.689449792918923,
              47.351767399388514
            ],
            [
              8.689380535876188,
              47.351742149258776
            ],
            [
              8.689310573752623,
              47.3517221061014
            ],
            [
              8.689203393341467,
              47.351702466969805
            ],
            [
              8.689149023816523,
              47.35167705453508
            ],
            [
              8.689117324585808,
              47.35163059092521
            ],
            [
              8.689139505798757,
              47.351588745768595
            ],
            [
              8.689169619734571,
              47.35156761757707
            ],
            [
              8.68923729116099,
              47.35152527963623
            ],
            [
              8.689297518838366,
              47.35148302229399
            ],
            [
              8.688883166162688,
              47.351417378133604
            ],
            [
              8.688857737958974,
              47.35142665346572
            ],
            [
              8.68881078818373,
              47.35136489623054
            ],
            [
              8.688820729744362,
              47.35125965414754
            ],
            [
              8.68791606658456,
              47.352017066892934
            ],
            [
              8.687862843611422,
              47.35207583081502
            ],
            [
              8.68750236222962,
              47.35240287099497
            ],
            [
              8.686948152784051,
              47.352936086440494
            ],
            [
              8.686541607209396,
              47.353310285365005
            ],
            [
              8.686051372412258,
              47.35378517980937
            ],
            [
              8.685342583501951,
              47.35446666301371
            ],
            [
              8.684892748886961,
              47.35486577815767
            ],
            [
              8.684158240324951,
              47.35554542174284
            ],
            [
              8.683375082950155,
              47.35626831402089
            ],
            [
              8.682465505762936,
              47.357141128426186
            ],
            [
              8.68180209261412,
              47.35778541064234
            ],
            [
              8.681051559953369,
              47.35849092345156
            ],
            [
              8.680257249784045,
              47.35927154308994
            ],
            [
              8.679335716117238,
              47.360168211910796
            ],
            [
              8.678306885711491,
              47.36118451866731
            ],
            [
              8.677449937717956,
              47.3620503962641
            ],
            [
              8.676661322147936,
              47.36283134547728
            ],
            [
              8.676097703968598,
              47.36339623352723
            ]
          ]
        ]
      }
    },
    {
      "type": "Feature",
      "properties": {
        "id": "greifensee-seeschutzzone-vb-4530",
        "lakeId": "greifensee",
        "name": "See-/Uferschutzzone Maur",
        "zone": "Seeschutzzone VB",
        "period": "ganzjährig",
        "rule": "Bootsfischen ist in dieser Seeschutzzone wegen Befahrverbot nicht erlaubt. Uferfischen im Schutzgebiet nur von offiziellen Wegen und Stegen.",
        "sourceIds": [
          "zh-angelfischerei-auszug-2026",
          "zh-greifensee-flyer",
          "greifensee-stiftung-fischen",
          "zh-gis-schutzzonen"
        ]
      },
      "geometry": {
        "type": "Polygon",
        "coordinates": [
          [
            [
              8.697223547254502,
              47.32159188849812
            ],
            [
              8.69715348369323,
              47.32153066798306
            ],
            [
              8.697072018834184,
              47.32147715952752
            ],
            [
              8.696986468918968,
              47.321425666493056
            ],
            [
              8.696921009500937,
              47.32138463561949
            ],
            [
              8.696830545265469,
              47.32133516069315
            ],
            [
              8.696766025297592,
              47.32129889612701
            ],
            [
              8.69665739279688,
              47.32125032622653
            ],
            [
              8.696557259675092,
              47.32121149929881
            ],
            [
              8.696446690945605,
              47.3211859960179
            ],
            [
              8.69636784590866,
              47.321173362188944
            ],
            [
              8.696350416425805,
              47.321170600742
            ],
            [
              8.696210472589678,
              47.32116158334652
            ],
            [
              8.696032558932437,
              47.32115537149565
            ],
            [
              8.69586630836369,
              47.32115282391017
            ],
            [
              8.695687741563784,
              47.32115392303244
            ],
            [
              8.695505105783498,
              47.321192879899726
            ],
            [
              8.695272624063747,
              47.321221835686536
            ],
            [
              8.695048584688163,
              47.321258142887906
            ],
            [
              8.694826613548194,
              47.321277012648984
            ],
            [
              8.694565233500017,
              47.32134282604071
            ],
            [
              8.694486547754126,
              47.32137207246762
            ],
            [
              8.694423500023586,
              47.32139834202759
            ],
            [
              8.694337389974272,
              47.321428375305956
            ],
            [
              8.694298977993913,
              47.32143084432659
            ],
            [
              8.694250705621013,
              47.32143395497474
            ],
            [
              8.694106537793981,
              47.32142118486877
            ],
            [
              8.694015729030674,
              47.321427232029635
            ],
            [
              8.693900688946416,
              47.3214224431362
            ],
            [
              8.693797755565726,
              47.32140514815243
            ],
            [
              8.693692613479593,
              47.3213994012977
            ],
            [
              8.693568960277222,
              47.32137994317191
            ],
            [
              8.6934481625918,
              47.32137648392315
            ],
            [
              8.693243678157284,
              47.321365492238186
            ],
            [
              8.693048132449436,
              47.321347795782145
            ],
            [
              8.69289627061608,
              47.32135942277644
            ],
            [
              8.692692180109015,
              47.32140029864361
            ],
            [
              8.692391587427796,
              47.32141607275417
            ],
            [
              8.692270900708566,
              47.321452520697385
            ],
            [
              8.692105275600804,
              47.32151181064596
            ],
            [
              8.692015784933513,
              47.32153878353312
            ],
            [
              8.6919420492685,
              47.321567695569414
            ],
            [
              8.691810132783587,
              47.32161888725718
            ],
            [
              8.691703642769403,
              47.32166136483736
            ],
            [
              8.691600740943983,
              47.32171575392939
            ],
            [
              8.691485517634849,
              47.321773650045785
            ],
            [
              8.691332392201215,
              47.321872432989935
            ],
            [
              8.691175027130392,
              47.32200190595445
            ],
            [
              8.691082325918163,
              47.32206827383796
            ],
            [
              8.69095319057816,
              47.32213236091786
            ],
            [
              8.690846406614586,
              47.32219761308044
            ],
            [
              8.690702522395444,
              47.32223220613975
            ],
            [
              8.690646471859681,
              47.32227484151246
            ],
            [
              8.69057011712561,
              47.32233315599728
            ],
            [
              8.690499867437884,
              47.32236976092586
            ],
            [
              8.690363242561926,
              47.32246709962885
            ],
            [
              8.690182151477005,
              47.32264279575392
            ],
            [
              8.690139369639542,
              47.322722389933645
            ],
            [
              8.690133202493918,
              47.322776713405226
            ],
            [
              8.690153213741398,
              47.32281880326269
            ],
            [
              8.690188696790413,
              47.3228513060711
            ],
            [
              8.690244140988442,
              47.32288851380372
            ],
            [
              8.690305766451651,
              47.322907244191576
            ],
            [
              8.690400906839423,
              47.32294472737483
            ],
            [
              8.690466194943928,
              47.32297859341379
            ],
            [
              8.690510261231543,
              47.323024218346326
            ],
            [
              8.690534350024183,
              47.32306415894356
            ],
            [
              8.690579757482924,
              47.32313169501938
            ],
            [
              8.690633719552007,
              47.32321136408829
            ],
            [
              8.690686505366562,
              47.323311425283165
            ],
            [
              8.690694495841818,
              47.32337009832026
            ],
            [
              8.690680073835145,
              47.323460211074334
            ],
            [
              8.690660319192377,
              47.32353449467158
            ],
            [
              8.690694957924883,
              47.32360116793356
            ],
            [
              8.690734707034084,
              47.32363896853206
            ],
            [
              8.69081133832789,
              47.323662874671854
            ],
            [
              8.690906170235241,
              47.32368742521571
            ],
            [
              8.690945001970256,
              47.32375630178174
            ],
            [
              8.690876339173029,
              47.323825354571525
            ],
            [
              8.69075457203957,
              47.323851274288224
            ],
            [
              8.690668321969094,
              47.32387553922224
            ],
            [
              8.690630441341337,
              47.32391741606744
            ],
            [
              8.690571645230177,
              47.32394883673587
            ],
            [
              8.69048846613304,
              47.32396309216466
            ],
            [
              8.6904218277648,
              47.32397744785105
            ],
            [
              8.690367713051442,
              47.32399701098774
            ],
            [
              8.69031135696386,
              47.324026713890014
            ],
            [
              8.690270657706561,
              47.32405414197555
            ],
            [
              8.690206738520352,
              47.324078731943274
            ],
            [
              8.690133806498693,
              47.3241067884565
            ],
            [
              8.69001539441853,
              47.32413478044292
            ],
            [
              8.689945770787576,
              47.32416322374511
            ],
            [
              8.689881795928049,
              47.32422042293806
            ],
            [
              8.68982297644275,
              47.32428613443611
            ],
            [
              8.689767399575228,
              47.324349144466346
            ],
            [
              8.68975996084564,
              47.324419786075126
            ],
            [
              8.689757340296728,
              47.32448433134186
            ],
            [
              8.689708959089115,
              47.32453685908477
            ],
            [
              8.689734645169976,
              47.32457438970276
            ],
            [
              8.689727577755265,
              47.32459035243953
            ],
            [
              8.690605464742928,
              47.32459742198375
            ],
            [
              8.692849244008578,
              47.32461455583607
            ],
            [
              8.695225807700153,
              47.32463339799319
            ],
            [
              8.6963248763137,
              47.32300384115897
            ],
            [
              8.697258977557919,
              47.32162144461162
            ],
            [
              8.697229459559885,
              47.321596888502015
            ],
            [
              8.697223547254502,
              47.32159188849812
            ]
          ]
        ]
      }
    }
  ]
}
