{
  "type": "FeatureCollection",
  "licence": "Data © OpenStreetMap contributors, ODbL 1.0. http://osm.org/copyright",
  "generatedAt": "2026-07-05",
  "features": [
    {
      "type": "Feature",
      "properties": {
        "id": "lac-leman",
        "name": "Lac Léman",
        "osmType": "relation",
        "osmId": 332617,
        "source": "OpenStreetMap via Nominatim lookup",
        "sourceUrl": "https://www.openstreetmap.org/relation/332617",
        "bbox": [
          6.1480088,
          46.2042839,
          6.930928,
          46.5184341
        ]
      },
      "geometry": {
        "type": "Polygon",
        "coordinates": [
          [
            [
              6.148009,
              46.20694
            ],
            [
              6.149766,
              46.205058
            ],
            [
              6.154176,
              46.204348
            ],
            [
              6.161202,
              46.207711
            ],
            [
              6.159367,
              46.20806
            ],
            [
              6.162606,
              46.208381
            ],
            [
              6.162218,
              46.20923
            ],
            [
              6.15905,
              46.209
            ],
            [
              6.164046,
              46.208822
            ],
            [
              6.167051,
              46.212081
            ],
            [
              6.167772,
              46.21098
            ],
            [
              6.166509,
              46.209587
            ],
            [
              6.173027,
              46.212286
            ],
            [
              6.168663,
              46.215595
            ],
            [
              6.171719,
              46.214448
            ],
            [
              6.175528,
              46.215253
            ],
            [
              6.18258,
              46.22479
            ],
            [
              6.181606,
              46.224449
            ],
            [
              6.19055,
              46.233028
            ],
            [
              6.193287,
              46.238205
            ],
            [
              6.193965,
              46.242624
            ],
            [
              6.19151,
              46.24456
            ],
            [
              6.191745,
              46.246478
            ],
            [
              6.194017,
              46.250901
            ],
            [
              6.193111,
              46.252933
            ],
            [
              6.194591,
              46.255712
            ],
            [
              6.194145,
              46.257512
            ],
            [
              6.198333,
              46.264021
            ],
            [
              6.20999,
              46.265626
            ],
            [
              6.218336,
              46.273427
            ],
            [
              6.220782,
              46.278545
            ],
            [
              6.224564,
              46.281163
            ],
            [
              6.228152,
              46.285866
            ],
            [
              6.235533,
              46.289108
            ],
            [
              6.242649,
              46.298404
            ],
            [
              6.240643,
              46.303959
            ],
            [
              6.248588,
              46.306326
            ],
            [
              6.252978,
              46.310951
            ],
            [
              6.254346,
              46.315064
            ],
            [
              6.255581,
              46.315376
            ],
            [
              6.258182,
              46.320031
            ],
            [
              6.256191,
              46.324143
            ],
            [
              6.261915,
              46.327722
            ],
            [
              6.261887,
              46.329242
            ],
            [
              6.272198,
              46.338521
            ],
            [
              6.276854,
              46.345377
            ],
            [
              6.276592,
              46.349706
            ],
            [
              6.277569,
              46.349848
            ],
            [
              6.276809,
              46.350014
            ],
            [
              6.2803,
              46.351054
            ],
            [
              6.28537,
              46.355795
            ],
            [
              6.291975,
              46.359681
            ],
            [
              6.302187,
              46.364124
            ],
            [
              6.301003,
              46.365293
            ],
            [
              6.302046,
              46.364184
            ],
            [
              6.303013,
              46.365461
            ],
            [
              6.301789,
              46.365867
            ],
            [
              6.308293,
              46.366416
            ],
            [
              6.315511,
              46.368914
            ],
            [
              6.321336,
              46.369002
            ],
            [
              6.324392,
              46.370809
            ],
            [
              6.323618,
              46.371653
            ],
            [
              6.330389,
              46.369706
            ],
            [
              6.343127,
              46.370214
            ],
            [
              6.350686,
              46.36722
            ],
            [
              6.350364,
              46.362048
            ],
            [
              6.359691,
              46.349626
            ],
            [
              6.36785,
              46.345613
            ],
            [
              6.381233,
              46.341717
            ],
            [
              6.381868,
              46.340642
            ],
            [
              6.381354,
              46.342019
            ],
            [
              6.389789,
              46.340353
            ],
            [
              6.389984,
              46.341268
            ],
            [
              6.387129,
              46.341109
            ],
            [
              6.391651,
              46.341136
            ],
            [
              6.397802,
              46.349096
            ],
            [
              6.404272,
              46.351077
            ],
            [
              6.412784,
              46.359929
            ],
            [
              6.43027,
              46.359876
            ],
            [
              6.45001,
              46.36628
            ],
            [
              6.454046,
              46.368718
            ],
            [
              6.469896,
              46.372901
            ],
            [
              6.46984,
              46.373936
            ],
            [
              6.476716,
              46.374949
            ],
            [
              6.475192,
              46.376108
            ],
            [
              6.477299,
              46.375188
            ],
            [
              6.482502,
              46.382435
            ],
            [
              6.482721,
              46.391607
            ],
            [
              6.483796,
              46.393098
            ],
            [
              6.492282,
              46.398349
            ],
            [
              6.513248,
              46.405039
            ],
            [
              6.521001,
              46.40413
            ],
            [
              6.520935,
              46.402678
            ],
            [
              6.522067,
              46.403682
            ],
            [
              6.538318,
              46.396396
            ],
            [
              6.545942,
              46.39471
            ],
            [
              6.587654,
              46.402171
            ],
            [
              6.599448,
              46.401688
            ],
            [
              6.605658,
              46.402882
            ],
            [
              6.600787,
              46.401792
            ],
            [
              6.636088,
              46.406013
            ],
            [
              6.639613,
              46.40524
            ],
            [
              6.647936,
              46.406202
            ],
            [
              6.66492,
              46.404575
            ],
            [
              6.679552,
              46.407683
            ],
            [
              6.684159,
              46.406892
            ],
            [
              6.690232,
              46.408168
            ],
            [
              6.72399,
              46.407971
            ],
            [
              6.735623,
              46.405
            ],
            [
              6.756902,
              46.402903
            ],
            [
              6.760243,
              46.400473
            ],
            [
              6.790096,
              46.393026
            ],
            [
              6.805147,
              46.394298
            ],
            [
              6.80628,
              46.392607
            ],
            [
              6.810906,
              46.390653
            ],
            [
              6.815938,
              46.39036
            ],
            [
              6.818034,
              46.388845
            ],
            [
              6.829212,
              46.385837
            ],
            [
              6.845385,
              46.388633
            ],
            [
              6.853313,
              46.386549
            ],
            [
              6.855752,
              46.387423
            ],
            [
              6.853584,
              46.386449
            ],
            [
              6.855803,
              46.385286
            ],
            [
              6.857601,
              46.386043
            ],
            [
              6.856176,
              46.387016
            ],
            [
              6.858291,
              46.386603
            ],
            [
              6.859691,
              46.388497
            ],
            [
              6.857586,
              46.393405
            ],
            [
              6.859855,
              46.391669
            ],
            [
              6.857657,
              46.39433
            ],
            [
              6.856927,
              46.393416
            ],
            [
              6.857363,
              46.394427
            ],
            [
              6.860138,
              46.39491
            ],
            [
              6.865569,
              46.392764
            ],
            [
              6.872895,
              46.39486
            ],
            [
              6.874121,
              46.394136
            ],
            [
              6.880288,
              46.395108
            ],
            [
              6.882719,
              46.396405
            ],
            [
              6.885376,
              46.395781
            ],
            [
              6.887256,
              46.396619
            ],
            [
              6.885754,
              46.399704
            ],
            [
              6.888023,
              46.396067
            ],
            [
              6.886203,
              46.399815
            ],
            [
              6.888544,
              46.395547
            ],
            [
              6.891093,
              46.394978
            ],
            [
              6.893154,
              46.395586
            ],
            [
              6.892145,
              46.395207
            ],
            [
              6.895808,
              46.394493
            ],
            [
              6.900253,
              46.396734
            ],
            [
              6.90507,
              46.396757
            ],
            [
              6.917913,
              46.3942
            ],
            [
              6.919273,
              46.396125
            ],
            [
              6.918647,
              46.397238
            ],
            [
              6.920155,
              46.396966
            ],
            [
              6.91919,
              46.397015
            ],
            [
              6.919765,
              46.396026
            ],
            [
              6.92489,
              46.398645
            ],
            [
              6.925028,
              46.402299
            ],
            [
              6.930257,
              46.406649
            ],
            [
              6.930752,
              46.410316
            ],
            [
              6.927602,
              46.414749
            ],
            [
              6.927293,
              46.418232
            ],
            [
              6.923421,
              46.420876
            ],
            [
              6.922614,
              46.425842
            ],
            [
              6.918744,
              46.429347
            ],
            [
              6.91234,
              46.428725
            ],
            [
              6.908701,
              46.430668
            ],
            [
              6.909427,
              46.434604
            ],
            [
              6.904915,
              46.438545
            ],
            [
              6.900468,
              46.440603
            ],
            [
              6.890143,
              46.438912
            ],
            [
              6.886332,
              46.441193
            ],
            [
              6.88481,
              46.440821
            ],
            [
              6.885782,
              46.442009
            ],
            [
              6.882199,
              46.441066
            ],
            [
              6.878965,
              46.442877
            ],
            [
              6.878442,
              46.445082
            ],
            [
              6.873382,
              46.447948
            ],
            [
              6.865242,
              46.448426
            ],
            [
              6.859924,
              46.446995
            ],
            [
              6.856715,
              46.451665
            ],
            [
              6.855113,
              46.452266
            ],
            [
              6.854765,
              46.451126
            ],
            [
              6.851722,
              46.457107
            ],
            [
              6.840763,
              46.458698
            ],
            [
              6.835133,
              46.460709
            ],
            [
              6.83481,
              46.46396
            ],
            [
              6.831333,
              46.468057
            ],
            [
              6.822847,
              46.467696
            ],
            [
              6.81994,
              46.469709
            ],
            [
              6.810863,
              46.470291
            ],
            [
              6.811656,
              46.469163
            ],
            [
              6.814464,
              46.469252
            ],
            [
              6.811812,
              46.469014
            ],
            [
              6.810512,
              46.470039
            ],
            [
              6.808745,
              46.46901
            ],
            [
              6.807791,
              46.470013
            ],
            [
              6.809054,
              46.470551
            ],
            [
              6.800719,
              46.471361
            ],
            [
              6.78872,
              46.474401
            ],
            [
              6.778319,
              46.473952
            ],
            [
              6.761362,
              46.479876
            ],
            [
              6.752052,
              46.486072
            ],
            [
              6.744146,
              46.489334
            ],
            [
              6.735104,
              46.489213
            ],
            [
              6.730274,
              46.486568
            ],
            [
              6.721913,
              46.486237
            ],
            [
              6.700797,
              46.498006
            ],
            [
              6.691935,
              46.499535
            ],
            [
              6.688016,
              46.501499
            ],
            [
              6.685251,
              46.50091
            ],
            [
              6.67905,
              46.502193
            ],
            [
              6.676815,
              46.504272
            ],
            [
              6.669177,
              46.503555
            ],
            [
              6.66834,
              46.504414
            ],
            [
              6.669041,
              46.503311
            ],
            [
              6.668189,
              46.504496
            ],
            [
              6.664826,
              46.504096
            ],
            [
              6.664237,
              46.505872
            ],
            [
              6.662444,
              46.505156
            ],
            [
              6.664009,
              46.504556
            ],
            [
              6.659558,
              46.505988
            ],
            [
              6.641546,
              46.504677
            ],
            [
              6.632431,
              46.507149
            ],
            [
              6.628399,
              46.506661
            ],
            [
              6.629064,
              46.505151
            ],
            [
              6.62592,
              46.504498
            ],
            [
              6.625898,
              46.506192
            ],
            [
              6.623569,
              46.50763
            ],
            [
              6.620521,
              46.506086
            ],
            [
              6.614954,
              46.510197
            ],
            [
              6.607862,
              46.511665
            ],
            [
              6.607657,
              46.512562
            ],
            [
              6.604926,
              46.512504
            ],
            [
              6.604696,
              46.51124
            ],
            [
              6.608678,
              46.511066
            ],
            [
              6.600355,
              46.512052
            ],
            [
              6.600647,
              46.513326
            ],
            [
              6.599068,
              46.514412
            ],
            [
              6.590602,
              46.518372
            ],
            [
              6.587066,
              46.516898
            ],
            [
              6.58258,
              46.518202
            ],
            [
              6.579015,
              46.517555
            ],
            [
              6.578984,
              46.516423
            ],
            [
              6.576266,
              46.516155
            ],
            [
              6.572799,
              46.513178
            ],
            [
              6.565471,
              46.512208
            ],
            [
              6.560129,
              46.507836
            ],
            [
              6.556069,
              46.507396
            ],
            [
              6.53941,
              46.508149
            ],
            [
              6.539134,
              46.507203
            ],
            [
              6.535352,
              46.507311
            ],
            [
              6.535272,
              46.508444
            ],
            [
              6.523725,
              46.514451
            ],
            [
              6.516472,
              46.516149
            ],
            [
              6.513055,
              46.514898
            ],
            [
              6.507456,
              46.515781
            ],
            [
              6.501546,
              46.51242
            ],
            [
              6.501996,
              46.510501
            ],
            [
              6.499167,
              46.506421
            ],
            [
              6.498939,
              46.507659
            ],
            [
              6.497465,
              46.506493
            ],
            [
              6.499115,
              46.506126
            ],
            [
              6.495241,
              46.504087
            ],
            [
              6.494292,
              46.504876
            ],
            [
              6.494145,
              46.50352
            ],
            [
              6.490266,
              46.502766
            ],
            [
              6.488904,
              46.501017
            ],
            [
              6.489797,
              46.502486
            ],
            [
              6.487514,
              46.502371
            ],
            [
              6.488359,
              46.50126
            ],
            [
              6.486823,
              46.501549
            ],
            [
              6.482871,
              46.497442
            ],
            [
              6.482037,
              46.491998
            ],
            [
              6.480253,
              46.490904
            ],
            [
              6.469418,
              46.490842
            ],
            [
              6.461896,
              46.48512
            ],
            [
              6.462652,
              46.484249
            ],
            [
              6.462207,
              46.48358
            ],
            [
              6.46182,
              46.484722
            ],
            [
              6.460957,
              46.481649
            ],
            [
              6.461931,
              46.478721
            ],
            [
              6.454881,
              46.478755
            ],
            [
              6.448487,
              46.473748
            ],
            [
              6.435232,
              46.470254
            ],
            [
              6.420582,
              46.468386
            ],
            [
              6.409441,
              46.463012
            ],
            [
              6.4084,
              46.460948
            ],
            [
              6.402238,
              46.45893
            ],
            [
              6.391541,
              46.459812
            ],
            [
              6.390839,
              46.461677
            ],
            [
              6.389546,
              46.461507
            ],
            [
              6.390234,
              46.460761
            ],
            [
              6.387354,
              46.463084
            ],
            [
              6.381506,
              46.465218
            ],
            [
              6.373112,
              46.465405
            ],
            [
              6.363413,
              46.462268
            ],
            [
              6.355368,
              46.462138
            ],
            [
              6.351575,
              46.460772
            ],
            [
              6.345939,
              46.461287
            ],
            [
              6.345269,
              46.459747
            ],
            [
              6.343835,
              46.459892
            ],
            [
              6.338406,
              46.456411
            ],
            [
              6.336705,
              46.453971
            ],
            [
              6.336869,
              46.451353
            ],
            [
              6.337151,
              46.452804
            ],
            [
              6.336052,
              46.453562
            ],
            [
              6.331777,
              46.44925
            ],
            [
              6.328583,
              46.448499
            ],
            [
              6.32382,
              46.444638
            ],
            [
              6.319243,
              46.44345
            ],
            [
              6.317871,
              46.439536
            ],
            [
              6.306885,
              46.429942
            ],
            [
              6.297355,
              46.426129
            ],
            [
              6.297261,
              46.424567
            ],
            [
              6.295528,
              46.423586
            ],
            [
              6.291442,
              46.423335
            ],
            [
              6.290089,
              46.420577
            ],
            [
              6.290156,
              46.413895
            ],
            [
              6.287402,
              46.409854
            ],
            [
              6.281682,
              46.405732
            ],
            [
              6.283068,
              46.40025
            ],
            [
              6.282147,
              46.397093
            ],
            [
              6.27806,
              46.395799
            ],
            [
              6.274089,
              46.390064
            ],
            [
              6.266864,
              46.391144
            ],
            [
              6.266031,
              46.391498
            ],
            [
              6.267489,
              46.391692
            ],
            [
              6.264593,
              46.392717
            ],
            [
              6.258259,
              46.392926
            ],
            [
              6.247567,
              46.386984
            ],
            [
              6.246708,
              46.382645
            ],
            [
              6.244435,
              46.383091
            ],
            [
              6.241373,
              46.378818
            ],
            [
              6.241332,
              46.380095
            ],
            [
              6.238437,
              46.377857
            ],
            [
              6.239467,
              46.37773
            ],
            [
              6.236121,
              46.376935
            ],
            [
              6.233341,
              46.371441
            ],
            [
              6.225735,
              46.365496
            ],
            [
              6.222175,
              46.364291
            ],
            [
              6.219606,
              46.360422
            ],
            [
              6.216474,
              46.358821
            ],
            [
              6.215715,
              46.355995
            ],
            [
              6.213499,
              46.355121
            ],
            [
              6.208842,
              46.349069
            ],
            [
              6.20951,
              46.347956
            ],
            [
              6.207267,
              46.347557
            ],
            [
              6.207427,
              46.339531
            ],
            [
              6.203391,
              46.335978
            ],
            [
              6.202843,
              46.329861
            ],
            [
              6.199472,
              46.324843
            ],
            [
              6.197554,
              46.31927
            ],
            [
              6.193538,
              46.315382
            ],
            [
              6.188151,
              46.312442
            ],
            [
              6.182342,
              46.306457
            ],
            [
              6.181615,
              46.303842
            ],
            [
              6.178556,
              46.300562
            ],
            [
              6.170738,
              46.295868
            ],
            [
              6.169801,
              46.292089
            ],
            [
              6.171924,
              46.287948
            ],
            [
              6.17193,
              46.288915
            ],
            [
              6.17017,
              46.288807
            ],
            [
              6.170246,
              46.286677
            ],
            [
              6.167067,
              46.281602
            ],
            [
              6.171434,
              46.272817
            ],
            [
              6.17039,
              46.273496
            ],
            [
              6.166278,
              46.262302
            ],
            [
              6.16634,
              46.263895
            ],
            [
              6.161986,
              46.262828
            ],
            [
              6.158128,
              46.259147
            ],
            [
              6.156625,
              46.254927
            ],
            [
              6.151678,
              46.251255
            ],
            [
              6.151637,
              46.247989
            ],
            [
              6.153962,
              46.245695
            ],
            [
              6.151094,
              46.239281
            ],
            [
              6.150246,
              46.235886
            ],
            [
              6.151206,
              46.233445
            ],
            [
              6.150003,
              46.232338
            ],
            [
              6.150754,
              46.231009
            ],
            [
              6.150078,
              46.231506
            ],
            [
              6.14904,
              46.226628
            ],
            [
              6.153643,
              46.221418
            ],
            [
              6.151615,
              46.217415
            ],
            [
              6.152853,
              46.212858
            ],
            [
              6.154651,
              46.211868
            ],
            [
              6.152902,
              46.212714
            ],
            [
              6.153521,
              46.210827
            ],
            [
              6.148044,
              46.206954
            ],
            [
              6.148009,
              46.20694
            ]
          ],
          [
            [
              6.153364,
              46.210419
            ],
            [
              6.156969,
              46.21
            ],
            [
              6.153401,
              46.210399
            ],
            [
              6.153364,
              46.210419
            ]
          ],
          [
            [
              6.154279,
              46.205645
            ],
            [
              6.154292,
              46.205659
            ],
            [
              6.154301,
              46.205665
            ],
            [
              6.1543,
              46.205674
            ],
            [
              6.154307,
              46.205679
            ],
            [
              6.154316,
              46.205683
            ],
            [
              6.154324,
              46.205683
            ],
            [
              6.154331,
              46.205678
            ],
            [
              6.154342,
              46.205678
            ],
            [
              6.154336,
              46.20567
            ],
            [
              6.154333,
              46.205662
            ],
            [
              6.15433,
              46.205643
            ],
            [
              6.154324,
              46.205618
            ],
            [
              6.154321,
              46.205606
            ],
            [
              6.154317,
              46.205603
            ],
            [
              6.154308,
              46.205605
            ],
            [
              6.154295,
              46.205612
            ],
            [
              6.154288,
              46.205622
            ],
            [
              6.154282,
              46.205633
            ],
            [
              6.154279,
              46.205645
            ]
          ],
          [
            [
              6.154921,
              46.205122
            ],
            [
              6.154929,
              46.205138
            ],
            [
              6.154978,
              46.205132
            ],
            [
              6.154982,
              46.205121
            ],
            [
              6.154994,
              46.205112
            ],
            [
              6.154998,
              46.205104
            ],
            [
              6.154997,
              46.205097
            ],
            [
              6.154986,
              46.205094
            ],
            [
              6.154978,
              46.205089
            ],
            [
              6.154958,
              46.205085
            ],
            [
              6.154938,
              46.205087
            ],
            [
              6.15493,
              46.205093
            ],
            [
              6.154928,
              46.2051
            ],
            [
              6.154928,
              46.205106
            ],
            [
              6.154925,
              46.205111
            ],
            [
              6.154921,
              46.205122
            ]
          ],
          [
            [
              6.155831,
              46.207389
            ],
            [
              6.155842,
              46.207409
            ],
            [
              6.155863,
              46.207422
            ],
            [
              6.155891,
              46.207428
            ],
            [
              6.155919,
              46.207425
            ],
            [
              6.155943,
              46.207414
            ],
            [
              6.15595,
              46.207405
            ],
            [
              6.155955,
              46.207396
            ],
            [
              6.155958,
              46.207387
            ],
            [
              6.15596,
              46.207378
            ],
            [
              6.155951,
              46.20736
            ],
            [
              6.155932,
              46.207347
            ],
            [
              6.155907,
              46.207339
            ],
            [
              6.15588,
              46.20734
            ],
            [
              6.155852,
              46.20735
            ],
            [
              6.155834,
              46.207367
            ],
            [
              6.155831,
              46.207389
            ]
          ],
          [
            [
              6.155852,
              46.207985
            ],
            [
              6.155864,
              46.208022
            ],
            [
              6.155891,
              46.208037
            ],
            [
              6.155912,
              46.208048
            ],
            [
              6.155947,
              46.208054
            ],
            [
              6.155983,
              46.208058
            ],
            [
              6.156016,
              46.208052
            ],
            [
              6.156042,
              46.208042
            ],
            [
              6.156051,
              46.208036
            ],
            [
              6.156073,
              46.208009
            ],
            [
              6.156151,
              46.207934
            ],
            [
              6.156184,
              46.207893
            ],
            [
              6.15622,
              46.207862
            ],
            [
              6.156204,
              46.207853
            ],
            [
              6.156151,
              46.207912
            ],
            [
              6.156111,
              46.207944
            ],
            [
              6.15604,
              46.208015
            ],
            [
              6.156034,
              46.208028
            ],
            [
              6.15601,
              46.208039
            ],
            [
              6.15599,
              46.208044
            ],
            [
              6.155973,
              46.208044
            ],
            [
              6.155971,
              46.208039
            ],
            [
              6.155964,
              46.208038
            ],
            [
              6.155958,
              46.208043
            ],
            [
              6.155931,
              46.20804
            ],
            [
              6.155913,
              46.208038
            ],
            [
              6.155892,
              46.208024
            ],
            [
              6.155871,
              46.207992
            ],
            [
              6.155881,
              46.207945
            ],
            [
              6.155859,
              46.207945
            ],
            [
              6.155852,
              46.207985
            ]
          ],
          [
            [
              6.155968,
              46.208009
            ],
            [
              6.157143,
              46.20632
            ],
            [
              6.15597,
              46.208
            ],
            [
              6.155968,
              46.208009
            ]
          ],
          [
            [
              6.155979,
              46.210155
            ],
            [
              6.155992,
              46.210168
            ],
            [
              6.156003,
              46.210171
            ],
            [
              6.156029,
              46.210166
            ],
            [
              6.156048,
              46.210164
            ],
            [
              6.156073,
              46.210161
            ],
            [
              6.15608,
              46.210151
            ],
            [
              6.156081,
              46.210134
            ],
            [
              6.156058,
              46.21012
            ],
            [
              6.156028,
              46.210118
            ],
            [
              6.156005,
              46.210123
            ],
            [
              6.156009,
              46.210137
            ],
            [
              6.155989,
              46.210148
            ],
            [
              6.155979,
              46.210155
            ]
          ],
          [
            [
              6.156125,
              46.210082
            ],
            [
              6.156132,
              46.210102
            ],
            [
              6.156145,
              46.210107
            ],
            [
              6.156163,
              46.210109
            ],
            [
              6.156188,
              46.210104
            ],
            [
              6.156209,
              46.210096
            ],
            [
              6.156219,
              46.210089
            ],
            [
              6.156215,
              46.210074
            ],
            [
              6.15619,
              46.210067
            ],
            [
              6.156158,
              46.210072
            ],
            [
              6.156136,
              46.210073
            ],
            [
              6.156125,
              46.210082
            ]
          ],
          [
            [
              6.156602,
              46.210078
            ],
            [
              6.156609,
              46.210083
            ],
            [
              6.156648,
              46.210073
            ],
            [
              6.156684,
              46.210074
            ],
            [
              6.156711,
              46.210077
            ],
            [
              6.15674,
              46.210076
            ],
            [
              6.15679,
              46.21008
            ],
            [
              6.156809,
              46.210082
            ],
            [
              6.156862,
              46.210086
            ],
            [
              6.156901,
              46.210083
            ],
            [
              6.156924,
              46.21009
            ],
            [
              6.156987,
              46.210093
            ],
            [
              6.156994,
              46.21008
            ],
            [
              6.157007,
              46.210062
            ],
            [
              6.157015,
              46.210045
            ],
            [
              6.157027,
              46.210021
            ],
            [
              6.157022,
              46.209993
            ],
            [
              6.15702,
              46.209974
            ],
            [
              6.157007,
              46.209957
            ],
            [
              6.156986,
              46.209944
            ],
            [
              6.156947,
              46.20994
            ],
            [
              6.156918,
              46.209938
            ],
            [
              6.156914,
              46.209952
            ],
            [
              6.156923,
              46.209958
            ],
            [
              6.156955,
              46.20996
            ],
            [
              6.156969,
              46.209966
            ],
            [
              6.156989,
              46.209975
            ],
            [
              6.156996,
              46.209986
            ],
            [
              6.156992,
              46.210005
            ],
            [
              6.156989,
              46.210021
            ],
            [
              6.156966,
              46.210036
            ],
            [
              6.156938,
              46.21005
            ],
            [
              6.15684,
              46.210063
            ],
            [
              6.156783,
              46.210055
            ],
            [
              6.156713,
              46.210054
            ],
            [
              6.156665,
              46.210059
            ],
            [
              6.156603,
              46.210069
            ],
            [
              6.156602,
              46.210078
            ]
          ],
          [
            [
              6.162372,
              46.209438
            ],
            [
              6.162396,
              46.209449
            ],
            [
              6.162428,
              46.209443
            ],
            [
              6.162491,
              46.209432
            ],
            [
              6.162549,
              46.209409
            ],
            [
              6.162618,
              46.209377
            ],
            [
              6.162645,
              46.209344
            ],
            [
              6.162684,
              46.209232
            ],
            [
              6.162738,
              46.209136
            ],
            [
              6.162752,
              46.209127
            ],
            [
              6.162743,
              46.20912
            ],
            [
              6.16273,
              46.209126
            ],
            [
              6.162695,
              46.209115
            ],
            [
              6.162666,
              46.209153
            ],
            [
              6.162638,
              46.209228
            ],
            [
              6.162599,
              46.209327
            ],
            [
              6.16258,
              46.209353
            ],
            [
              6.162539,
              46.209381
            ],
            [
              6.162488,
              46.209403
            ],
            [
              6.162444,
              46.209415
            ],
            [
              6.162379,
              46.209418
            ],
            [
              6.162372,
              46.209438
            ]
          ],
          [
            [
              6.166249,
              46.212767
            ],
            [
              6.167774,
              46.213441
            ],
            [
              6.166258,
              46.212758
            ],
            [
              6.166249,
              46.212767
            ]
          ],
          [
            [
              6.167147,
              46.214385
            ],
            [
              6.168835,
              46.215125
            ],
            [
              6.167164,
              46.214369
            ],
            [
              6.167147,
              46.214385
            ]
          ],
          [
            [
              6.167383,
              46.214172
            ],
            [
              6.167402,
              46.21419
            ],
            [
              6.167428,
              46.21419
            ],
            [
              6.167444,
              46.214178
            ],
            [
              6.167461,
              46.213667
            ],
            [
              6.167446,
              46.213656
            ],
            [
              6.167422,
              46.213655
            ],
            [
              6.167406,
              46.213666
            ],
            [
              6.167383,
              46.214172
            ]
          ],
          [
            [
              6.170173,
              46.271938
            ],
            [
              6.170848,
              46.27277
            ],
            [
              6.170288,
              46.2719
            ],
            [
              6.170173,
              46.271938
            ]
          ],
          [
            [
              6.17038,
              46.286698
            ],
            [
              6.171974,
              46.286668
            ],
            [
              6.171937,
              46.287639
            ],
            [
              6.171995,
              46.286641
            ],
            [
              6.170381,
              46.286678
            ],
            [
              6.17038,
              46.286698
            ]
          ],
          [
            [
              6.241009,
              46.298944
            ],
            [
              6.24101,
              46.299005
            ],
            [
              6.241026,
              46.299065
            ],
            [
              6.241049,
              46.299106
            ],
            [
              6.241081,
              46.299144
            ],
            [
              6.241129,
              46.299194
            ],
            [
              6.241198,
              46.299245
            ],
            [
              6.241267,
              46.299287
            ],
            [
              6.241325,
              46.299328
            ],
            [
              6.241338,
              46.299346
            ],
            [
              6.241347,
              46.299365
            ],
            [
              6.241346,
              46.299387
            ],
            [
              6.241325,
              46.299425
            ],
            [
              6.241328,
              46.299441
            ],
            [
              6.241331,
              46.299454
            ],
            [
              6.241352,
              46.299462
            ],
            [
              6.241369,
              46.299463
            ],
            [
              6.241376,
              46.299455
            ],
            [
              6.241379,
              46.299443
            ],
            [
              6.241382,
              46.299426
            ],
            [
              6.24139,
              46.299397
            ],
            [
              6.241393,
              46.299382
            ],
            [
              6.241394,
              46.299365
            ],
            [
              6.241389,
              46.299346
            ],
            [
              6.241376,
              46.29933
            ],
            [
              6.241354,
              46.299308
            ],
            [
              6.241318,
              46.299281
            ],
            [
              6.241205,
              46.29921
            ],
            [
              6.241165,
              46.299176
            ],
            [
              6.241134,
              46.299146
            ],
            [
              6.24111,
              46.299118
            ],
            [
              6.241091,
              46.299085
            ],
            [
              6.241073,
              46.299053
            ],
            [
              6.241064,
              46.29902
            ],
            [
              6.241057,
              46.298983
            ],
            [
              6.241054,
              46.298942
            ],
            [
              6.241057,
              46.298909
            ],
            [
              6.241069,
              46.29887
            ],
            [
              6.241083,
              46.298839
            ],
            [
              6.241102,
              46.298804
            ],
            [
              6.241135,
              46.298752
            ],
            [
              6.241166,
              46.298713
            ],
            [
              6.241197,
              46.298684
            ],
            [
              6.241288,
              46.298612
            ],
            [
              6.241308,
              46.298595
            ],
            [
              6.241323,
              46.298578
            ],
            [
              6.241332,
              46.298557
            ],
            [
              6.241339,
              46.29853
            ],
            [
              6.241366,
              46.298535
            ],
            [
              6.24136,
              46.29851
            ],
            [
              6.241345,
              46.298497
            ],
            [
              6.241322,
              46.298493
            ],
            [
              6.241294,
              46.298498
            ],
            [
              6.241284,
              46.298507
            ],
            [
              6.241275,
              46.298518
            ],
            [
              6.241267,
              46.298537
            ],
            [
              6.241286,
              46.298549
            ],
            [
              6.241266,
              46.298579
            ],
            [
              6.241217,
              46.298618
            ],
            [
              6.241141,
              46.298683
            ],
            [
              6.241093,
              46.29874
            ],
            [
              6.241058,
              46.298795
            ],
            [
              6.241041,
              46.298828
            ],
            [
              6.241017,
              46.298885
            ],
            [
              6.241009,
              46.298944
            ]
          ],
          [
            [
              6.32088,
              46.369544
            ],
            [
              6.321389,
              46.370241
            ],
            [
              6.320899,
              46.369512
            ],
            [
              6.32088,
              46.369544
            ]
          ],
          [
            [
              6.321322,
              46.370355
            ],
            [
              6.323617,
              46.371126
            ],
            [
              6.321325,
              46.370346
            ],
            [
              6.321322,
              46.370355
            ]
          ],
          [
            [
              6.326473,
              46.371956
            ],
            [
              6.326481,
              46.37197
            ],
            [
              6.326496,
              46.371973
            ],
            [
              6.326519,
              46.371969
            ],
            [
              6.326522,
              46.371961
            ],
            [
              6.326522,
              46.37195
            ],
            [
              6.326528,
              46.371934
            ],
            [
              6.326528,
              46.371919
            ],
            [
              6.326523,
              46.37191
            ],
            [
              6.326509,
              46.371904
            ],
            [
              6.326501,
              46.3719
            ],
            [
              6.326489,
              46.371905
            ],
            [
              6.326481,
              46.37192
            ],
            [
              6.326476,
              46.371938
            ],
            [
              6.326473,
              46.371956
            ]
          ],
          [
            [
              6.338961,
              46.45586
            ],
            [
              6.339716,
              46.4549
            ],
            [
              6.338984,
              46.455724
            ],
            [
              6.338961,
              46.45586
            ]
          ],
          [
            [
              6.349094,
              46.367885
            ],
            [
              6.349096,
              46.367898
            ],
            [
              6.3491,
              46.367902
            ],
            [
              6.349111,
              46.367903
            ],
            [
              6.349132,
              46.367907
            ],
            [
              6.349145,
              46.367907
            ],
            [
              6.349165,
              46.36791
            ],
            [
              6.349187,
              46.367911
            ],
            [
              6.349204,
              46.367914
            ],
            [
              6.349218,
              46.367912
            ],
            [
              6.349238,
              46.367915
            ],
            [
              6.34926,
              46.367911
            ],
            [
              6.349286,
              46.367911
            ],
            [
              6.34932,
              46.367904
            ],
            [
              6.349335,
              46.367903
            ],
            [
              6.34935,
              46.367896
            ],
            [
              6.349378,
              46.367887
            ],
            [
              6.349399,
              46.367882
            ],
            [
              6.349422,
              46.36787
            ],
            [
              6.349446,
              46.367856
            ],
            [
              6.34948,
              46.367835
            ],
            [
              6.349481,
              46.367829
            ],
            [
              6.349504,
              46.367808
            ],
            [
              6.349521,
              46.367788
            ],
            [
              6.349536,
              46.367773
            ],
            [
              6.34955,
              46.367762
            ],
            [
              6.349548,
              46.367752
            ],
            [
              6.349556,
              46.367739
            ],
            [
              6.349565,
              46.367726
            ],
            [
              6.349571,
              46.367717
            ],
            [
              6.349574,
              46.367688
            ],
            [
              6.349572,
              46.367685
            ],
            [
              6.349566,
              46.367682
            ],
            [
              6.349558,
              46.367684
            ],
            [
              6.349556,
              46.367687
            ],
            [
              6.349554,
              46.367691
            ],
            [
              6.349548,
              46.367694
            ],
            [
              6.349543,
              46.367707
            ],
            [
              6.349535,
              46.367726
            ],
            [
              6.349522,
              46.367748
            ],
            [
              6.349506,
              46.36777
            ],
            [
              6.349474,
              46.3678
            ],
            [
              6.349457,
              46.367815
            ],
            [
              6.349437,
              46.36783
            ],
            [
              6.349396,
              46.367859
            ],
            [
              6.349368,
              46.367869
            ],
            [
              6.349337,
              46.367878
            ],
            [
              6.34929,
              46.367888
            ],
            [
              6.349253,
              46.367892
            ],
            [
              6.349223,
              46.367891
            ],
            [
              6.349195,
              46.36789
            ],
            [
              6.349172,
              46.367888
            ],
            [
              6.349127,
              46.367882
            ],
            [
              6.34912,
              46.367877
            ],
            [
              6.34911,
              46.367874
            ],
            [
              6.349097,
              46.367875
            ],
            [
              6.349094,
              46.367885
            ]
          ],
          [
            [
              6.476219,
              46.375929
            ],
            [
              6.479846,
              46.379122
            ],
            [
              6.47623,
              46.375914
            ],
            [
              6.476219,
              46.375929
            ]
          ],
          [
            [
              6.488182,
              46.500687
            ],
            [
              6.489112,
              46.500706
            ],
            [
              6.488238,
              46.500633
            ],
            [
              6.488182,
              46.500687
            ]
          ],
          [
            [
              6.514037,
              46.51545
            ],
            [
              6.51404,
              46.515488
            ],
            [
              6.514098,
              46.515493
            ],
            [
              6.51414,
              46.515466
            ],
            [
              6.514208,
              46.515462
            ],
            [
              6.51422,
              46.515388
            ],
            [
              6.514187,
              46.515371
            ],
            [
              6.51414,
              46.515375
            ],
            [
              6.514099,
              46.515429
            ],
            [
              6.514037,
              46.51545
            ]
          ],
          [
            [
              6.51423,
              46.515468
            ],
            [
              6.514279,
              46.515483
            ],
            [
              6.514343,
              46.515463
            ],
            [
              6.514407,
              46.515487
            ],
            [
              6.514479,
              46.515481
            ],
            [
              6.514484,
              46.515408
            ],
            [
              6.51434,
              46.515332
            ],
            [
              6.514277,
              46.515365
            ],
            [
              6.514249,
              46.515399
            ],
            [
              6.51423,
              46.515468
            ]
          ],
          [
            [
              6.5347,
              46.507142
            ],
            [
              6.536162,
              46.506809
            ],
            [
              6.534779,
              46.50704
            ],
            [
              6.5347,
              46.507142
            ]
          ],
          [
            [
              6.561317,
              46.508466
            ],
            [
              6.561417,
              46.508532
            ],
            [
              6.561908,
              46.508217
            ],
            [
              6.561927,
              46.508184
            ],
            [
              6.561928,
              46.508175
            ],
            [
              6.561915,
              46.508169
            ],
            [
              6.562021,
              46.5081
            ],
            [
              6.562034,
              46.508108
            ],
            [
              6.562105,
              46.508063
            ],
            [
              6.562139,
              46.508041
            ],
            [
              6.562113,
              46.508024
            ],
            [
              6.562103,
              46.508017
            ],
            [
              6.562102,
              46.508012
            ],
            [
              6.562094,
              46.508007
            ],
            [
              6.562084,
              46.508006
            ],
            [
              6.562076,
              46.508004
            ],
            [
              6.562051,
              46.508003
            ],
            [
              6.562048,
              46.508003
            ],
            [
              6.562048,
              46.508006
            ],
            [
              6.56205,
              46.508008
            ],
            [
              6.562083,
              46.508009
            ],
            [
              6.562093,
              46.508012
            ],
            [
              6.562092,
              46.508015
            ],
            [
              6.562085,
              46.508012
            ],
            [
              6.561988,
              46.508074
            ],
            [
              6.562,
              46.508082
            ],
            [
              6.561891,
              46.508149
            ],
            [
              6.561879,
              46.508136
            ],
            [
              6.561861,
              46.50814
            ],
            [
              6.561853,
              46.508146
            ],
            [
              6.561842,
              46.508143
            ],
            [
              6.56183,
              46.508147
            ],
            [
              6.561808,
              46.508144
            ],
            [
              6.561805,
              46.508148
            ],
            [
              6.561795,
              46.508151
            ],
            [
              6.56179,
              46.508159
            ],
            [
              6.56178,
              46.508175
            ],
            [
              6.561317,
              46.508466
            ]
          ],
          [
            [
              6.593489,
              46.402096
            ],
            [
              6.596316,
              46.402321
            ],
            [
              6.5935,
              46.402052
            ],
            [
              6.593489,
              46.402096
            ]
          ],
          [
            [
              6.621344,
              46.506722
            ],
            [
              6.62479,
              46.505732
            ],
            [
              6.621348,
              46.506678
            ],
            [
              6.621344,
              46.506722
            ]
          ],
          [
            [
              6.624108,
              46.505307
            ],
            [
              6.625027,
              46.504968
            ],
            [
              6.624124,
              46.505292
            ],
            [
              6.624108,
              46.505307
            ]
          ],
          [
            [
              6.88184,
              46.440917
            ],
            [
              6.882697,
              46.440546
            ],
            [
              6.881848,
              46.440866
            ],
            [
              6.88184,
              46.440917
            ]
          ],
          [
            [
              6.882726,
              46.440418
            ],
            [
              6.883527,
              46.440497
            ],
            [
              6.882738,
              46.440328
            ],
            [
              6.882726,
              46.440418
            ]
          ],
          [
            [
              6.88359,
              46.440442
            ],
            [
              6.88486,
              46.440555
            ],
            [
              6.883651,
              46.440427
            ],
            [
              6.88359,
              46.440442
            ]
          ],
          [
            [
              6.913624,
              46.400008
            ],
            [
              6.913666,
              46.400058
            ],
            [
              6.913754,
              46.400075
            ],
            [
              6.913858,
              46.400063
            ],
            [
              6.913919,
              46.399999
            ],
            [
              6.913899,
              46.399922
            ],
            [
              6.913833,
              46.399893
            ],
            [
              6.91376,
              46.399884
            ],
            [
              6.913675,
              46.399901
            ],
            [
              6.913625,
              46.399956
            ],
            [
              6.913624,
              46.400008
            ]
          ],
          [
            [
              6.915257,
              46.394882
            ],
            [
              6.91815,
              46.394922
            ],
            [
              6.915292,
              46.394823
            ],
            [
              6.915257,
              46.394882
            ]
          ],
          [
            [
              6.917294,
              46.395234
            ],
            [
              6.91827,
              46.395157
            ],
            [
              6.917298,
              46.395211
            ],
            [
              6.917294,
              46.395234
            ]
          ],
          [
            [
              6.927139,
              46.414388
            ],
            [
              6.927885,
              46.413647
            ],
            [
              6.927155,
              46.414261
            ],
            [
              6.927139,
              46.414388
            ]
          ]
        ]
      }
    },
    {
      "type": "Feature",
      "properties": {
        "id": "bodensee",
        "name": "Bodensee",
        "osmType": "relation",
        "osmId": 1156846,
        "source": "OpenStreetMap via Nominatim lookup",
        "sourceUrl": "https://www.openstreetmap.org/relation/1156846",
        "bbox": [
          8.8587048,
          47.4780509,
          9.7538351,
          47.8175234
        ]
      },
      "geometry": {
        "type": "Polygon",
        "coordinates": [
          [
            [
              8.858705,
              47.657735
            ],
            [
              8.86542,
              47.653747
            ],
            [
              8.868934,
              47.654014
            ],
            [
              8.87043,
              47.651745
            ],
            [
              8.873972,
              47.651941
            ],
            [
              8.876346,
              47.653971
            ],
            [
              8.882946,
              47.652325
            ],
            [
              8.885704,
              47.648299
            ],
            [
              8.891858,
              47.644146
            ],
            [
              8.904146,
              47.643381
            ],
            [
              8.916644,
              47.648709
            ],
            [
              8.922105,
              47.646364
            ],
            [
              8.929359,
              47.650091
            ],
            [
              8.931414,
              47.652437
            ],
            [
              8.936983,
              47.651718
            ],
            [
              8.939504,
              47.652817
            ],
            [
              8.943995,
              47.652518
            ],
            [
              8.94753,
              47.65499
            ],
            [
              8.952768,
              47.654354
            ],
            [
              8.957972,
              47.6577
            ],
            [
              8.962733,
              47.656379
            ],
            [
              8.971796,
              47.660094
            ],
            [
              8.971049,
              47.66169
            ],
            [
              8.972923,
              47.664689
            ],
            [
              8.978257,
              47.664315
            ],
            [
              8.97998,
              47.665222
            ],
            [
              8.981411,
              47.668658
            ],
            [
              8.985903,
              47.669411
            ],
            [
              8.989025,
              47.668287
            ],
            [
              8.999353,
              47.671301
            ],
            [
              9.012804,
              47.672443
            ],
            [
              9.017772,
              47.675459
            ],
            [
              9.021084,
              47.675166
            ],
            [
              9.02601,
              47.672752
            ],
            [
              9.034397,
              47.673762
            ],
            [
              9.036983,
              47.675078
            ],
            [
              9.044262,
              47.672715
            ],
            [
              9.048511,
              47.674616
            ],
            [
              9.062775,
              47.673836
            ],
            [
              9.068661,
              47.674601
            ],
            [
              9.076923,
              47.670569
            ],
            [
              9.085526,
              47.6754
            ],
            [
              9.085286,
              47.674044
            ],
            [
              9.08926,
              47.673443
            ],
            [
              9.092032,
              47.669285
            ],
            [
              9.096262,
              47.666615
            ],
            [
              9.117617,
              47.665146
            ],
            [
              9.125888,
              47.666425
            ],
            [
              9.139373,
              47.663055
            ],
            [
              9.148719,
              47.666401
            ],
            [
              9.153745,
              47.665158
            ],
            [
              9.156019,
              47.665709
            ],
            [
              9.160825,
              47.669079
            ],
            [
              9.16973,
              47.668946
            ],
            [
              9.178385,
              47.665694
            ],
            [
              9.177881,
              47.663429
            ],
            [
              9.17967,
              47.662972
            ],
            [
              9.179693,
              47.660724
            ],
            [
              9.181995,
              47.660502
            ],
            [
              9.181804,
              47.655954
            ],
            [
              9.189388,
              47.649742
            ],
            [
              9.199264,
              47.647503
            ],
            [
              9.206098,
              47.644216
            ],
            [
              9.211765,
              47.645098
            ],
            [
              9.215452,
              47.641025
            ],
            [
              9.226282,
              47.63532
            ],
            [
              9.229825,
              47.634664
            ],
            [
              9.23159,
              47.635868
            ],
            [
              9.235484,
              47.632928
            ],
            [
              9.244392,
              47.632326
            ],
            [
              9.258274,
              47.625813
            ],
            [
              9.266613,
              47.623086
            ],
            [
              9.267321,
              47.623959
            ],
            [
              9.267009,
              47.623088
            ],
            [
              9.268411,
              47.622655
            ],
            [
              9.267758,
              47.624013
            ],
            [
              9.282181,
              47.617198
            ],
            [
              9.294239,
              47.612474
            ],
            [
              9.295472,
              47.612988
            ],
            [
              9.295116,
              47.611977
            ],
            [
              9.2961,
              47.612842
            ],
            [
              9.295736,
              47.611881
            ],
            [
              9.296599,
              47.611493
            ],
            [
              9.296505,
              47.612612
            ],
            [
              9.302916,
              47.609065
            ],
            [
              9.307669,
              47.604377
            ],
            [
              9.326556,
              47.593272
            ],
            [
              9.343696,
              47.58579
            ],
            [
              9.345616,
              47.587003
            ],
            [
              9.345184,
              47.585905
            ],
            [
              9.348433,
              47.58395
            ],
            [
              9.384278,
              47.570674
            ],
            [
              9.385635,
              47.567003
            ],
            [
              9.38309,
              47.565452
            ],
            [
              9.384744,
              47.561894
            ],
            [
              9.382372,
              47.564478
            ],
            [
              9.382454,
              47.562197
            ],
            [
              9.384233,
              47.561908
            ],
            [
              9.382429,
              47.562035
            ],
            [
              9.383563,
              47.561435
            ],
            [
              9.381395,
              47.559263
            ],
            [
              9.380167,
              47.554323
            ],
            [
              9.384989,
              47.550353
            ],
            [
              9.386585,
              47.550544
            ],
            [
              9.381638,
              47.547748
            ],
            [
              9.386685,
              47.550437
            ],
            [
              9.386062,
              47.547489
            ],
            [
              9.390577,
              47.54332
            ],
            [
              9.405333,
              47.536251
            ],
            [
              9.409549,
              47.531958
            ],
            [
              9.421808,
              47.525071
            ],
            [
              9.422174,
              47.523468
            ],
            [
              9.427927,
              47.520744
            ],
            [
              9.433556,
              47.520877
            ],
            [
              9.437779,
              47.518619
            ],
            [
              9.44053,
              47.515654
            ],
            [
              9.439473,
              47.514902
            ],
            [
              9.441568,
              47.513347
            ],
            [
              9.440811,
              47.512607
            ],
            [
              9.441465,
              47.51366
            ],
            [
              9.439485,
              47.514856
            ],
            [
              9.438622,
              47.514005
            ],
            [
              9.440168,
              47.512487
            ],
            [
              9.437883,
              47.51374
            ],
            [
              9.436932,
              47.512976
            ],
            [
              9.438955,
              47.512446
            ],
            [
              9.436977,
              47.512914
            ],
            [
              9.435053,
              47.51173
            ],
            [
              9.435963,
              47.506382
            ],
            [
              9.438527,
              47.504904
            ],
            [
              9.44584,
              47.505758
            ],
            [
              9.447456,
              47.503458
            ],
            [
              9.446749,
              47.502747
            ],
            [
              9.44941,
              47.502102
            ],
            [
              9.447498,
              47.502346
            ],
            [
              9.448199,
              47.501304
            ],
            [
              9.453495,
              47.500182
            ],
            [
              9.451335,
              47.500107
            ],
            [
              9.451774,
              47.499335
            ],
            [
              9.454187,
              47.499829
            ],
            [
              9.456734,
              47.497528
            ],
            [
              9.464652,
              47.496818
            ],
            [
              9.463014,
              47.496233
            ],
            [
              9.465216,
              47.496661
            ],
            [
              9.46935,
              47.494642
            ],
            [
              9.468869,
              47.494009
            ],
            [
              9.471279,
              47.492274
            ],
            [
              9.477456,
              47.489648
            ],
            [
              9.476915,
              47.486194
            ],
            [
              9.479303,
              47.482759
            ],
            [
              9.486197,
              47.479938
            ],
            [
              9.499296,
              47.478062
            ],
            [
              9.505807,
              47.479343
            ],
            [
              9.527347,
              47.480126
            ],
            [
              9.529722,
              47.481211
            ],
            [
              9.530761,
              47.480335
            ],
            [
              9.532417,
              47.481261
            ],
            [
              9.531385,
              47.482672
            ],
            [
              9.532465,
              47.482983
            ],
            [
              9.532975,
              47.481246
            ],
            [
              9.538909,
              47.482049
            ],
            [
              9.544183,
              47.485706
            ],
            [
              9.544088,
              47.488003
            ],
            [
              9.545971,
              47.489523
            ],
            [
              9.545176,
              47.489283
            ],
            [
              9.54558,
              47.491035
            ],
            [
              9.548145,
              47.489756
            ],
            [
              9.546352,
              47.49139
            ],
            [
              9.548107,
              47.491191
            ],
            [
              9.554942,
              47.49605
            ],
            [
              9.553714,
              47.498315
            ],
            [
              9.555008,
              47.500957
            ],
            [
              9.55762,
              47.500601
            ],
            [
              9.559323,
              47.502027
            ],
            [
              9.558254,
              47.500613
            ],
            [
              9.560057,
              47.501099
            ],
            [
              9.561283,
              47.504186
            ],
            [
              9.560014,
              47.499153
            ],
            [
              9.56184,
              47.50034
            ],
            [
              9.562468,
              47.504167
            ],
            [
              9.562365,
              47.500221
            ],
            [
              9.568557,
              47.501294
            ],
            [
              9.568685,
              47.4987
            ],
            [
              9.570942,
              47.495346
            ],
            [
              9.580537,
              47.491982
            ],
            [
              9.579636,
              47.491212
            ],
            [
              9.580569,
              47.491839
            ],
            [
              9.584705,
              47.489856
            ],
            [
              9.586279,
              47.490672
            ],
            [
              9.584978,
              47.488542
            ],
            [
              9.585695,
              47.487792
            ],
            [
              9.586647,
              47.490139
            ],
            [
              9.586957,
              47.487672
            ],
            [
              9.589648,
              47.48878
            ],
            [
              9.598293,
              47.487861
            ],
            [
              9.599621,
              47.489228
            ],
            [
              9.602206,
              47.488271
            ],
            [
              9.602818,
              47.489516
            ],
            [
              9.604808,
              47.48851
            ],
            [
              9.60752,
              47.48909
            ],
            [
              9.609078,
              47.487899
            ],
            [
              9.607876,
              47.489199
            ],
            [
              9.608718,
              47.49066
            ],
            [
              9.613183,
              47.492197
            ],
            [
              9.613239,
              47.490623
            ],
            [
              9.615717,
              47.49563
            ],
            [
              9.619698,
              47.494303
            ],
            [
              9.624009,
              47.494519
            ],
            [
              9.627319,
              47.496729
            ],
            [
              9.628797,
              47.499871
            ],
            [
              9.632876,
              47.501142
            ],
            [
              9.633563,
              47.502959
            ],
            [
              9.638431,
              47.504334
            ],
            [
              9.640789,
              47.506934
            ],
            [
              9.644562,
              47.507112
            ],
            [
              9.647158,
              47.506119
            ],
            [
              9.645387,
              47.503241
            ],
            [
              9.640957,
              47.502326
            ],
            [
              9.641031,
              47.500482
            ],
            [
              9.637924,
              47.499099
            ],
            [
              9.63879,
              47.494892
            ],
            [
              9.641619,
              47.492711
            ],
            [
              9.640744,
              47.492366
            ],
            [
              9.643593,
              47.491608
            ],
            [
              9.646999,
              47.488256
            ],
            [
              9.653026,
              47.486515
            ],
            [
              9.654284,
              47.486813
            ],
            [
              9.64853,
              47.489888
            ],
            [
              9.651434,
              47.490235
            ],
            [
              9.654622,
              47.492515
            ],
            [
              9.659497,
              47.490457
            ],
            [
              9.661939,
              47.490666
            ],
            [
              9.662617,
              47.489703
            ],
            [
              9.661648,
              47.488563
            ],
            [
              9.662872,
              47.489277
            ],
            [
              9.663885,
              47.487502
            ],
            [
              9.667611,
              47.486407
            ],
            [
              9.663958,
              47.48822
            ],
            [
              9.663868,
              47.490238
            ],
            [
              9.667078,
              47.488396
            ],
            [
              9.666448,
              47.489646
            ],
            [
              9.663645,
              47.490368
            ],
            [
              9.664174,
              47.491678
            ],
            [
              9.661953,
              47.491212
            ],
            [
              9.662637,
              47.492226
            ],
            [
              9.668031,
              47.491607
            ],
            [
              9.664092,
              47.492178
            ],
            [
              9.662126,
              47.494685
            ],
            [
              9.666452,
              47.495914
            ],
            [
              9.668312,
              47.494499
            ],
            [
              9.668272,
              47.496077
            ],
            [
              9.665029,
              47.497699
            ],
            [
              9.666119,
              47.500831
            ],
            [
              9.66512,
              47.501063
            ],
            [
              9.66663,
              47.503017
            ],
            [
              9.654916,
              47.508241
            ],
            [
              9.657076,
              47.510762
            ],
            [
              9.651022,
              47.514383
            ],
            [
              9.64988,
              47.514005
            ],
            [
              9.649678,
              47.515477
            ],
            [
              9.647706,
              47.514432
            ],
            [
              9.648734,
              47.51622
            ],
            [
              9.643262,
              47.524758
            ],
            [
              9.646026,
              47.525953
            ],
            [
              9.648658,
              47.52223
            ],
            [
              9.65167,
              47.520804
            ],
            [
              9.653001,
              47.518116
            ],
            [
              9.651644,
              47.51772
            ],
            [
              9.654594,
              47.516398
            ],
            [
              9.654722,
              47.517737
            ],
            [
              9.655267,
              47.516204
            ],
            [
              9.656333,
              47.516624
            ],
            [
              9.661538,
              47.513411
            ],
            [
              9.660697,
              47.512341
            ],
            [
              9.66563,
              47.510062
            ],
            [
              9.670532,
              47.505648
            ],
            [
              9.672415,
              47.498852
            ],
            [
              9.678747,
              47.497917
            ],
            [
              9.685262,
              47.501795
            ],
            [
              9.682652,
              47.499
            ],
            [
              9.678698,
              47.497335
            ],
            [
              9.678659,
              47.493525
            ],
            [
              9.681019,
              47.491877
            ],
            [
              9.687845,
              47.492752
            ],
            [
              9.688049,
              47.494112
            ],
            [
              9.686454,
              47.493178
            ],
            [
              9.685089,
              47.496768
            ],
            [
              9.685339,
              47.499917
            ],
            [
              9.686092,
              47.500671
            ],
            [
              9.686857,
              47.495317
            ],
            [
              9.688203,
              47.494966
            ],
            [
              9.688609,
              47.496134
            ],
            [
              9.687411,
              47.497288
            ],
            [
              9.689233,
              47.497227
            ],
            [
              9.6875,
              47.497938
            ],
            [
              9.68939,
              47.497585
            ],
            [
              9.688581,
              47.497863
            ],
            [
              9.689839,
              47.500263
            ],
            [
              9.686911,
              47.501476
            ],
            [
              9.687723,
              47.502166
            ],
            [
              9.684888,
              47.50414
            ],
            [
              9.689509,
              47.50476
            ],
            [
              9.691888,
              47.506566
            ],
            [
              9.694051,
              47.505789
            ],
            [
              9.695169,
              47.506976
            ],
            [
              9.696154,
              47.505354
            ],
            [
              9.697808,
              47.505485
            ],
            [
              9.701038,
              47.507609
            ],
            [
              9.699491,
              47.506309
            ],
            [
              9.702652,
              47.505825
            ],
            [
              9.706423,
              47.507884
            ],
            [
              9.705793,
              47.506463
            ],
            [
              9.706881,
              47.506248
            ],
            [
              9.707645,
              47.508296
            ],
            [
              9.715272,
              47.506279
            ],
            [
              9.717753,
              47.507427
            ],
            [
              9.719037,
              47.506421
            ],
            [
              9.727968,
              47.507492
            ],
            [
              9.741886,
              47.504416
            ],
            [
              9.745781,
              47.50564
            ],
            [
              9.746341,
              47.50847
            ],
            [
              9.750579,
              47.508461
            ],
            [
              9.753793,
              47.515117
            ],
            [
              9.750794,
              47.521654
            ],
            [
              9.743026,
              47.526964
            ],
            [
              9.741732,
              47.529634
            ],
            [
              9.741451,
              47.528225
            ],
            [
              9.740606,
              47.530002
            ],
            [
              9.73972,
              47.529873
            ],
            [
              9.740092,
              47.528874
            ],
            [
              9.737476,
              47.529835
            ],
            [
              9.736642,
              47.53173
            ],
            [
              9.734264,
              47.531134
            ],
            [
              9.730025,
              47.533647
            ],
            [
              9.728051,
              47.532853
            ],
            [
              9.728994,
              47.53387
            ],
            [
              9.727422,
              47.534638
            ],
            [
              9.731679,
              47.534287
            ],
            [
              9.728333,
              47.534603
            ],
            [
              9.729283,
              47.535848
            ],
            [
              9.72296,
              47.544583
            ],
            [
              9.712727,
              47.550483
            ],
            [
              9.705398,
              47.550198
            ],
            [
              9.704445,
              47.548849
            ],
            [
              9.701105,
              47.551136
            ],
            [
              9.692751,
              47.549737
            ],
            [
              9.688161,
              47.551744
            ],
            [
              9.68286,
              47.552045
            ],
            [
              9.681261,
              47.548622
            ],
            [
              9.689466,
              47.549237
            ],
            [
              9.691505,
              47.548155
            ],
            [
              9.688819,
              47.545551
            ],
            [
              9.686179,
              47.544891
            ],
            [
              9.6884,
              47.544626
            ],
            [
              9.686801,
              47.543691
            ],
            [
              9.688368,
              47.543965
            ],
            [
              9.680877,
              47.542201
            ],
            [
              9.675306,
              47.545767
            ],
            [
              9.680425,
              47.548043
            ],
            [
              9.682493,
              47.552547
            ],
            [
              9.679414,
              47.556846
            ],
            [
              9.671581,
              47.557931
            ],
            [
              9.659148,
              47.556267
            ],
            [
              9.653579,
              47.556685
            ],
            [
              9.643913,
              47.561286
            ],
            [
              9.642787,
              47.564367
            ],
            [
              9.639333,
              47.566752
            ],
            [
              9.631118,
              47.567363
            ],
            [
              9.62927,
              47.566212
            ],
            [
              9.62845,
              47.56716
            ],
            [
              9.630808,
              47.569427
            ],
            [
              9.627526,
              47.571022
            ],
            [
              9.620094,
              47.570468
            ],
            [
              9.61855,
              47.568757
            ],
            [
              9.61433,
              47.569737
            ],
            [
              9.606727,
              47.573537
            ],
            [
              9.60743,
              47.576131
            ],
            [
              9.602387,
              47.584098
            ],
            [
              9.596285,
              47.588272
            ],
            [
              9.583017,
              47.585863
            ],
            [
              9.577678,
              47.586158
            ],
            [
              9.572604,
              47.584138
            ],
            [
              9.560581,
              47.58477
            ],
            [
              9.555964,
              47.586209
            ],
            [
              9.555157,
              47.587779
            ],
            [
              9.550535,
              47.587801
            ],
            [
              9.542727,
              47.594793
            ],
            [
              9.540207,
              47.595202
            ],
            [
              9.539187,
              47.594294
            ],
            [
              9.538936,
              47.596519
            ],
            [
              9.535885,
              47.597093
            ],
            [
              9.536574,
              47.598075
            ],
            [
              9.533156,
              47.601681
            ],
            [
              9.52978,
              47.603024
            ],
            [
              9.527761,
              47.606806
            ],
            [
              9.526706,
              47.615407
            ],
            [
              9.523469,
              47.616157
            ],
            [
              9.518042,
              47.621448
            ],
            [
              9.518489,
              47.623709
            ],
            [
              9.515697,
              47.633917
            ],
            [
              9.512436,
              47.635343
            ],
            [
              9.503042,
              47.64471
            ],
            [
              9.496737,
              47.647872
            ],
            [
              9.495338,
              47.649777
            ],
            [
              9.487815,
              47.651143
            ],
            [
              9.48268,
              47.648665
            ],
            [
              9.487,
              47.651015
            ],
            [
              9.485949,
              47.651915
            ],
            [
              9.481254,
              47.649424
            ],
            [
              9.482061,
              47.648581
            ],
            [
              9.471739,
              47.651336
            ],
            [
              9.470359,
              47.651033
            ],
            [
              9.472703,
              47.650374
            ],
            [
              9.46276,
              47.648359
            ],
            [
              9.460576,
              47.651388
            ],
            [
              9.4565,
              47.65171
            ],
            [
              9.455509,
              47.65345
            ],
            [
              9.452293,
              47.654969
            ],
            [
              9.443229,
              47.657114
            ],
            [
              9.435447,
              47.656578
            ],
            [
              9.420873,
              47.665698
            ],
            [
              9.414262,
              47.667315
            ],
            [
              9.409687,
              47.666738
            ],
            [
              9.40716,
              47.668315
            ],
            [
              9.392691,
              47.668168
            ],
            [
              9.388323,
              47.666708
            ],
            [
              9.387254,
              47.664537
            ],
            [
              9.382573,
              47.665728
            ],
            [
              9.378128,
              47.664234
            ],
            [
              9.374701,
              47.665696
            ],
            [
              9.370101,
              47.665254
            ],
            [
              9.367731,
              47.664144
            ],
            [
              9.368712,
              47.663197
            ],
            [
              9.367524,
              47.66212
            ],
            [
              9.365329,
              47.663449
            ],
            [
              9.356887,
              47.660117
            ],
            [
              9.34915,
              47.66096
            ],
            [
              9.33677,
              47.666476
            ],
            [
              9.332599,
              47.666669
            ],
            [
              9.323705,
              47.67246
            ],
            [
              9.315235,
              47.673914
            ],
            [
              9.314138,
              47.673006
            ],
            [
              9.289671,
              47.682368
            ],
            [
              9.275007,
              47.691527
            ],
            [
              9.272272,
              47.691415
            ],
            [
              9.26552,
              47.693972
            ],
            [
              9.26338,
              47.696297
            ],
            [
              9.256464,
              47.699331
            ],
            [
              9.238466,
              47.711274
            ],
            [
              9.22922,
              47.722212
            ],
            [
              9.227376,
              47.722126
            ],
            [
              9.229511,
              47.723278
            ],
            [
              9.226491,
              47.723295
            ],
            [
              9.228705,
              47.726195
            ],
            [
              9.226835,
              47.727573
            ],
            [
              9.227102,
              47.730446
            ],
            [
              9.22628,
              47.733036
            ],
            [
              9.225343,
              47.733078
            ],
            [
              9.22709,
              47.735694
            ],
            [
              9.225156,
              47.740375
            ],
            [
              9.21508,
              47.745668
            ],
            [
              9.197215,
              47.750606
            ],
            [
              9.192782,
              47.750785
            ],
            [
              9.183051,
              47.756675
            ],
            [
              9.156407,
              47.766906
            ],
            [
              9.138187,
              47.77023
            ],
            [
              9.133767,
              47.772308
            ],
            [
              9.128007,
              47.779904
            ],
            [
              9.124497,
              47.782708
            ],
            [
              9.105435,
              47.792988
            ],
            [
              9.087076,
              47.797793
            ],
            [
              9.075048,
              47.80576
            ],
            [
              9.070846,
              47.807088
            ],
            [
              9.065132,
              47.813279
            ],
            [
              9.061333,
              47.815065
            ],
            [
              9.055002,
              47.814052
            ],
            [
              9.051773,
              47.815584
            ],
            [
              9.039406,
              47.817523
            ],
            [
              9.038345,
              47.816907
            ],
            [
              9.039606,
              47.814921
            ],
            [
              9.03917,
              47.813353
            ],
            [
              9.036821,
              47.813565
            ],
            [
              9.034198,
              47.811895
            ],
            [
              9.033514,
              47.810542
            ],
            [
              9.034774,
              47.808231
            ],
            [
              9.031272,
              47.807645
            ],
            [
              9.03067,
              47.805416
            ],
            [
              9.034797,
              47.801691
            ],
            [
              9.038489,
              47.801223
            ],
            [
              9.044077,
              47.797139
            ],
            [
              9.047797,
              47.79624
            ],
            [
              9.050123,
              47.792052
            ],
            [
              9.056669,
              47.788763
            ],
            [
              9.065821,
              47.780248
            ],
            [
              9.079684,
              47.772332
            ],
            [
              9.091956,
              47.766645
            ],
            [
              9.110378,
              47.761948
            ],
            [
              9.116367,
              47.759335
            ],
            [
              9.125806,
              47.752338
            ],
            [
              9.135846,
              47.747072
            ],
            [
              9.149146,
              47.74856
            ],
            [
              9.152411,
              47.744363
            ],
            [
              9.159632,
              47.739587
            ],
            [
              9.173534,
              47.734514
            ],
            [
              9.177914,
              47.725201
            ],
            [
              9.177975,
              47.72125
            ],
            [
              9.181236,
              47.711743
            ],
            [
              9.179417,
              47.709397
            ],
            [
              9.180326,
              47.708375
            ],
            [
              9.17946,
              47.705464
            ],
            [
              9.18273,
              47.703053
            ],
            [
              9.186565,
              47.702816
            ],
            [
              9.187508,
              47.69764
            ],
            [
              9.202077,
              47.69151
            ],
            [
              9.211471,
              47.68216
            ],
            [
              9.213333,
              47.682636
            ],
            [
              9.213287,
              47.680408
            ],
            [
              9.210823,
              47.679663
            ],
            [
              9.210326,
              47.676192
            ],
            [
              9.218124,
              47.666
            ],
            [
              9.20653,
              47.662961
            ],
            [
              9.191171,
              47.666669
            ],
            [
              9.180103,
              47.666466
            ],
            [
              9.171655,
              47.670101
            ],
            [
              9.161578,
              47.671723
            ],
            [
              9.157474,
              47.669837
            ],
            [
              9.148596,
              47.669044
            ],
            [
              9.140015,
              47.664904
            ],
            [
              9.128894,
              47.667265
            ],
            [
              9.126801,
              47.668921
            ],
            [
              9.125866,
              47.673906
            ],
            [
              9.117971,
              47.678793
            ],
            [
              9.114296,
              47.68443
            ],
            [
              9.11141,
              47.68581
            ],
            [
              9.106561,
              47.685535
            ],
            [
              9.109803,
              47.686869
            ],
            [
              9.10067,
              47.685905
            ],
            [
              9.091704,
              47.686654
            ],
            [
              9.091693,
              47.688769
            ],
            [
              9.093616,
              47.689312
            ],
            [
              9.100655,
              47.687091
            ],
            [
              9.103802,
              47.68958
            ],
            [
              9.104547,
              47.687457
            ],
            [
              9.10295,
              47.686901
            ],
            [
              9.107419,
              47.687146
            ],
            [
              9.10576,
              47.687373
            ],
            [
              9.107874,
              47.68773
            ],
            [
              9.104683,
              47.690302
            ],
            [
              9.106658,
              47.691031
            ],
            [
              9.109254,
              47.69002
            ],
            [
              9.106357,
              47.692945
            ],
            [
              9.10658,
              47.6951
            ],
            [
              9.102324,
              47.699448
            ],
            [
              9.102245,
              47.700959
            ],
            [
              9.099427,
              47.703182
            ],
            [
              9.095229,
              47.704126
            ],
            [
              9.091942,
              47.707162
            ],
            [
              9.081783,
              47.708605
            ],
            [
              9.074097,
              47.71173
            ],
            [
              9.068342,
              47.712522
            ],
            [
              9.067345,
              47.714417
            ],
            [
              9.064899,
              47.715516
            ],
            [
              9.045979,
              47.722315
            ],
            [
              9.038519,
              47.723253
            ],
            [
              9.034753,
              47.726825
            ],
            [
              9.023641,
              47.728341
            ],
            [
              9.009005,
              47.73553
            ],
            [
              9.00206,
              47.737733
            ],
            [
              8.995999,
              47.742676
            ],
            [
              8.989257,
              47.743501
            ],
            [
              8.984149,
              47.742059
            ],
            [
              8.983309,
              47.739509
            ],
            [
              8.985687,
              47.738207
            ],
            [
              8.986748,
              47.736044
            ],
            [
              8.989712,
              47.734871
            ],
            [
              9.000314,
              47.733877
            ],
            [
              9.002236,
              47.730195
            ],
            [
              9.014451,
              47.72346
            ],
            [
              9.015772,
              47.721789
            ],
            [
              9.014665,
              47.719744
            ],
            [
              9.009046,
              47.721135
            ],
            [
              9.010111,
              47.723338
            ],
            [
              9.005398,
              47.724098
            ],
            [
              9.006869,
              47.725114
            ],
            [
              9.005676,
              47.726366
            ],
            [
              9.002576,
              47.726722
            ],
            [
              8.999095,
              47.725419
            ],
            [
              8.999145,
              47.726772
            ],
            [
              8.993817,
              47.727238
            ],
            [
              8.99036,
              47.729654
            ],
            [
              8.97621,
              47.734863
            ],
            [
              8.973906,
              47.735339
            ],
            [
              8.969927,
              47.733876
            ],
            [
              8.968182,
              47.735465
            ],
            [
              8.95994,
              47.73722
            ],
            [
              8.949732,
              47.736263
            ],
            [
              8.942984,
              47.734009
            ],
            [
              8.941106,
              47.732513
            ],
            [
              8.939687,
              47.727918
            ],
            [
              8.942691,
              47.723874
            ],
            [
              8.945195,
              47.722671
            ],
            [
              8.954413,
              47.720624
            ],
            [
              8.973556,
              47.711145
            ],
            [
              8.99359,
              47.706705
            ],
            [
              9.00248,
              47.700521
            ],
            [
              9.006363,
              47.696158
            ],
            [
              8.998478,
              47.686869
            ],
            [
              8.991309,
              47.682255
            ],
            [
              8.986181,
              47.681536
            ],
            [
              8.974345,
              47.676892
            ],
            [
              8.971155,
              47.671958
            ],
            [
              8.957415,
              47.670589
            ],
            [
              8.950205,
              47.667494
            ],
            [
              8.939132,
              47.661656
            ],
            [
              8.938055,
              47.659062
            ],
            [
              8.930725,
              47.65879
            ],
            [
              8.925039,
              47.660269
            ],
            [
              8.914965,
              47.657235
            ],
            [
              8.912477,
              47.655404
            ],
            [
              8.901943,
              47.654778
            ],
            [
              8.894996,
              47.652061
            ],
            [
              8.8894,
              47.654475
            ],
            [
              8.879606,
              47.655525
            ],
            [
              8.878974,
              47.65659
            ],
            [
              8.872128,
              47.655974
            ],
            [
              8.866607,
              47.658237
            ],
            [
              8.859273,
              47.658609
            ],
            [
              8.858705,
              47.657735
            ]
          ],
          [
            [
              8.862858,
              47.65693
            ],
            [
              8.865553,
              47.657028
            ],
            [
              8.867876,
              47.655048
            ],
            [
              8.862932,
              47.656919
            ],
            [
              8.862858,
              47.65693
            ]
          ],
          [
            [
              8.864899,
              47.655397
            ],
            [
              8.865715,
              47.654978
            ],
            [
              8.864969,
              47.655278
            ],
            [
              8.864899,
              47.655397
            ]
          ],
          [
            [
              9.004729,
              47.721741
            ],
            [
              9.005961,
              47.721704
            ],
            [
              9.004772,
              47.72168
            ],
            [
              9.004729,
              47.721741
            ]
          ],
          [
            [
              9.040801,
              47.707974
            ],
            [
              9.048185,
              47.707121
            ],
            [
              9.053528,
              47.702289
            ],
            [
              9.056358,
              47.702247
            ],
            [
              9.057337,
              47.704229
            ],
            [
              9.060685,
              47.703383
            ],
            [
              9.066094,
              47.698847
            ],
            [
              9.072367,
              47.697886
            ],
            [
              9.082011,
              47.690241
            ],
            [
              9.087155,
              47.687818
            ],
            [
              9.09114,
              47.687429
            ],
            [
              9.091875,
              47.686319
            ],
            [
              9.081428,
              47.683218
            ],
            [
              9.074815,
              47.685144
            ],
            [
              9.071077,
              47.685023
            ],
            [
              9.061924,
              47.688734
            ],
            [
              9.054163,
              47.68966
            ],
            [
              9.044692,
              47.692993
            ],
            [
              9.042787,
              47.694659
            ],
            [
              9.044166,
              47.698169
            ],
            [
              9.040858,
              47.701132
            ],
            [
              9.043767,
              47.701835
            ],
            [
              9.043254,
              47.703268
            ],
            [
              9.04474,
              47.704091
            ],
            [
              9.040878,
              47.707776
            ],
            [
              9.040801,
              47.707974
            ]
          ],
          [
            [
              9.120457,
              47.672412
            ],
            [
              9.121401,
              47.674607
            ],
            [
              9.123709,
              47.674272
            ],
            [
              9.126171,
              47.668345
            ],
            [
              9.120512,
              47.672329
            ],
            [
              9.120457,
              47.672412
            ]
          ],
          [
            [
              9.124057,
              47.673204
            ],
            [
              9.124845,
              47.673649
            ],
            [
              9.126384,
              47.671312
            ],
            [
              9.126143,
              47.669817
            ],
            [
              9.124092,
              47.672944
            ],
            [
              9.124057,
              47.673204
            ]
          ],
          [
            [
              9.177854,
              47.664395
            ],
            [
              9.179016,
              47.665238
            ],
            [
              9.179021,
              47.663343
            ],
            [
              9.177855,
              47.664364
            ],
            [
              9.177854,
              47.664395
            ]
          ],
          [
            [
              9.187532,
              47.70353
            ],
            [
              9.187826,
              47.705746
            ],
            [
              9.193362,
              47.70799
            ],
            [
              9.198291,
              47.707668
            ],
            [
              9.202092,
              47.7056
            ],
            [
              9.201027,
              47.70472
            ],
            [
              9.201925,
              47.703553
            ],
            [
              9.20054,
              47.70252
            ],
            [
              9.187612,
              47.703429
            ],
            [
              9.187532,
              47.70353
            ]
          ],
          [
            [
              9.223871,
              47.637374
            ],
            [
              9.22481,
              47.637095
            ],
            [
              9.2239,
              47.637332
            ],
            [
              9.223871,
              47.637374
            ]
          ],
          [
            [
              9.225107,
              47.636915
            ],
            [
              9.225898,
              47.636296
            ],
            [
              9.225136,
              47.63686
            ],
            [
              9.225107,
              47.636915
            ]
          ],
          [
            [
              9.382871,
              47.570686
            ],
            [
              9.382877,
              47.570735
            ],
            [
              9.382959,
              47.570808
            ],
            [
              9.383071,
              47.570848
            ],
            [
              9.383263,
              47.570876
            ],
            [
              9.383378,
              47.570865
            ],
            [
              9.383359,
              47.570822
            ],
            [
              9.383205,
              47.570821
            ],
            [
              9.383083,
              47.570799
            ],
            [
              9.383003,
              47.57075
            ],
            [
              9.382944,
              47.57067
            ],
            [
              9.382909,
              47.570661
            ],
            [
              9.382871,
              47.570686
            ]
          ],
          [
            [
              9.383321,
              47.570965
            ],
            [
              9.38431,
              47.571235
            ],
            [
              9.383378,
              47.570928
            ],
            [
              9.383321,
              47.570965
            ]
          ],
          [
            [
              9.386662,
              47.662827
            ],
            [
              9.387601,
              47.662902
            ],
            [
              9.386694,
              47.66267
            ],
            [
              9.386662,
              47.662827
            ]
          ],
          [
            [
              9.386748,
              47.663582
            ],
            [
              9.387397,
              47.664418
            ],
            [
              9.38676,
              47.663413
            ],
            [
              9.386748,
              47.663582
            ]
          ],
          [
            [
              9.436923,
              47.507387
            ],
            [
              9.436927,
              47.507412
            ],
            [
              9.436997,
              47.50755
            ],
            [
              9.437029,
              47.507576
            ],
            [
              9.43707,
              47.507587
            ],
            [
              9.437101,
              47.507579
            ],
            [
              9.437117,
              47.50756
            ],
            [
              9.437126,
              47.507531
            ],
            [
              9.437114,
              47.507505
            ],
            [
              9.437077,
              47.507492
            ],
            [
              9.437066,
              47.507461
            ],
            [
              9.437022,
              47.507407
            ],
            [
              9.437018,
              47.507385
            ],
            [
              9.436976,
              47.507374
            ],
            [
              9.436943,
              47.507372
            ],
            [
              9.436923,
              47.507387
            ]
          ],
          [
            [
              9.537696,
              47.483276
            ],
            [
              9.539798,
              47.483593
            ],
            [
              9.537826,
              47.483264
            ],
            [
              9.537696,
              47.483276
            ]
          ],
          [
            [
              9.565125,
              47.501616
            ],
            [
              9.565158,
              47.501683
            ],
            [
              9.565235,
              47.501717
            ],
            [
              9.565326,
              47.501706
            ],
            [
              9.565369,
              47.50166
            ],
            [
              9.56535,
              47.5016
            ],
            [
              9.565313,
              47.50156
            ],
            [
              9.5652,
              47.501561
            ],
            [
              9.565125,
              47.501616
            ]
          ],
          [
            [
              9.642016,
              47.527042
            ],
            [
              9.643996,
              47.528143
            ],
            [
              9.642059,
              47.527055
            ],
            [
              9.642016,
              47.527042
            ]
          ],
          [
            [
              9.648375,
              47.51381
            ],
            [
              9.649774,
              47.512875
            ],
            [
              9.648401,
              47.513808
            ],
            [
              9.648375,
              47.51381
            ]
          ],
          [
            [
              9.65334,
              47.511713
            ],
            [
              9.654188,
              47.511507
            ],
            [
              9.653363,
              47.511597
            ],
            [
              9.65334,
              47.511713
            ]
          ],
          [
            [
              9.653765,
              47.51002
            ],
            [
              9.65442,
              47.508957
            ],
            [
              9.653781,
              47.509985
            ],
            [
              9.653765,
              47.51002
            ]
          ],
          [
            [
              9.653825,
              47.511953
            ],
            [
              9.653866,
              47.512015
            ],
            [
              9.654055,
              47.512096
            ],
            [
              9.654127,
              47.512119
            ],
            [
              9.654323,
              47.51214
            ],
            [
              9.654394,
              47.51214
            ],
            [
              9.65441,
              47.51211
            ],
            [
              9.654407,
              47.512097
            ],
            [
              9.654395,
              47.51209
            ],
            [
              9.6544,
              47.512067
            ],
            [
              9.654383,
              47.512037
            ],
            [
              9.654338,
              47.512012
            ],
            [
              9.654251,
              47.511967
            ],
            [
              9.654139,
              47.511891
            ],
            [
              9.654105,
              47.511884
            ],
            [
              9.654056,
              47.511885
            ],
            [
              9.65397,
              47.511901
            ],
            [
              9.653914,
              47.511916
            ],
            [
              9.653851,
              47.511937
            ],
            [
              9.653825,
              47.511953
            ]
          ],
          [
            [
              9.65428,
              47.511346
            ],
            [
              9.655652,
              47.511473
            ],
            [
              9.654283,
              47.511324
            ],
            [
              9.65428,
              47.511346
            ]
          ],
          [
            [
              9.657099,
              47.492676
            ],
            [
              9.660032,
              47.494941
            ],
            [
              9.662469,
              47.494137
            ],
            [
              9.663816,
              47.492247
            ],
            [
              9.660344,
              47.492369
            ],
            [
              9.659809,
              47.491349
            ],
            [
              9.657145,
              47.492615
            ],
            [
              9.657099,
              47.492676
            ]
          ],
          [
            [
              9.659595,
              47.495714
            ],
            [
              9.661255,
              47.4968
            ],
            [
              9.665442,
              47.495876
            ],
            [
              9.661903,
              47.494809
            ],
            [
              9.659625,
              47.495614
            ],
            [
              9.659595,
              47.495714
            ]
          ],
          [
            [
              9.662384,
              47.512188
            ],
            [
              9.662392,
              47.512199
            ],
            [
              9.66243,
              47.512203
            ],
            [
              9.662467,
              47.512199
            ],
            [
              9.662526,
              47.512186
            ],
            [
              9.662576,
              47.512163
            ],
            [
              9.662624,
              47.51213
            ],
            [
              9.662699,
              47.51207
            ],
            [
              9.662751,
              47.512051
            ],
            [
              9.66282,
              47.511986
            ],
            [
              9.662852,
              47.511948
            ],
            [
              9.662842,
              47.511932
            ],
            [
              9.662804,
              47.511927
            ],
            [
              9.662747,
              47.511934
            ],
            [
              9.662725,
              47.511946
            ],
            [
              9.662666,
              47.51201
            ],
            [
              9.662582,
              47.512102
            ],
            [
              9.662462,
              47.512166
            ],
            [
              9.662384,
              47.512188
            ]
          ],
          [
            [
              9.66268,
              47.491407
            ],
            [
              9.662706,
              47.49147
            ],
            [
              9.662753,
              47.491515
            ],
            [
              9.662835,
              47.491533
            ],
            [
              9.662906,
              47.49152
            ],
            [
              9.662939,
              47.491496
            ],
            [
              9.662894,
              47.491383
            ],
            [
              9.662847,
              47.491358
            ],
            [
              9.662774,
              47.491348
            ],
            [
              9.662715,
              47.491359
            ],
            [
              9.66268,
              47.491407
            ]
          ],
          [
            [
              9.662799,
              47.511865
            ],
            [
              9.664378,
              47.511085
            ],
            [
              9.662831,
              47.511842
            ],
            [
              9.662799,
              47.511865
            ]
          ],
          [
            [
              9.663173,
              47.489826
            ],
            [
              9.663521,
              47.488391
            ],
            [
              9.663256,
              47.489411
            ],
            [
              9.663173,
              47.489826
            ]
          ],
          [
            [
              9.663296,
              47.511502
            ],
            [
              9.66403,
              47.51107
            ],
            [
              9.66331,
              47.511421
            ],
            [
              9.663296,
              47.511502
            ]
          ],
          [
            [
              9.664465,
              47.511003
            ],
            [
              9.664482,
              47.511011
            ],
            [
              9.664529,
              47.511007
            ],
            [
              9.664586,
              47.511
            ],
            [
              9.664693,
              47.510969
            ],
            [
              9.664819,
              47.510906
            ],
            [
              9.66501,
              47.510804
            ],
            [
              9.665061,
              47.510779
            ],
            [
              9.66505,
              47.510766
            ],
            [
              9.665025,
              47.510767
            ],
            [
              9.664934,
              47.510819
            ],
            [
              9.664845,
              47.510876
            ],
            [
              9.664778,
              47.510897
            ],
            [
              9.664627,
              47.510949
            ],
            [
              9.664494,
              47.510974
            ],
            [
              9.664468,
              47.510984
            ],
            [
              9.664465,
              47.511003
            ]
          ],
          [
            [
              9.665371,
              47.510537
            ],
            [
              9.665436,
              47.510516
            ],
            [
              9.665486,
              47.510488
            ],
            [
              9.665504,
              47.510452
            ],
            [
              9.665485,
              47.510432
            ],
            [
              9.665451,
              47.510449
            ],
            [
              9.665371,
              47.510537
            ]
          ],
          [
            [
              9.665556,
              47.510362
            ],
            [
              9.665627,
              47.510345
            ],
            [
              9.665661,
              47.510302
            ],
            [
              9.665676,
              47.510249
            ],
            [
              9.665671,
              47.510214
            ],
            [
              9.665657,
              47.510211
            ],
            [
              9.665636,
              47.510236
            ],
            [
              9.665625,
              47.510253
            ],
            [
              9.665568,
              47.510315
            ],
            [
              9.665556,
              47.510362
            ]
          ],
          [
            [
              9.696617,
              47.549235
            ],
            [
              9.69673,
              47.549257
            ],
            [
              9.69675,
              47.54921
            ],
            [
              9.696662,
              47.549193
            ],
            [
              9.696665,
              47.549182
            ],
            [
              9.696642,
              47.549178
            ],
            [
              9.696617,
              47.549235
            ]
          ],
          [
            [
              9.722516,
              47.543114
            ],
            [
              9.722525,
              47.54314
            ],
            [
              9.722561,
              47.54315
            ],
            [
              9.72256,
              47.543172
            ],
            [
              9.722608,
              47.543191
            ],
            [
              9.722633,
              47.543211
            ],
            [
              9.722686,
              47.543207
            ],
            [
              9.722717,
              47.543188
            ],
            [
              9.722746,
              47.543179
            ],
            [
              9.722755,
              47.543164
            ],
            [
              9.722763,
              47.543144
            ],
            [
              9.722723,
              47.543119
            ],
            [
              9.722707,
              47.543101
            ],
            [
              9.722691,
              47.543078
            ],
            [
              9.722677,
              47.543061
            ],
            [
              9.72263,
              47.543064
            ],
            [
              9.722571,
              47.54306
            ],
            [
              9.722544,
              47.543084
            ],
            [
              9.722524,
              47.543088
            ],
            [
              9.722516,
              47.543114
            ]
          ],
          [
            [
              9.726496,
              47.535103
            ],
            [
              9.726507,
              47.535157
            ],
            [
              9.726743,
              47.535473
            ],
            [
              9.726841,
              47.53557
            ],
            [
              9.72693,
              47.535584
            ],
            [
              9.726974,
              47.535573
            ],
            [
              9.726995,
              47.535524
            ],
            [
              9.726641,
              47.535128
            ],
            [
              9.72661,
              47.535103
            ],
            [
              9.726549,
              47.535081
            ],
            [
              9.726496,
              47.535103
            ]
          ],
          [
            [
              9.731043,
              47.532325
            ],
            [
              9.732029,
              47.532025
            ],
            [
              9.731081,
              47.532286
            ],
            [
              9.731043,
              47.532325
            ]
          ],
          [
            [
              9.743817,
              47.525982
            ],
            [
              9.743887,
              47.526177
            ],
            [
              9.744146,
              47.526136
            ],
            [
              9.744239,
              47.526119
            ],
            [
              9.744169,
              47.525924
            ],
            [
              9.743817,
              47.525982
            ]
          ]
        ]
      }
    },
    {
      "type": "Feature",
      "properties": {
        "id": "lac-de-neuchatel",
        "name": "Lac de Neuchâtel",
        "osmType": "relation",
        "osmId": 390323,
        "source": "OpenStreetMap via Nominatim lookup",
        "sourceUrl": "https://www.openstreetmap.org/relation/390323",
        "bbox": [
          6.6345629,
          46.7846211,
          7.0501006,
          47.0110667
        ]
      },
      "geometry": {
        "type": "Polygon",
        "coordinates": [
          [
            [
              6.634563,
              46.799525
            ],
            [
              6.635696,
              46.796121
            ],
            [
              6.638245,
              46.793313
            ],
            [
              6.640023,
              46.791755
            ],
            [
              6.642538,
              46.792443
            ],
            [
              6.645266,
              46.789755
            ],
            [
              6.643628,
              46.788409
            ],
            [
              6.647792,
              46.785931
            ],
            [
              6.649256,
              46.786379
            ],
            [
              6.647748,
              46.785717
            ],
            [
              6.648444,
              46.785146
            ],
            [
              6.648919,
              46.786127
            ],
            [
              6.650927,
              46.786073
            ],
            [
              6.653437,
              46.784621
            ],
            [
              6.667545,
              46.787417
            ],
            [
              6.663859,
              46.785983
            ],
            [
              6.665515,
              46.785925
            ],
            [
              6.673246,
              46.789175
            ],
            [
              6.66839,
              46.787783
            ],
            [
              6.668297,
              46.788566
            ],
            [
              6.702649,
              46.80013
            ],
            [
              6.70151,
              46.802341
            ],
            [
              6.70369,
              46.800689
            ],
            [
              6.705378,
              46.802235
            ],
            [
              6.71273,
              46.803592
            ],
            [
              6.71629,
              46.805939
            ],
            [
              6.719937,
              46.806512
            ],
            [
              6.724337,
              46.805506
            ],
            [
              6.729078,
              46.80668
            ],
            [
              6.727383,
              46.808061
            ],
            [
              6.737112,
              46.805546
            ],
            [
              6.741054,
              46.80805
            ],
            [
              6.747196,
              46.803063
            ],
            [
              6.755635,
              46.802512
            ],
            [
              6.759843,
              46.803762
            ],
            [
              6.780602,
              46.817718
            ],
            [
              6.781089,
              46.816269
            ],
            [
              6.782037,
              46.817133
            ],
            [
              6.78066,
              46.817883
            ],
            [
              6.781777,
              46.819103
            ],
            [
              6.784178,
              46.819924
            ],
            [
              6.783864,
              46.818723
            ],
            [
              6.786117,
              46.817844
            ],
            [
              6.784226,
              46.818678
            ],
            [
              6.784873,
              46.819315
            ],
            [
              6.786481,
              46.817963
            ],
            [
              6.784381,
              46.820085
            ],
            [
              6.785468,
              46.821468
            ],
            [
              6.790788,
              46.822968
            ],
            [
              6.78727,
              46.822635
            ],
            [
              6.789542,
              46.825375
            ],
            [
              6.80131,
              46.832789
            ],
            [
              6.800601,
              46.833457
            ],
            [
              6.802903,
              46.83348
            ],
            [
              6.815054,
              46.840731
            ],
            [
              6.822209,
              46.841151
            ],
            [
              6.823573,
              46.842602
            ],
            [
              6.834574,
              46.846214
            ],
            [
              6.834843,
              46.847577
            ],
            [
              6.8393,
              46.849584
            ],
            [
              6.836426,
              46.850354
            ],
            [
              6.836833,
              46.851829
            ],
            [
              6.836498,
              46.850375
            ],
            [
              6.840022,
              46.850504
            ],
            [
              6.836955,
              46.852614
            ],
            [
              6.841595,
              46.852043
            ],
            [
              6.842739,
              46.853133
            ],
            [
              6.842298,
              46.851991
            ],
            [
              6.843921,
              46.852165
            ],
            [
              6.842868,
              46.853769
            ],
            [
              6.847197,
              46.857089
            ],
            [
              6.84927,
              46.85683
            ],
            [
              6.851751,
              46.85902
            ],
            [
              6.856033,
              46.860366
            ],
            [
              6.858275,
              46.859917
            ],
            [
              6.860086,
              46.862423
            ],
            [
              6.859338,
              46.863163
            ],
            [
              6.86058,
              46.862902
            ],
            [
              6.864615,
              46.866588
            ],
            [
              6.871725,
              46.869738
            ],
            [
              6.87658,
              46.875578
            ],
            [
              6.881999,
              46.878264
            ],
            [
              6.884936,
              46.881625
            ],
            [
              6.884578,
              46.883134
            ],
            [
              6.891938,
              46.887163
            ],
            [
              6.890788,
              46.887472
            ],
            [
              6.891359,
              46.889477
            ],
            [
              6.894474,
              46.889261
            ],
            [
              6.898705,
              46.891965
            ],
            [
              6.899903,
              46.895733
            ],
            [
              6.895848,
              46.900675
            ],
            [
              6.900088,
              46.89583
            ],
            [
              6.901044,
              46.897268
            ],
            [
              6.898349,
              46.900432
            ],
            [
              6.896844,
              46.900487
            ],
            [
              6.89848,
              46.900383
            ],
            [
              6.901443,
              46.89638
            ],
            [
              6.902999,
              46.898236
            ],
            [
              6.912018,
              46.900567
            ],
            [
              6.922834,
              46.906185
            ],
            [
              6.921438,
              46.902216
            ],
            [
              6.92575,
              46.905859
            ],
            [
              6.928175,
              46.904481
            ],
            [
              6.933091,
              46.906847
            ],
            [
              6.933833,
              46.907416
            ],
            [
              6.928326,
              46.909168
            ],
            [
              6.934013,
              46.912844
            ],
            [
              6.938614,
              46.913348
            ],
            [
              6.939544,
              46.9151
            ],
            [
              6.943007,
              46.91552
            ],
            [
              6.942736,
              46.916783
            ],
            [
              6.94386,
              46.916472
            ],
            [
              6.943786,
              46.917349
            ],
            [
              6.9528,
              46.921674
            ],
            [
              6.951935,
              46.922601
            ],
            [
              6.953886,
              46.923639
            ],
            [
              6.952859,
              46.925663
            ],
            [
              6.95419,
              46.927088
            ],
            [
              6.955185,
              46.927411
            ],
            [
              6.953114,
              46.925874
            ],
            [
              6.953917,
              46.924384
            ],
            [
              6.960099,
              46.926203
            ],
            [
              6.977923,
              46.937926
            ],
            [
              6.979366,
              46.937912
            ],
            [
              6.980591,
              46.941152
            ],
            [
              6.986134,
              46.945373
            ],
            [
              6.992629,
              46.947363
            ],
            [
              6.998691,
              46.951355
            ],
            [
              7.006059,
              46.95279
            ],
            [
              7.006948,
              46.953424
            ],
            [
              7.006398,
              46.954526
            ],
            [
              7.008298,
              46.954282
            ],
            [
              7.007448,
              46.954816
            ],
            [
              7.010384,
              46.956191
            ],
            [
              7.01309,
              46.956035
            ],
            [
              7.01401,
              46.957628
            ],
            [
              7.015504,
              46.957467
            ],
            [
              7.013929,
              46.959252
            ],
            [
              7.014856,
              46.959886
            ],
            [
              7.014051,
              46.959272
            ],
            [
              7.0153,
              46.958402
            ],
            [
              7.015997,
              46.958835
            ],
            [
              7.015046,
              46.959607
            ],
            [
              7.018264,
              46.958471
            ],
            [
              7.021437,
              46.961094
            ],
            [
              7.02348,
              46.961225
            ],
            [
              7.022706,
              46.962056
            ],
            [
              7.025896,
              46.96263
            ],
            [
              7.024601,
              46.96323
            ],
            [
              7.026834,
              46.963228
            ],
            [
              7.028847,
              46.966899
            ],
            [
              7.036203,
              46.972425
            ],
            [
              7.036883,
              46.974896
            ],
            [
              7.038212,
              46.975438
            ],
            [
              7.037115,
              46.977019
            ],
            [
              7.038652,
              46.978678
            ],
            [
              7.036668,
              46.979909
            ],
            [
              7.027947,
              46.981005
            ],
            [
              7.038553,
              46.979622
            ],
            [
              7.036958,
              46.980928
            ],
            [
              7.039441,
              46.980681
            ],
            [
              7.038656,
              46.980942
            ],
            [
              7.041268,
              46.982101
            ],
            [
              7.041383,
              46.983263
            ],
            [
              7.045829,
              46.984029
            ],
            [
              7.050101,
              46.986723
            ],
            [
              7.047692,
              46.988649
            ],
            [
              7.048041,
              46.990067
            ],
            [
              7.046582,
              46.990514
            ],
            [
              7.046399,
              46.992197
            ],
            [
              7.043757,
              46.99308
            ],
            [
              7.044232,
              46.994003
            ],
            [
              7.040702,
              46.996946
            ],
            [
              7.039833,
              46.999604
            ],
            [
              7.039994,
              46.998347
            ],
            [
              7.038996,
              46.998657
            ],
            [
              7.039938,
              46.999829
            ],
            [
              7.036523,
              47.000585
            ],
            [
              7.036333,
              47.002293
            ],
            [
              7.032237,
              47.002816
            ],
            [
              7.027929,
              47.005231
            ],
            [
              7.027176,
              47.004344
            ],
            [
              7.026446,
              47.005443
            ],
            [
              7.02673,
              47.004448
            ],
            [
              7.015682,
              46.997473
            ],
            [
              7.021349,
              47.002338
            ],
            [
              7.020612,
              47.002806
            ],
            [
              7.014799,
              46.997958
            ],
            [
              7.02021,
              47.002542
            ],
            [
              7.020053,
              47.004717
            ],
            [
              7.015583,
              47.004855
            ],
            [
              7.015192,
              47.003715
            ],
            [
              7.012738,
              47.003751
            ],
            [
              7.011742,
              47.002011
            ],
            [
              7.00892,
              47.001978
            ],
            [
              6.998675,
              47.005298
            ],
            [
              6.995876,
              47.004724
            ],
            [
              6.993712,
              47.00694
            ],
            [
              6.994187,
              47.008297
            ],
            [
              6.991521,
              47.010401
            ],
            [
              6.986891,
              47.010532
            ],
            [
              6.987716,
              47.010132
            ],
            [
              6.986948,
              47.008945
            ],
            [
              6.98484,
              47.009722
            ],
            [
              6.985706,
              47.01068
            ],
            [
              6.983632,
              47.011067
            ],
            [
              6.983487,
              47.010092
            ],
            [
              6.978378,
              47.010507
            ],
            [
              6.978882,
              47.009884
            ],
            [
              6.976542,
              47.008561
            ],
            [
              6.972784,
              47.008179
            ],
            [
              6.975187,
              47.007863
            ],
            [
              6.972719,
              47.007367
            ],
            [
              6.973461,
              47.006907
            ],
            [
              6.962075,
              47.003219
            ],
            [
              6.957714,
              47.000651
            ],
            [
              6.958566,
              46.998578
            ],
            [
              6.955698,
              46.996206
            ],
            [
              6.947476,
              46.995793
            ],
            [
              6.948862,
              46.993946
            ],
            [
              6.943379,
              46.993003
            ],
            [
              6.937481,
              46.990249
            ],
            [
              6.936009,
              46.990128
            ],
            [
              6.937255,
              46.990531
            ],
            [
              6.93628,
              46.991265
            ],
            [
              6.93481,
              46.990398
            ],
            [
              6.936092,
              46.989645
            ],
            [
              6.934667,
              46.989795
            ],
            [
              6.934083,
              46.991322
            ],
            [
              6.932465,
              46.990519
            ],
            [
              6.934228,
              46.989578
            ],
            [
              6.930122,
              46.988634
            ],
            [
              6.924166,
              46.989756
            ],
            [
              6.922656,
              46.988179
            ],
            [
              6.92118,
              46.988568
            ],
            [
              6.914209,
              46.985666
            ],
            [
              6.913764,
              46.984217
            ],
            [
              6.907529,
              46.980845
            ],
            [
              6.903791,
              46.980004
            ],
            [
              6.902624,
              46.980969
            ],
            [
              6.899901,
              46.97914
            ],
            [
              6.883604,
              46.976598
            ],
            [
              6.882266,
              46.975479
            ],
            [
              6.883393,
              46.974858
            ],
            [
              6.880935,
              46.974002
            ],
            [
              6.880208,
              46.972482
            ],
            [
              6.87628,
              46.970673
            ],
            [
              6.879744,
              46.972366
            ],
            [
              6.877256,
              46.972585
            ],
            [
              6.875515,
              46.971908
            ],
            [
              6.875865,
              46.970474
            ],
            [
              6.873605,
              46.970373
            ],
            [
              6.874227,
              46.969062
            ],
            [
              6.873232,
              46.967249
            ],
            [
              6.874607,
              46.965251
            ],
            [
              6.873444,
              46.962271
            ],
            [
              6.874592,
              46.957968
            ],
            [
              6.871024,
              46.949927
            ],
            [
              6.871092,
              46.945065
            ],
            [
              6.864435,
              46.943628
            ],
            [
              6.860203,
              46.941978
            ],
            [
              6.859887,
              46.940852
            ],
            [
              6.85464,
              46.940602
            ],
            [
              6.853382,
              46.939595
            ],
            [
              6.854168,
              46.938776
            ],
            [
              6.852171,
              46.939458
            ],
            [
              6.852486,
              46.93821
            ],
            [
              6.850811,
              46.939303
            ],
            [
              6.847066,
              46.93857
            ],
            [
              6.840215,
              46.933512
            ],
            [
              6.839281,
              46.928992
            ],
            [
              6.837197,
              46.925707
            ],
            [
              6.830787,
              46.926779
            ],
            [
              6.826387,
              46.924198
            ],
            [
              6.82186,
              46.923406
            ],
            [
              6.822231,
              46.921914
            ],
            [
              6.821676,
              46.923219
            ],
            [
              6.820697,
              46.92289
            ],
            [
              6.821874,
              46.921733
            ],
            [
              6.819239,
              46.922873
            ],
            [
              6.813407,
              46.917792
            ],
            [
              6.805147,
              46.915776
            ],
            [
              6.799148,
              46.909324
            ],
            [
              6.788574,
              46.902856
            ],
            [
              6.787402,
              46.899959
            ],
            [
              6.782713,
              46.897453
            ],
            [
              6.7782,
              46.891381
            ],
            [
              6.776978,
              46.892108
            ],
            [
              6.773434,
              46.891215
            ],
            [
              6.774811,
              46.88979
            ],
            [
              6.7759,
              46.891084
            ],
            [
              6.775009,
              46.88974
            ],
            [
              6.77402,
              46.890822
            ],
            [
              6.770942,
              46.89082
            ],
            [
              6.764948,
              46.885448
            ],
            [
              6.761074,
              46.877461
            ],
            [
              6.756516,
              46.8741
            ],
            [
              6.75221,
              46.863529
            ],
            [
              6.739667,
              46.858307
            ],
            [
              6.738671,
              46.856558
            ],
            [
              6.734105,
              46.855112
            ],
            [
              6.730132,
              46.85141
            ],
            [
              6.723015,
              46.850127
            ],
            [
              6.720959,
              46.849126
            ],
            [
              6.721307,
              46.847823
            ],
            [
              6.720205,
              46.848579
            ],
            [
              6.720637,
              46.84756
            ],
            [
              6.71661,
              46.847381
            ],
            [
              6.706284,
              46.83747
            ],
            [
              6.692465,
              46.830805
            ],
            [
              6.687234,
              46.829706
            ],
            [
              6.685668,
              46.828657
            ],
            [
              6.685724,
              46.826616
            ],
            [
              6.680746,
              46.822949
            ],
            [
              6.678976,
              46.823846
            ],
            [
              6.680063,
              46.822806
            ],
            [
              6.677092,
              46.820746
            ],
            [
              6.659453,
              46.815806
            ],
            [
              6.641529,
              46.805457
            ],
            [
              6.64164,
              46.80413
            ],
            [
              6.641482,
              46.805439
            ],
            [
              6.640985,
              46.804272
            ],
            [
              6.640686,
              46.805206
            ],
            [
              6.636778,
              46.80378
            ],
            [
              6.634577,
              46.799607
            ],
            [
              6.634563,
              46.799525
            ]
          ],
          [
            [
              6.681974,
              46.795089
            ],
            [
              6.683173,
              46.793473
            ],
            [
              6.681979,
              46.795069
            ],
            [
              6.681974,
              46.795089
            ]
          ],
          [
            [
              6.691941,
              46.79873
            ],
            [
              6.693132,
              46.79874
            ],
            [
              6.691944,
              46.798653
            ],
            [
              6.691941,
              46.79873
            ]
          ],
          [
            [
              6.695644,
              46.799378
            ],
            [
              6.697239,
              46.799916
            ],
            [
              6.695657,
              46.79935
            ],
            [
              6.695644,
              46.799378
            ]
          ],
          [
            [
              6.726745,
              46.807366
            ],
            [
              6.726756,
              46.807464
            ],
            [
              6.726817,
              46.80759
            ],
            [
              6.726833,
              46.807608
            ],
            [
              6.726835,
              46.807625
            ],
            [
              6.726879,
              46.807689
            ],
            [
              6.726939,
              46.807747
            ],
            [
              6.726999,
              46.807802
            ],
            [
              6.727057,
              46.807841
            ],
            [
              6.727088,
              46.807852
            ],
            [
              6.727109,
              46.807851
            ],
            [
              6.727128,
              46.807842
            ],
            [
              6.72714,
              46.80783
            ],
            [
              6.727143,
              46.807821
            ],
            [
              6.727108,
              46.807801
            ],
            [
              6.727066,
              46.807773
            ],
            [
              6.727009,
              46.807719
            ],
            [
              6.726951,
              46.807652
            ],
            [
              6.726898,
              46.807583
            ],
            [
              6.726857,
              46.807501
            ],
            [
              6.726839,
              46.807441
            ],
            [
              6.726828,
              46.807381
            ],
            [
              6.726832,
              46.807299
            ],
            [
              6.726845,
              46.80718
            ],
            [
              6.726858,
              46.807119
            ],
            [
              6.726907,
              46.807008
            ],
            [
              6.726994,
              46.80684
            ],
            [
              6.727045,
              46.806749
            ],
            [
              6.727079,
              46.806687
            ],
            [
              6.727078,
              46.806672
            ],
            [
              6.727042,
              46.806651
            ],
            [
              6.727025,
              46.806649
            ],
            [
              6.727011,
              46.806655
            ],
            [
              6.727011,
              46.806666
            ],
            [
              6.726995,
              46.806685
            ],
            [
              6.726994,
              46.806698
            ],
            [
              6.72697,
              46.806729
            ],
            [
              6.72697,
              46.806748
            ],
            [
              6.726922,
              46.80684
            ],
            [
              6.726868,
              46.806937
            ],
            [
              6.726852,
              46.806953
            ],
            [
              6.726848,
              46.806975
            ],
            [
              6.726836,
              46.806998
            ],
            [
              6.726833,
              46.807022
            ],
            [
              6.726804,
              46.807056
            ],
            [
              6.7268,
              46.807081
            ],
            [
              6.726776,
              46.807153
            ],
            [
              6.726747,
              46.807286
            ],
            [
              6.726745,
              46.807366
            ]
          ],
          [
            [
              6.72675,
              46.808051
            ],
            [
              6.727522,
              46.808321
            ],
            [
              6.726751,
              46.808035
            ],
            [
              6.72675,
              46.808051
            ]
          ],
          [
            [
              6.756468,
              46.872997
            ],
            [
              6.756762,
              46.872077
            ],
            [
              6.756502,
              46.872939
            ],
            [
              6.756468,
              46.872997
            ]
          ],
          [
            [
              6.756796,
              46.87328
            ],
            [
              6.757678,
              46.874179
            ],
            [
              6.756826,
              46.873227
            ],
            [
              6.756796,
              46.87328
            ]
          ],
          [
            [
              6.799091,
              46.832407
            ],
            [
              6.800001,
              46.832734
            ],
            [
              6.799126,
              46.832358
            ],
            [
              6.799091,
              46.832407
            ]
          ],
          [
            [
              6.874109,
              46.970072
            ],
            [
              6.874123,
              46.970197
            ],
            [
              6.874395,
              46.970357
            ],
            [
              6.87448,
              46.970412
            ],
            [
              6.874638,
              46.970353
            ],
            [
              6.874731,
              46.970274
            ],
            [
              6.874747,
              46.970219
            ],
            [
              6.874755,
              46.970188
            ],
            [
              6.87471,
              46.970099
            ],
            [
              6.874573,
              46.970051
            ],
            [
              6.874535,
              46.969989
            ],
            [
              6.874288,
              46.969927
            ],
            [
              6.874199,
              46.969972
            ],
            [
              6.874109,
              46.970072
            ]
          ],
          [
            [
              6.875116,
              46.970305
            ],
            [
              6.875195,
              46.970481
            ],
            [
              6.875336,
              46.970614
            ],
            [
              6.875473,
              46.970645
            ],
            [
              6.875576,
              46.970577
            ],
            [
              6.875573,
              46.970511
            ],
            [
              6.875401,
              46.970316
            ],
            [
              6.875233,
              46.970209
            ],
            [
              6.875116,
              46.970305
            ]
          ],
          [
            [
              6.927068,
              46.905796
            ],
            [
              6.928304,
              46.905297
            ],
            [
              6.927397,
              46.905675
            ],
            [
              6.927068,
              46.905796
            ]
          ],
          [
            [
              6.927303,
              46.906474
            ],
            [
              6.928464,
              46.908533
            ],
            [
              6.927631,
              46.908876
            ],
            [
              6.93281,
              46.907296
            ],
            [
              6.92892,
              46.904978
            ],
            [
              6.92736,
              46.906309
            ],
            [
              6.927303,
              46.906474
            ]
          ],
          [
            [
              6.955344,
              46.927019
            ],
            [
              6.956319,
              46.925449
            ],
            [
              6.955347,
              46.926999
            ],
            [
              6.955344,
              46.927019
            ]
          ],
          [
            [
              6.983116,
              47.01004
            ],
            [
              6.985046,
              47.009028
            ],
            [
              6.983124,
              47.010011
            ],
            [
              6.983116,
              47.01004
            ]
          ],
          [
            [
              7.013293,
              46.95872
            ],
            [
              7.013391,
              46.958722
            ],
            [
              7.013392,
              46.958682
            ],
            [
              7.013295,
              46.958681
            ],
            [
              7.013293,
              46.95872
            ]
          ],
          [
            [
              7.013689,
              46.958876
            ],
            [
              7.013697,
              46.958915
            ],
            [
              7.013746,
              46.95894
            ],
            [
              7.013789,
              46.958927
            ],
            [
              7.013821,
              46.958912
            ],
            [
              7.013835,
              46.958866
            ],
            [
              7.013899,
              46.958797
            ],
            [
              7.013969,
              46.958753
            ],
            [
              7.014035,
              46.958728
            ],
            [
              7.014137,
              46.958639
            ],
            [
              7.014177,
              46.958589
            ],
            [
              7.014068,
              46.958625
            ],
            [
              7.013878,
              46.958721
            ],
            [
              7.013794,
              46.958814
            ],
            [
              7.013741,
              46.958844
            ],
            [
              7.013689,
              46.958876
            ]
          ],
          [
            [
              7.016616,
              47.004549
            ],
            [
              7.017739,
              47.00453
            ],
            [
              7.016617,
              47.004457
            ],
            [
              7.016616,
              47.004549
            ]
          ],
          [
            [
              7.023708,
              46.962546
            ],
            [
              7.024324,
              46.963168
            ],
            [
              7.023724,
              46.962405
            ],
            [
              7.023708,
              46.962546
            ]
          ],
          [
            [
              7.023883,
              46.963334
            ],
            [
              7.024672,
              46.963525
            ],
            [
              7.023884,
              46.963315
            ],
            [
              7.023883,
              46.963334
            ]
          ],
          [
            [
              7.028906,
              46.982043
            ],
            [
              7.036629,
              46.980553
            ],
            [
              7.028913,
              46.982019
            ],
            [
              7.028906,
              46.982043
            ]
          ],
          [
            [
              7.038936,
              46.984226
            ],
            [
              7.036214,
              46.982985
            ],
            [
              7.038976,
              46.984276
            ],
            [
              7.038936,
              46.984226
            ]
          ],
          [
            [
              7.037467,
              46.981303
            ],
            [
              7.037469,
              46.981311
            ],
            [
              7.03748,
              46.981326
            ],
            [
              7.037502,
              46.981341
            ],
            [
              7.037517,
              46.981348
            ],
            [
              7.037535,
              46.981347
            ],
            [
              7.037555,
              46.981351
            ],
            [
              7.037581,
              46.981353
            ],
            [
              7.037605,
              46.98134
            ],
            [
              7.037634,
              46.981317
            ],
            [
              7.03766,
              46.981305
            ],
            [
              7.037649,
              46.981299
            ],
            [
              7.037646,
              46.981291
            ],
            [
              7.037632,
              46.981279
            ],
            [
              7.037615,
              46.981265
            ],
            [
              7.037611,
              46.981256
            ],
            [
              7.037611,
              46.98124
            ],
            [
              7.037597,
              46.981228
            ],
            [
              7.037575,
              46.981224
            ],
            [
              7.037552,
              46.98122
            ],
            [
              7.037546,
              46.981206
            ],
            [
              7.037531,
              46.981211
            ],
            [
              7.037521,
              46.981226
            ],
            [
              7.037507,
              46.981236
            ],
            [
              7.03749,
              46.98125
            ],
            [
              7.037483,
              46.981265
            ],
            [
              7.037487,
              46.981273
            ],
            [
              7.037478,
              46.981287
            ],
            [
              7.037467,
              46.981303
            ]
          ],
          [
            [
              7.037729,
              46.982355
            ],
            [
              7.037741,
              46.982425
            ],
            [
              7.037843,
              46.982417
            ],
            [
              7.037831,
              46.982346
            ],
            [
              7.037729,
              46.982355
            ]
          ],
          [
            [
              7.038936,
              46.984226
            ],
            [
              7.039759,
              46.98406
            ],
            [
              7.037995,
              46.983567
            ],
            [
              7.038609,
              46.984091
            ],
            [
              7.038936,
              46.984226
            ]
          ],
          [
            [
              7.038027,
              46.982553
            ],
            [
              7.038039,
              46.982581
            ],
            [
              7.038101,
              46.982614
            ],
            [
              7.038204,
              46.982548
            ],
            [
              7.038154,
              46.982517
            ],
            [
              7.038046,
              46.982527
            ],
            [
              7.038027,
              46.982553
            ]
          ]
        ]
      }
    },
    {
      "type": "Feature",
      "properties": {
        "id": "verbano",
        "name": "Verbano",
        "osmType": "relation",
        "osmId": 11758,
        "source": "OpenStreetMap via Nominatim lookup",
        "sourceUrl": "https://www.openstreetmap.org/relation/11758",
        "bbox": [
          8.4805596,
          45.7224279,
          8.8657105,
          46.1798998
        ]
      },
      "geometry": {
        "type": "Polygon",
        "coordinates": [
          [
            [
              8.48056,
              45.928386
            ],
            [
              8.489028,
              45.924623
            ],
            [
              8.50501,
              45.914076
            ],
            [
              8.506927,
              45.910674
            ],
            [
              8.505735,
              45.908178
            ],
            [
              8.506365,
              45.904857
            ],
            [
              8.50891,
              45.903644
            ],
            [
              8.510133,
              45.900508
            ],
            [
              8.520247,
              45.890769
            ],
            [
              8.522443,
              45.890021
            ],
            [
              8.525376,
              45.891135
            ],
            [
              8.535977,
              45.886052
            ],
            [
              8.552653,
              45.880968
            ],
            [
              8.558195,
              45.877408
            ],
            [
              8.564451,
              45.871326
            ],
            [
              8.567611,
              45.864121
            ],
            [
              8.570101,
              45.850727
            ],
            [
              8.573961,
              45.84045
            ],
            [
              8.565183,
              45.830692
            ],
            [
              8.567,
              45.826768
            ],
            [
              8.565814,
              45.820804
            ],
            [
              8.558169,
              45.814271
            ],
            [
              8.551309,
              45.8137
            ],
            [
              8.548342,
              45.815978
            ],
            [
              8.546895,
              45.815822
            ],
            [
              8.543712,
              45.811163
            ],
            [
              8.543662,
              45.807761
            ],
            [
              8.541087,
              45.806395
            ],
            [
              8.541577,
              45.800761
            ],
            [
              8.537772,
              45.798633
            ],
            [
              8.53812,
              45.796314
            ],
            [
              8.541734,
              45.793334
            ],
            [
              8.539839,
              45.791693
            ],
            [
              8.542643,
              45.777001
            ],
            [
              8.548897,
              45.769314
            ],
            [
              8.562053,
              45.761694
            ],
            [
              8.562642,
              45.760312
            ],
            [
              8.560952,
              45.755941
            ],
            [
              8.568794,
              45.754802
            ],
            [
              8.566094,
              45.746278
            ],
            [
              8.580223,
              45.738163
            ],
            [
              8.579545,
              45.736546
            ],
            [
              8.580892,
              45.732341
            ],
            [
              8.579764,
              45.73233
            ],
            [
              8.584113,
              45.728475
            ],
            [
              8.581982,
              45.727885
            ],
            [
              8.584062,
              45.728351
            ],
            [
              8.583049,
              45.726544
            ],
            [
              8.58467,
              45.723782
            ],
            [
              8.586258,
              45.723678
            ],
            [
              8.584898,
              45.722568
            ],
            [
              8.594036,
              45.723814
            ],
            [
              8.59731,
              45.726088
            ],
            [
              8.597087,
              45.725015
            ],
            [
              8.617475,
              45.72385
            ],
            [
              8.619664,
              45.727215
            ],
            [
              8.619313,
              45.729206
            ],
            [
              8.616803,
              45.729699
            ],
            [
              8.611284,
              45.72644
            ],
            [
              8.605681,
              45.726929
            ],
            [
              8.604623,
              45.72994
            ],
            [
              8.606922,
              45.733294
            ],
            [
              8.605875,
              45.734805
            ],
            [
              8.604109,
              45.735834
            ],
            [
              8.598004,
              45.733277
            ],
            [
              8.596558,
              45.737996
            ],
            [
              8.597115,
              45.742129
            ],
            [
              8.595996,
              45.745033
            ],
            [
              8.594993,
              45.744986
            ],
            [
              8.59608,
              45.745197
            ],
            [
              8.592931,
              45.752559
            ],
            [
              8.588562,
              45.754855
            ],
            [
              8.58431,
              45.754337
            ],
            [
              8.584325,
              45.757495
            ],
            [
              8.582084,
              45.759655
            ],
            [
              8.582539,
              45.760845
            ],
            [
              8.581402,
              45.760701
            ],
            [
              8.580926,
              45.762673
            ],
            [
              8.579472,
              45.762564
            ],
            [
              8.577829,
              45.764299
            ],
            [
              8.579084,
              45.765609
            ],
            [
              8.578798,
              45.767638
            ],
            [
              8.584559,
              45.770854
            ],
            [
              8.569178,
              45.770311
            ],
            [
              8.567558,
              45.774396
            ],
            [
              8.563259,
              45.779325
            ],
            [
              8.564229,
              45.785728
            ],
            [
              8.568813,
              45.794653
            ],
            [
              8.568003,
              45.798509
            ],
            [
              8.572174,
              45.80081
            ],
            [
              8.575439,
              45.801098
            ],
            [
              8.58503,
              45.797633
            ],
            [
              8.587528,
              45.798938
            ],
            [
              8.589687,
              45.798432
            ],
            [
              8.591746,
              45.800131
            ],
            [
              8.59323,
              45.798935
            ],
            [
              8.595957,
              45.798971
            ],
            [
              8.606858,
              45.806715
            ],
            [
              8.607889,
              45.810586
            ],
            [
              8.60624,
              45.818119
            ],
            [
              8.611406,
              45.821774
            ],
            [
              8.612221,
              45.825682
            ],
            [
              8.617703,
              45.823454
            ],
            [
              8.623246,
              45.825195
            ],
            [
              8.624083,
              45.82686
            ],
            [
              8.626019,
              45.825065
            ],
            [
              8.624579,
              45.826766
            ],
            [
              8.626245,
              45.827627
            ],
            [
              8.626774,
              45.830383
            ],
            [
              8.622847,
              45.833352
            ],
            [
              8.624005,
              45.837861
            ],
            [
              8.623032,
              45.837415
            ],
            [
              8.622768,
              45.838541
            ],
            [
              8.621749,
              45.837655
            ],
            [
              8.622756,
              45.838663
            ],
            [
              8.62131,
              45.841024
            ],
            [
              8.621984,
              45.842273
            ],
            [
              8.619491,
              45.845508
            ],
            [
              8.619707,
              45.848228
            ],
            [
              8.618106,
              45.848446
            ],
            [
              8.619211,
              45.849929
            ],
            [
              8.618833,
              45.851766
            ],
            [
              8.620064,
              45.852624
            ],
            [
              8.618855,
              45.854041
            ],
            [
              8.614175,
              45.853178
            ],
            [
              8.611535,
              45.854771
            ],
            [
              8.610103,
              45.854359
            ],
            [
              8.610743,
              45.857569
            ],
            [
              8.605972,
              45.862111
            ],
            [
              8.603883,
              45.869655
            ],
            [
              8.596527,
              45.877713
            ],
            [
              8.596581,
              45.879731
            ],
            [
              8.599185,
              45.881024
            ],
            [
              8.600184,
              45.884316
            ],
            [
              8.598167,
              45.888775
            ],
            [
              8.593483,
              45.891434
            ],
            [
              8.593275,
              45.893521
            ],
            [
              8.596277,
              45.898116
            ],
            [
              8.596217,
              45.900463
            ],
            [
              8.598277,
              45.904576
            ],
            [
              8.60115,
              45.907015
            ],
            [
              8.61288,
              45.906583
            ],
            [
              8.616418,
              45.907469
            ],
            [
              8.619248,
              45.90986
            ],
            [
              8.616656,
              45.912788
            ],
            [
              8.610686,
              45.915037
            ],
            [
              8.61143,
              45.91706
            ],
            [
              8.616944,
              45.922149
            ],
            [
              8.631946,
              45.926818
            ],
            [
              8.642523,
              45.935894
            ],
            [
              8.64878,
              45.939394
            ],
            [
              8.65486,
              45.939578
            ],
            [
              8.660635,
              45.942684
            ],
            [
              8.66146,
              45.945993
            ],
            [
              8.66029,
              45.94706
            ],
            [
              8.661226,
              45.948794
            ],
            [
              8.660555,
              45.950747
            ],
            [
              8.662361,
              45.95408
            ],
            [
              8.675088,
              45.960737
            ],
            [
              8.679854,
              45.961216
            ],
            [
              8.681282,
              45.963826
            ],
            [
              8.690338,
              45.966539
            ],
            [
              8.705045,
              45.975203
            ],
            [
              8.710151,
              45.979234
            ],
            [
              8.712012,
              45.983268
            ],
            [
              8.711277,
              45.988932
            ],
            [
              8.718037,
              45.990449
            ],
            [
              8.722135,
              45.996401
            ],
            [
              8.72403,
              45.997244
            ],
            [
              8.73344,
              45.997357
            ],
            [
              8.732969,
              45.997977
            ],
            [
              8.735398,
              45.999554
            ],
            [
              8.733963,
              45.998908
            ],
            [
              8.734621,
              45.999766
            ],
            [
              8.741464,
              46.002492
            ],
            [
              8.74817,
              46.00947
            ],
            [
              8.752203,
              46.017992
            ],
            [
              8.750661,
              46.020136
            ],
            [
              8.751815,
              46.022017
            ],
            [
              8.750997,
              46.025254
            ],
            [
              8.748559,
              46.026151
            ],
            [
              8.746527,
              46.033124
            ],
            [
              8.742593,
              46.035118
            ],
            [
              8.741999,
              46.036545
            ],
            [
              8.735962,
              46.037031
            ],
            [
              8.731765,
              46.039637
            ],
            [
              8.73216,
              46.043526
            ],
            [
              8.733971,
              46.045882
            ],
            [
              8.732148,
              46.046712
            ],
            [
              8.731835,
              46.048786
            ],
            [
              8.734039,
              46.052163
            ],
            [
              8.729441,
              46.061212
            ],
            [
              8.731837,
              46.068538
            ],
            [
              8.724189,
              46.076298
            ],
            [
              8.722699,
              46.0798
            ],
            [
              8.721307,
              46.07967
            ],
            [
              8.720502,
              46.081913
            ],
            [
              8.722279,
              46.085885
            ],
            [
              8.735248,
              46.095162
            ],
            [
              8.737634,
              46.102803
            ],
            [
              8.751314,
              46.103196
            ],
            [
              8.758891,
              46.104935
            ],
            [
              8.768967,
              46.111589
            ],
            [
              8.77349,
              46.116227
            ],
            [
              8.782189,
              46.121002
            ],
            [
              8.783323,
              46.123499
            ],
            [
              8.786549,
              46.123474
            ],
            [
              8.790605,
              46.126545
            ],
            [
              8.79797,
              46.129163
            ],
            [
              8.798653,
              46.130994
            ],
            [
              8.804119,
              46.133085
            ],
            [
              8.807551,
              46.135925
            ],
            [
              8.819866,
              46.139338
            ],
            [
              8.835133,
              46.141078
            ],
            [
              8.840937,
              46.144721
            ],
            [
              8.845652,
              46.144737
            ],
            [
              8.853851,
              46.147027
            ],
            [
              8.855708,
              46.14952
            ],
            [
              8.858559,
              46.148756
            ],
            [
              8.865647,
              46.149752
            ],
            [
              8.865374,
              46.151656
            ],
            [
              8.863001,
              46.151266
            ],
            [
              8.863978,
              46.155227
            ],
            [
              8.861275,
              46.15107
            ],
            [
              8.856542,
              46.151001
            ],
            [
              8.854919,
              46.154214
            ],
            [
              8.862368,
              46.155982
            ],
            [
              8.858196,
              46.155934
            ],
            [
              8.856836,
              46.156665
            ],
            [
              8.861715,
              46.156825
            ],
            [
              8.854072,
              46.157799
            ],
            [
              8.855967,
              46.158002
            ],
            [
              8.854434,
              46.159471
            ],
            [
              8.858109,
              46.160211
            ],
            [
              8.859655,
              46.157072
            ],
            [
              8.859026,
              46.160289
            ],
            [
              8.860532,
              46.159712
            ],
            [
              8.859233,
              46.160388
            ],
            [
              8.860518,
              46.160907
            ],
            [
              8.862815,
              46.157589
            ],
            [
              8.861448,
              46.160072
            ],
            [
              8.863394,
              46.160408
            ],
            [
              8.859892,
              46.161091
            ],
            [
              8.853956,
              46.160099
            ],
            [
              8.864211,
              46.164339
            ],
            [
              8.858848,
              46.163095
            ],
            [
              8.86045,
              46.165185
            ],
            [
              8.858397,
              46.163033
            ],
            [
              8.854703,
              46.161817
            ],
            [
              8.853087,
              46.163613
            ],
            [
              8.855486,
              46.162908
            ],
            [
              8.858096,
              46.164598
            ],
            [
              8.858295,
              46.165515
            ],
            [
              8.85756,
              46.16449
            ],
            [
              8.855468,
              46.165122
            ],
            [
              8.857733,
              46.165817
            ],
            [
              8.859144,
              46.172148
            ],
            [
              8.856497,
              46.166853
            ],
            [
              8.85237,
              46.165113
            ],
            [
              8.847647,
              46.170394
            ],
            [
              8.848216,
              46.171018
            ],
            [
              8.846587,
              46.170935
            ],
            [
              8.841567,
              46.175515
            ],
            [
              8.840478,
              46.178614
            ],
            [
              8.832701,
              46.179828
            ],
            [
              8.826334,
              46.174891
            ],
            [
              8.824144,
              46.175283
            ],
            [
              8.818842,
              46.1728
            ],
            [
              8.807574,
              46.170808
            ],
            [
              8.802914,
              46.171434
            ],
            [
              8.801326,
              46.170581
            ],
            [
              8.804654,
              46.163192
            ],
            [
              8.804742,
              46.158685
            ],
            [
              8.802204,
              46.158407
            ],
            [
              8.804815,
              46.158323
            ],
            [
              8.803637,
              46.157945
            ],
            [
              8.803689,
              46.154567
            ],
            [
              8.800728,
              46.154627
            ],
            [
              8.804481,
              46.153934
            ],
            [
              8.804753,
              46.152497
            ],
            [
              8.802847,
              46.150251
            ],
            [
              8.796996,
              46.149587
            ],
            [
              8.793999,
              46.148429
            ],
            [
              8.794453,
              46.147461
            ],
            [
              8.792311,
              46.147867
            ],
            [
              8.792029,
              46.145682
            ],
            [
              8.78314,
              46.145626
            ],
            [
              8.774034,
              46.149056
            ],
            [
              8.770568,
              46.15283
            ],
            [
              8.766709,
              46.154756
            ],
            [
              8.763462,
              46.152827
            ],
            [
              8.760075,
              46.154163
            ],
            [
              8.752619,
              46.151371
            ],
            [
              8.734673,
              46.147863
            ],
            [
              8.720014,
              46.134888
            ],
            [
              8.716969,
              46.129922
            ],
            [
              8.715103,
              46.123671
            ],
            [
              8.71331,
              46.122633
            ],
            [
              8.714032,
              46.120281
            ],
            [
              8.708924,
              46.116956
            ],
            [
              8.706876,
              46.111903
            ],
            [
              8.704094,
              46.111371
            ],
            [
              8.697779,
              46.104515
            ],
            [
              8.697162,
              46.101298
            ],
            [
              8.693784,
              46.098956
            ],
            [
              8.694191,
              46.096363
            ],
            [
              8.690796,
              46.091754
            ],
            [
              8.691826,
              46.09116
            ],
            [
              8.691224,
              46.086003
            ],
            [
              8.693221,
              46.082983
            ],
            [
              8.693857,
              46.077448
            ],
            [
              8.695384,
              46.076464
            ],
            [
              8.692998,
              46.072391
            ],
            [
              8.698191,
              46.070209
            ],
            [
              8.695067,
              46.067898
            ],
            [
              8.698854,
              46.06906
            ],
            [
              8.700359,
              46.068104
            ],
            [
              8.700893,
              46.067315
            ],
            [
              8.699455,
              46.067313
            ],
            [
              8.700789,
              46.067054
            ],
            [
              8.699695,
              46.066567
            ],
            [
              8.700945,
              46.064624
            ],
            [
              8.700873,
              46.05961
            ],
            [
              8.704256,
              46.057611
            ],
            [
              8.703993,
              46.056555
            ],
            [
              8.706933,
              46.053078
            ],
            [
              8.704865,
              46.04769
            ],
            [
              8.706995,
              46.043158
            ],
            [
              8.707389,
              46.038867
            ],
            [
              8.711144,
              46.036057
            ],
            [
              8.70968,
              46.029625
            ],
            [
              8.700088,
              46.024701
            ],
            [
              8.686251,
              46.022807
            ],
            [
              8.682343,
              46.018919
            ],
            [
              8.680028,
              46.018437
            ],
            [
              8.676023,
              46.020652
            ],
            [
              8.673394,
              46.018933
            ],
            [
              8.670055,
              46.013584
            ],
            [
              8.659615,
              46.005431
            ],
            [
              8.655822,
              45.997602
            ],
            [
              8.650921,
              45.991325
            ],
            [
              8.64431,
              45.988438
            ],
            [
              8.641355,
              45.985369
            ],
            [
              8.640769,
              45.982682
            ],
            [
              8.628422,
              45.97186
            ],
            [
              8.623457,
              45.964853
            ],
            [
              8.620693,
              45.958517
            ],
            [
              8.589535,
              45.93992
            ],
            [
              8.581961,
              45.939135
            ],
            [
              8.581127,
              45.937648
            ],
            [
              8.575686,
              45.935844
            ],
            [
              8.572799,
              45.932166
            ],
            [
              8.574337,
              45.931426
            ],
            [
              8.574689,
              45.932976
            ],
            [
              8.574198,
              45.931216
            ],
            [
              8.57054,
              45.932576
            ],
            [
              8.573199,
              45.930145
            ],
            [
              8.566389,
              45.927153
            ],
            [
              8.566422,
              45.92511
            ],
            [
              8.561689,
              45.919014
            ],
            [
              8.560759,
              45.915642
            ],
            [
              8.556884,
              45.916977
            ],
            [
              8.553773,
              45.920733
            ],
            [
              8.548832,
              45.921676
            ],
            [
              8.546514,
              45.925309
            ],
            [
              8.539915,
              45.93085
            ],
            [
              8.5166,
              45.9376
            ],
            [
              8.513088,
              45.939741
            ],
            [
              8.510259,
              45.938199
            ],
            [
              8.509361,
              45.9389
            ],
            [
              8.50726,
              45.936745
            ],
            [
              8.498838,
              45.938461
            ],
            [
              8.492924,
              45.935089
            ],
            [
              8.488441,
              45.935726
            ],
            [
              8.4824,
              45.931474
            ],
            [
              8.48056,
              45.928543
            ],
            [
              8.48056,
              45.928386
            ]
          ],
          [
            [
              8.518735,
              45.902182
            ],
            [
              8.522049,
              45.899916
            ],
            [
              8.519093,
              45.901421
            ],
            [
              8.518735,
              45.902182
            ]
          ],
          [
            [
              8.523643,
              45.898348
            ],
            [
              8.523659,
              45.898387
            ],
            [
              8.523673,
              45.898422
            ],
            [
              8.523687,
              45.898465
            ],
            [
              8.523722,
              45.898497
            ],
            [
              8.523772,
              45.898516
            ],
            [
              8.523817,
              45.898527
            ],
            [
              8.52386,
              45.89853
            ],
            [
              8.52389,
              45.898523
            ],
            [
              8.523905,
              45.898531
            ],
            [
              8.523909,
              45.898533
            ],
            [
              8.523925,
              45.898541
            ],
            [
              8.523947,
              45.898541
            ],
            [
              8.523979,
              45.898513
            ],
            [
              8.523992,
              45.898483
            ],
            [
              8.523996,
              45.898456
            ],
            [
              8.523992,
              45.898416
            ],
            [
              8.52397,
              45.898367
            ],
            [
              8.523943,
              45.898329
            ],
            [
              8.523916,
              45.898309
            ],
            [
              8.523891,
              45.898281
            ],
            [
              8.523886,
              45.898253
            ],
            [
              8.52385,
              45.898228
            ],
            [
              8.523803,
              45.898214
            ],
            [
              8.523774,
              45.898215
            ],
            [
              8.523739,
              45.898228
            ],
            [
              8.523724,
              45.898234
            ],
            [
              8.523694,
              45.898247
            ],
            [
              8.52369,
              45.898248
            ],
            [
              8.523671,
              45.898273
            ],
            [
              8.523645,
              45.898306
            ],
            [
              8.523643,
              45.898348
            ]
          ],
          [
            [
              8.525144,
              45.896852
            ],
            [
              8.528704,
              45.895394
            ],
            [
              8.52858,
              45.894128
            ],
            [
              8.526179,
              45.894703
            ],
            [
              8.525169,
              45.896793
            ],
            [
              8.525144,
              45.896852
            ]
          ],
          [
            [
              8.535931,
              45.910799
            ],
            [
              8.537905,
              45.912792
            ],
            [
              8.540061,
              45.911807
            ],
            [
              8.538711,
              45.910435
            ],
            [
              8.535944,
              45.910776
            ],
            [
              8.535931,
              45.910799
            ]
          ],
          [
            [
              8.554101,
              45.916743
            ],
            [
              8.555077,
              45.917661
            ],
            [
              8.556225,
              45.917027
            ],
            [
              8.554261,
              45.916579
            ],
            [
              8.554101,
              45.916743
            ]
          ],
          [
            [
              8.555194,
              45.91589
            ],
            [
              8.555248,
              45.915908
            ],
            [
              8.555274,
              45.915923
            ],
            [
              8.555317,
              45.915923
            ],
            [
              8.555336,
              45.915937
            ],
            [
              8.555348,
              45.915956
            ],
            [
              8.555333,
              45.915968
            ],
            [
              8.555348,
              45.915981
            ],
            [
              8.555394,
              45.915992
            ],
            [
              8.555425,
              45.915979
            ],
            [
              8.55547,
              45.915978
            ],
            [
              8.555506,
              45.915977
            ],
            [
              8.555544,
              45.915969
            ],
            [
              8.555567,
              45.915969
            ],
            [
              8.55559,
              45.915947
            ],
            [
              8.555606,
              45.915921
            ],
            [
              8.55563,
              45.915898
            ],
            [
              8.555674,
              45.915885
            ],
            [
              8.555702,
              45.915866
            ],
            [
              8.555685,
              45.915859
            ],
            [
              8.555638,
              45.915865
            ],
            [
              8.555614,
              45.915852
            ],
            [
              8.55559,
              45.915826
            ],
            [
              8.555559,
              45.915814
            ],
            [
              8.555547,
              45.915847
            ],
            [
              8.555525,
              45.915867
            ],
            [
              8.555489,
              45.915871
            ],
            [
              8.55545,
              45.915878
            ],
            [
              8.55543,
              45.915895
            ],
            [
              8.555387,
              45.915884
            ],
            [
              8.55537,
              45.915872
            ],
            [
              8.555338,
              45.915869
            ],
            [
              8.5553,
              45.915863
            ],
            [
              8.555231,
              45.915855
            ],
            [
              8.555274,
              45.915874
            ],
            [
              8.555253,
              45.915884
            ],
            [
              8.555219,
              45.915884
            ],
            [
              8.555194,
              45.91589
            ]
          ],
          [
            [
              8.555552,
              45.916065
            ],
            [
              8.55556,
              45.916084
            ],
            [
              8.555607,
              45.916077
            ],
            [
              8.555627,
              45.916065
            ],
            [
              8.555667,
              45.91608
            ],
            [
              8.55572,
              45.916079
            ],
            [
              8.555739,
              45.91605
            ],
            [
              8.555736,
              45.91602
            ],
            [
              8.555697,
              45.916006
            ],
            [
              8.555666,
              45.916012
            ],
            [
              8.55563,
              45.916018
            ],
            [
              8.555588,
              45.916016
            ],
            [
              8.555559,
              45.916033
            ],
            [
              8.555552,
              45.916065
            ]
          ],
          [
            [
              8.555645,
              45.915916
            ],
            [
              8.555655,
              45.91593
            ],
            [
              8.555667,
              45.915932
            ],
            [
              8.555684,
              45.91594
            ],
            [
              8.555701,
              45.91593
            ],
            [
              8.555714,
              45.915925
            ],
            [
              8.555697,
              45.915917
            ],
            [
              8.555693,
              45.915908
            ],
            [
              8.555681,
              45.915903
            ],
            [
              8.555657,
              45.915902
            ],
            [
              8.555645,
              45.915916
            ]
          ],
          [
            [
              8.577077,
              45.769226
            ],
            [
              8.578683,
              45.769014
            ],
            [
              8.577087,
              45.76916
            ],
            [
              8.577077,
              45.769226
            ]
          ],
          [
            [
              8.703283,
              46.023533
            ],
            [
              8.704184,
              46.023813
            ],
            [
              8.703303,
              46.023509
            ],
            [
              8.703283,
              46.023533
            ]
          ],
          [
            [
              8.704521,
              46.023511
            ],
            [
              8.705857,
              46.023779
            ],
            [
              8.704541,
              46.023476
            ],
            [
              8.704521,
              46.023511
            ]
          ],
          [
            [
              8.706619,
              46.023239
            ],
            [
              8.706644,
              46.023275
            ],
            [
              8.706683,
              46.023303
            ],
            [
              8.706762,
              46.023294
            ],
            [
              8.706817,
              46.023325
            ],
            [
              8.706868,
              46.023336
            ],
            [
              8.70691,
              46.023316
            ],
            [
              8.706952,
              46.023318
            ],
            [
              8.70696,
              46.023297
            ],
            [
              8.706933,
              46.023261
            ],
            [
              8.706899,
              46.023265
            ],
            [
              8.706848,
              46.023264
            ],
            [
              8.706764,
              46.023224
            ],
            [
              8.706712,
              46.023188
            ],
            [
              8.706696,
              46.023187
            ],
            [
              8.706688,
              46.023212
            ],
            [
              8.706658,
              46.023226
            ],
            [
              8.706619,
              46.023239
            ]
          ],
          [
            [
              8.733681,
              46.131317
            ],
            [
              8.735075,
              46.133074
            ],
            [
              8.736726,
              46.133025
            ],
            [
              8.733825,
              46.131095
            ],
            [
              8.733681,
              46.131317
            ]
          ],
          [
            [
              8.735199,
              46.134163
            ],
            [
              8.73678,
              46.135235
            ],
            [
              8.735239,
              46.134041
            ],
            [
              8.735199,
              46.134163
            ]
          ],
          [
            [
              8.803013,
              46.158524
            ],
            [
              8.804036,
              46.158633
            ],
            [
              8.803039,
              46.158467
            ],
            [
              8.803013,
              46.158524
            ]
          ],
          [
            [
              8.805095,
              46.159652
            ],
            [
              8.805215,
              46.159714
            ],
            [
              8.805133,
              46.159748
            ],
            [
              8.805105,
              46.159817
            ],
            [
              8.805148,
              46.159857
            ],
            [
              8.805142,
              46.159925
            ],
            [
              8.805102,
              46.160002
            ],
            [
              8.805165,
              46.160041
            ],
            [
              8.805257,
              46.160065
            ],
            [
              8.805333,
              46.160045
            ],
            [
              8.805339,
              46.159985
            ],
            [
              8.805416,
              46.159933
            ],
            [
              8.805421,
              46.159847
            ],
            [
              8.805365,
              46.159813
            ],
            [
              8.805382,
              46.15977
            ],
            [
              8.805435,
              46.159761
            ],
            [
              8.805442,
              46.159667
            ],
            [
              8.805354,
              46.159591
            ],
            [
              8.805245,
              46.159615
            ],
            [
              8.805105,
              46.159586
            ],
            [
              8.805095,
              46.159652
            ]
          ],
          [
            [
              8.854541,
              46.156236
            ],
            [
              8.857149,
              46.155811
            ],
            [
              8.854878,
              46.155935
            ],
            [
              8.854541,
              46.156236
            ]
          ],
          [
            [
              8.855416,
              46.163819
            ],
            [
              8.855419,
              46.164121
            ],
            [
              8.85569,
              46.164229
            ],
            [
              8.855882,
              46.164035
            ],
            [
              8.855416,
              46.163819
            ]
          ],
          [
            [
              8.855745,
              46.1566
            ],
            [
              8.857957,
              46.156024
            ],
            [
              8.855888,
              46.15649
            ],
            [
              8.855745,
              46.1566
            ]
          ],
          [
            [
              8.856605,
              46.149879
            ],
            [
              8.85984,
              46.14999
            ],
            [
              8.856667,
              46.149782
            ],
            [
              8.856605,
              46.149879
            ]
          ],
          [
            [
              8.860749,
              46.149646
            ],
            [
              8.862751,
              46.150379
            ],
            [
              8.860874,
              46.149527
            ],
            [
              8.860749,
              46.149646
            ]
          ],
          [
            [
              8.863175,
              46.150067
            ],
            [
              8.865152,
              46.150113
            ],
            [
              8.863236,
              46.149939
            ],
            [
              8.863175,
              46.150067
            ]
          ]
        ]
      }
    },
    {
      "type": "Feature",
      "properties": {
        "id": "vierwaldstaettersee",
        "name": "Vierwaldstättersee",
        "osmType": "relation",
        "osmId": 1442399,
        "source": "OpenStreetMap via Nominatim lookup",
        "sourceUrl": "https://www.openstreetmap.org/relation/1442399",
        "bbox": [
          8.2787799,
          46.8886684,
          8.6250237,
          47.0821881
        ]
      },
      "geometry": {
        "type": "Polygon",
        "coordinates": [
          [
            [
              8.27878,
              46.955243
            ],
            [
              8.281899,
              46.953391
            ],
            [
              8.284535,
              46.955149
            ],
            [
              8.284833,
              46.953708
            ],
            [
              8.286228,
              46.953685
            ],
            [
              8.288526,
              46.956455
            ],
            [
              8.288065,
              46.953078
            ],
            [
              8.290213,
              46.953269
            ],
            [
              8.289198,
              46.95561
            ],
            [
              8.291148,
              46.956093
            ],
            [
              8.291682,
              46.955149
            ],
            [
              8.290331,
              46.953208
            ],
            [
              8.295772,
              46.954508
            ],
            [
              8.296596,
              46.953579
            ],
            [
              8.295481,
              46.954251
            ],
            [
              8.29272,
              46.952976
            ],
            [
              8.294206,
              46.95211
            ],
            [
              8.295725,
              46.953531
            ],
            [
              8.294352,
              46.952032
            ],
            [
              8.296864,
              46.950959
            ],
            [
              8.298858,
              46.952574
            ],
            [
              8.297369,
              46.953097
            ],
            [
              8.299452,
              46.952261
            ],
            [
              8.304528,
              46.955578
            ],
            [
              8.333907,
              46.967683
            ],
            [
              8.337524,
              46.972023
            ],
            [
              8.336479,
              46.974746
            ],
            [
              8.332715,
              46.976598
            ],
            [
              8.33306,
              46.979335
            ],
            [
              8.336645,
              46.979725
            ],
            [
              8.33473,
              46.979925
            ],
            [
              8.336529,
              46.980906
            ],
            [
              8.346158,
              46.982072
            ],
            [
              8.348663,
              46.984618
            ],
            [
              8.351341,
              46.985392
            ],
            [
              8.351307,
              46.98819
            ],
            [
              8.355351,
              46.992929
            ],
            [
              8.362702,
              46.996276
            ],
            [
              8.368279,
              47.00357
            ],
            [
              8.383143,
              47.002783
            ],
            [
              8.390898,
              47.003997
            ],
            [
              8.407348,
              47.003666
            ],
            [
              8.419209,
              47.001718
            ],
            [
              8.431497,
              47.00255
            ],
            [
              8.440868,
              47.000695
            ],
            [
              8.446684,
              47.001809
            ],
            [
              8.457959,
              47.00036
            ],
            [
              8.462869,
              46.997504
            ],
            [
              8.457058,
              46.994877
            ],
            [
              8.439531,
              46.993602
            ],
            [
              8.418645,
              46.987221
            ],
            [
              8.417564,
              46.982201
            ],
            [
              8.420436,
              46.980638
            ],
            [
              8.419749,
              46.979051
            ],
            [
              8.421657,
              46.979532
            ],
            [
              8.420727,
              46.980417
            ],
            [
              8.421558,
              46.979146
            ],
            [
              8.425853,
              46.978864
            ],
            [
              8.424054,
              46.977336
            ],
            [
              8.426642,
              46.975084
            ],
            [
              8.440834,
              46.974757
            ],
            [
              8.448317,
              46.971592
            ],
            [
              8.452348,
              46.971112
            ],
            [
              8.465969,
              46.972098
            ],
            [
              8.472654,
              46.969052
            ],
            [
              8.479207,
              46.964008
            ],
            [
              8.495286,
              46.962056
            ],
            [
              8.506997,
              46.962978
            ],
            [
              8.50762,
              46.962192
            ],
            [
              8.507456,
              46.963161
            ],
            [
              8.513494,
              46.963951
            ],
            [
              8.526819,
              46.968991
            ],
            [
              8.547982,
              46.972663
            ],
            [
              8.558401,
              46.976428
            ],
            [
              8.560923,
              46.978938
            ],
            [
              8.56967,
              46.982655
            ],
            [
              8.589131,
              46.988025
            ],
            [
              8.595063,
              46.985917
            ],
            [
              8.596728,
              46.98282
            ],
            [
              8.591801,
              46.975004
            ],
            [
              8.592361,
              46.970998
            ],
            [
              8.59435,
              46.967473
            ],
            [
              8.593278,
              46.962662
            ],
            [
              8.589762,
              46.959587
            ],
            [
              8.589997,
              46.955665
            ],
            [
              8.585071,
              46.947555
            ],
            [
              8.585484,
              46.944673
            ],
            [
              8.582786,
              46.939363
            ],
            [
              8.580006,
              46.936608
            ],
            [
              8.580472,
              46.934782
            ],
            [
              8.578485,
              46.932298
            ],
            [
              8.580046,
              46.928506
            ],
            [
              8.5848,
              46.926382
            ],
            [
              8.587234,
              46.923465
            ],
            [
              8.597225,
              46.918847
            ],
            [
              8.592025,
              46.913759
            ],
            [
              8.591863,
              46.905496
            ],
            [
              8.59362,
              46.901215
            ],
            [
              8.59317,
              46.899704
            ],
            [
              8.595192,
              46.897969
            ],
            [
              8.593848,
              46.895567
            ],
            [
              8.599283,
              46.889452
            ],
            [
              8.604033,
              46.889085
            ],
            [
              8.605819,
              46.89144
            ],
            [
              8.604589,
              46.891638
            ],
            [
              8.607901,
              46.893709
            ],
            [
              8.606369,
              46.894354
            ],
            [
              8.609449,
              46.895603
            ],
            [
              8.609652,
              46.898499
            ],
            [
              8.614677,
              46.899969
            ],
            [
              8.61655,
              46.898213
            ],
            [
              8.621656,
              46.899947
            ],
            [
              8.620933,
              46.902055
            ],
            [
              8.624139,
              46.902146
            ],
            [
              8.623544,
              46.902905
            ],
            [
              8.624999,
              46.904727
            ],
            [
              8.624662,
              46.907511
            ],
            [
              8.621646,
              46.909795
            ],
            [
              8.621152,
              46.911838
            ],
            [
              8.62207,
              46.916089
            ],
            [
              8.623632,
              46.917107
            ],
            [
              8.620722,
              46.92134
            ],
            [
              8.611467,
              46.926042
            ],
            [
              8.612085,
              46.927854
            ],
            [
              8.610665,
              46.929132
            ],
            [
              8.612983,
              46.935248
            ],
            [
              8.615827,
              46.938837
            ],
            [
              8.615518,
              46.940653
            ],
            [
              8.620014,
              46.944694
            ],
            [
              8.620588,
              46.947091
            ],
            [
              8.618339,
              46.949339
            ],
            [
              8.620769,
              46.952531
            ],
            [
              8.619087,
              46.955276
            ],
            [
              8.616651,
              46.956476
            ],
            [
              8.615736,
              46.959198
            ],
            [
              8.614384,
              46.959175
            ],
            [
              8.615115,
              46.960579
            ],
            [
              8.613322,
              46.967371
            ],
            [
              8.610356,
              46.972982
            ],
            [
              8.611659,
              46.987549
            ],
            [
              8.608057,
              46.992608
            ],
            [
              8.60553,
              46.993567
            ],
            [
              8.600172,
              46.993154
            ],
            [
              8.601278,
              46.993764
            ],
            [
              8.599445,
              46.994751
            ],
            [
              8.592093,
              46.99539
            ],
            [
              8.590077,
              46.997391
            ],
            [
              8.590274,
              46.99867
            ],
            [
              8.585773,
              47.001226
            ],
            [
              8.573415,
              46.999285
            ],
            [
              8.568878,
              46.996463
            ],
            [
              8.565082,
              46.996054
            ],
            [
              8.556094,
              46.990387
            ],
            [
              8.548867,
              46.988954
            ],
            [
              8.534536,
              46.988316
            ],
            [
              8.52976,
              46.99064
            ],
            [
              8.524054,
              46.990744
            ],
            [
              8.523021,
              46.992483
            ],
            [
              8.516852,
              46.994025
            ],
            [
              8.501453,
              46.991946
            ],
            [
              8.496929,
              46.990217
            ],
            [
              8.492771,
              46.990676
            ],
            [
              8.484337,
              46.994416
            ],
            [
              8.48035,
              46.993457
            ],
            [
              8.473499,
              46.995361
            ],
            [
              8.477054,
              46.997854
            ],
            [
              8.476617,
              46.998954
            ],
            [
              8.485325,
              47.002584
            ],
            [
              8.482653,
              47.0071
            ],
            [
              8.481813,
              47.013947
            ],
            [
              8.477595,
              47.014612
            ],
            [
              8.476502,
              47.016258
            ],
            [
              8.473362,
              47.016942
            ],
            [
              8.46838,
              47.021467
            ],
            [
              8.467947,
              47.023576
            ],
            [
              8.462349,
              47.024498
            ],
            [
              8.454071,
              47.023756
            ],
            [
              8.445849,
              47.029609
            ],
            [
              8.44192,
              47.031139
            ],
            [
              8.439569,
              47.030395
            ],
            [
              8.43582,
              47.032142
            ],
            [
              8.425743,
              47.031272
            ],
            [
              8.420723,
              47.028636
            ],
            [
              8.409354,
              47.030023
            ],
            [
              8.40143,
              47.026154
            ],
            [
              8.400863,
              47.028316
            ],
            [
              8.396658,
              47.027107
            ],
            [
              8.39558,
              47.029028
            ],
            [
              8.398704,
              47.032677
            ],
            [
              8.400795,
              47.033251
            ],
            [
              8.401367,
              47.035458
            ],
            [
              8.406638,
              47.039393
            ],
            [
              8.418138,
              47.044166
            ],
            [
              8.427035,
              47.052384
            ],
            [
              8.426753,
              47.059146
            ],
            [
              8.430503,
              47.062389
            ],
            [
              8.430217,
              47.065575
            ],
            [
              8.432375,
              47.072716
            ],
            [
              8.434468,
              47.074297
            ],
            [
              8.435021,
              47.077246
            ],
            [
              8.439472,
              47.078759
            ],
            [
              8.438734,
              47.080574
            ],
            [
              8.434998,
              47.082188
            ],
            [
              8.418936,
              47.066311
            ],
            [
              8.41325,
              47.063451
            ],
            [
              8.409505,
              47.064765
            ],
            [
              8.405217,
              47.063307
            ],
            [
              8.399424,
              47.058879
            ],
            [
              8.395821,
              47.05424
            ],
            [
              8.394589,
              47.054272
            ],
            [
              8.395266,
              47.053574
            ],
            [
              8.385252,
              47.049363
            ],
            [
              8.380254,
              47.046185
            ],
            [
              8.3759,
              47.041511
            ],
            [
              8.371395,
              47.040158
            ],
            [
              8.368477,
              47.036782
            ],
            [
              8.362506,
              47.033301
            ],
            [
              8.352917,
              47.034284
            ],
            [
              8.353589,
              47.038145
            ],
            [
              8.351463,
              47.039226
            ],
            [
              8.347308,
              47.044968
            ],
            [
              8.344609,
              47.045503
            ],
            [
              8.34062,
              47.048809
            ],
            [
              8.335749,
              47.049412
            ],
            [
              8.332373,
              47.054418
            ],
            [
              8.319065,
              47.054901
            ],
            [
              8.309261,
              47.053307
            ],
            [
              8.309199,
              47.051311
            ],
            [
              8.312354,
              47.051448
            ],
            [
              8.316252,
              47.047409
            ],
            [
              8.318459,
              47.048336
            ],
            [
              8.317928,
              47.047362
            ],
            [
              8.319061,
              47.046571
            ],
            [
              8.320331,
              47.04751
            ],
            [
              8.323435,
              47.045681
            ],
            [
              8.320743,
              47.045387
            ],
            [
              8.325094,
              47.04238
            ],
            [
              8.330364,
              47.042881
            ],
            [
              8.329983,
              47.039915
            ],
            [
              8.331392,
              47.03703
            ],
            [
              8.338357,
              47.032782
            ],
            [
              8.339646,
              47.030764
            ],
            [
              8.336464,
              47.026916
            ],
            [
              8.336414,
              47.023707
            ],
            [
              8.337443,
              47.02174
            ],
            [
              8.342605,
              47.018022
            ],
            [
              8.339051,
              47.0164
            ],
            [
              8.342143,
              47.013939
            ],
            [
              8.340587,
              47.011654
            ],
            [
              8.341715,
              47.0057
            ],
            [
              8.32924,
              47.00035
            ],
            [
              8.321724,
              47.003664
            ],
            [
              8.319896,
              47.008348
            ],
            [
              8.316706,
              47.011737
            ],
            [
              8.306472,
              47.00868
            ],
            [
              8.30573,
              47.005889
            ],
            [
              8.311652,
              47.001168
            ],
            [
              8.316991,
              46.989784
            ],
            [
              8.312709,
              46.986491
            ],
            [
              8.312335,
              46.979494
            ],
            [
              8.322153,
              46.978891
            ],
            [
              8.328612,
              46.980084
            ],
            [
              8.331229,
              46.979205
            ],
            [
              8.330998,
              46.974492
            ],
            [
              8.316106,
              46.969571
            ],
            [
              8.311882,
              46.968763
            ],
            [
              8.307978,
              46.969609
            ],
            [
              8.294613,
              46.966268
            ],
            [
              8.294104,
              46.963565
            ],
            [
              8.283097,
              46.959014
            ],
            [
              8.278819,
              46.955273
            ],
            [
              8.27878,
              46.955243
            ]
          ],
          [
            [
              8.292183,
              46.955512
            ],
            [
              8.294188,
              46.955446
            ],
            [
              8.292389,
              46.955338
            ],
            [
              8.292183,
              46.955512
            ]
          ],
          [
            [
              8.311412,
              47.054081
            ],
            [
              8.31219,
              47.054273
            ],
            [
              8.31142,
              47.054065
            ],
            [
              8.311412,
              47.054081
            ]
          ],
          [
            [
              8.322596,
              47.044314
            ],
            [
              8.323825,
              47.043895
            ],
            [
              8.322611,
              47.044283
            ],
            [
              8.322596,
              47.044314
            ]
          ],
          [
            [
              8.323005,
              47.044386
            ],
            [
              8.32306,
              47.044414
            ],
            [
              8.32314,
              47.044426
            ],
            [
              8.323256,
              47.044424
            ],
            [
              8.323313,
              47.044417
            ],
            [
              8.323393,
              47.04441
            ],
            [
              8.32348,
              47.044379
            ],
            [
              8.323535,
              47.044342
            ],
            [
              8.323576,
              47.044308
            ],
            [
              8.323651,
              47.044258
            ],
            [
              8.323715,
              47.044219
            ],
            [
              8.323728,
              47.044202
            ],
            [
              8.323726,
              47.044191
            ],
            [
              8.32371,
              47.044187
            ],
            [
              8.323653,
              47.044199
            ],
            [
              8.323628,
              47.04421
            ],
            [
              8.32361,
              47.044229
            ],
            [
              8.323562,
              47.044302
            ],
            [
              8.32353,
              47.044325
            ],
            [
              8.32343,
              47.044365
            ],
            [
              8.323304,
              47.044396
            ],
            [
              8.323188,
              47.044387
            ],
            [
              8.323113,
              47.044367
            ],
            [
              8.323076,
              47.044359
            ],
            [
              8.323042,
              47.044358
            ],
            [
              8.32301,
              47.044367
            ],
            [
              8.323005,
              47.044386
            ]
          ],
          [
            [
              8.345547,
              46.982311
            ],
            [
              8.345811,
              46.98237
            ],
            [
              8.345825,
              46.98234
            ],
            [
              8.345846,
              46.982296
            ],
            [
              8.345611,
              46.982243
            ],
            [
              8.345585,
              46.982237
            ],
            [
              8.345547,
              46.982311
            ]
          ],
          [
            [
              8.357412,
              47.033091
            ],
            [
              8.357499,
              47.033129
            ],
            [
              8.357554,
              47.033132
            ],
            [
              8.357603,
              47.033109
            ],
            [
              8.35756,
              47.033063
            ],
            [
              8.357486,
              47.033051
            ],
            [
              8.357418,
              47.03306
            ],
            [
              8.357412,
              47.033091
            ]
          ],
          [
            [
              8.357785,
              47.03319
            ],
            [
              8.357833,
              47.03324
            ],
            [
              8.357865,
              47.033256
            ],
            [
              8.357913,
              47.033245
            ],
            [
              8.35794,
              47.03321
            ],
            [
              8.357913,
              47.033179
            ],
            [
              8.357852,
              47.033152
            ],
            [
              8.357793,
              47.033161
            ],
            [
              8.357785,
              47.03319
            ]
          ],
          [
            [
              8.361962,
              47.03221
            ],
            [
              8.363338,
              47.032672
            ],
            [
              8.361993,
              47.032195
            ],
            [
              8.361962,
              47.03221
            ]
          ],
          [
            [
              8.468182,
              47.021462
            ],
            [
              8.468214,
              47.021458
            ],
            [
              8.468236,
              47.021461
            ],
            [
              8.468253,
              47.021455
            ],
            [
              8.468261,
              47.021445
            ],
            [
              8.468264,
              47.021423
            ],
            [
              8.468278,
              47.021413
            ],
            [
              8.46828,
              47.021408
            ],
            [
              8.468269,
              47.021399
            ],
            [
              8.468241,
              47.021391
            ],
            [
              8.468216,
              47.021402
            ],
            [
              8.4682,
              47.021418
            ],
            [
              8.468183,
              47.021452
            ],
            [
              8.468182,
              47.021462
            ]
          ],
          [
            [
              8.603581,
              46.892205
            ],
            [
              8.604548,
              46.893082
            ],
            [
              8.603598,
              46.892126
            ],
            [
              8.603581,
              46.892205
            ]
          ],
          [
            [
              8.604407,
              46.893381
            ],
            [
              8.604407,
              46.893507
            ],
            [
              8.60447,
              46.893621
            ],
            [
              8.604574,
              46.893657
            ],
            [
              8.604712,
              46.893684
            ],
            [
              8.604844,
              46.893676
            ],
            [
              8.604977,
              46.893645
            ],
            [
              8.605017,
              46.893598
            ],
            [
              8.605023,
              46.893554
            ],
            [
              8.605057,
              46.893487
            ],
            [
              8.605063,
              46.893436
            ],
            [
              8.605011,
              46.893358
            ],
            [
              8.604959,
              46.893314
            ],
            [
              8.604804,
              46.893259
            ],
            [
              8.604683,
              46.893259
            ],
            [
              8.604539,
              46.893271
            ],
            [
              8.604476,
              46.893279
            ],
            [
              8.604407,
              46.893381
            ]
          ],
          [
            [
              8.605136,
              46.894009
            ],
            [
              8.605153,
              46.894072
            ],
            [
              8.605188,
              46.894135
            ],
            [
              8.605251,
              46.894171
            ],
            [
              8.60532,
              46.894175
            ],
            [
              8.605407,
              46.894143
            ],
            [
              8.605522,
              46.894076
            ],
            [
              8.605562,
              46.894017
            ],
            [
              8.605579,
              46.893986
            ],
            [
              8.605631,
              46.89395
            ],
            [
              8.605631,
              46.893911
            ],
            [
              8.605619,
              46.893868
            ],
            [
              8.605574,
              46.893844
            ],
            [
              8.60551,
              46.893868
            ],
            [
              8.605499,
              46.893915
            ],
            [
              8.605447,
              46.893966
            ],
            [
              8.605349,
              46.893974
            ],
            [
              8.605286,
              46.89395
            ],
            [
              8.605268,
              46.893903
            ],
            [
              8.605228,
              46.893903
            ],
            [
              8.605165,
              46.89395
            ],
            [
              8.605136,
              46.894009
            ]
          ],
          [
            [
              8.606368,
              46.894979
            ],
            [
              8.607662,
              46.895316
            ],
            [
              8.606391,
              46.894935
            ],
            [
              8.606368,
              46.894979
            ]
          ],
          [
            [
              8.607295,
              46.895651
            ],
            [
              8.608506,
              46.895641
            ],
            [
              8.607299,
              46.895591
            ],
            [
              8.607295,
              46.895651
            ]
          ],
          [
            [
              8.607349,
              46.893999
            ],
            [
              8.607472,
              46.894042
            ],
            [
              8.607572,
              46.893984
            ],
            [
              8.607528,
              46.893896
            ],
            [
              8.607465,
              46.893859
            ],
            [
              8.6074,
              46.893871
            ],
            [
              8.607349,
              46.893999
            ]
          ],
          [
            [
              8.608001,
              46.896104
            ],
            [
              8.608065,
              46.896164
            ],
            [
              8.608171,
              46.896268
            ],
            [
              8.608277,
              46.896306
            ],
            [
              8.608369,
              46.896312
            ],
            [
              8.608581,
              46.896306
            ],
            [
              8.608618,
              46.896293
            ],
            [
              8.60866,
              46.896259
            ],
            [
              8.608655,
              46.896205
            ],
            [
              8.608586,
              46.896202
            ],
            [
              8.608549,
              46.896158
            ],
            [
              8.608388,
              46.896117
            ],
            [
              8.608213,
              46.896089
            ],
            [
              8.608121,
              46.896086
            ],
            [
              8.608084,
              46.896067
            ],
            [
              8.608024,
              46.89607
            ],
            [
              8.608001,
              46.896104
            ]
          ],
          [
            [
              8.6171,
              46.899755
            ],
            [
              8.617251,
              46.89988
            ],
            [
              8.617658,
              46.899799
            ],
            [
              8.617605,
              46.899689
            ],
            [
              8.61738,
              46.899623
            ],
            [
              8.6171,
              46.899755
            ]
          ],
          [
            [
              8.61739,
              46.900048
            ],
            [
              8.618216,
              46.90062
            ],
            [
              8.617605,
              46.89988
            ],
            [
              8.61739,
              46.900048
            ]
          ],
          [
            [
              8.617916,
              46.900892
            ],
            [
              8.619504,
              46.900239
            ],
            [
              8.618005,
              46.900756
            ],
            [
              8.617916,
              46.900892
            ]
          ]
        ]
      }
    },
    {
      "type": "Feature",
      "properties": {
        "id": "zuerichsee",
        "name": "Zürichsee",
        "osmType": "relation",
        "osmId": 32362,
        "source": "OpenStreetMap via Nominatim lookup",
        "sourceUrl": "https://www.openstreetmap.org/relation/32362",
        "bbox": [
          8.5349476,
          47.1913073,
          8.9479333,
          47.3668829
        ]
      },
      "geometry": {
        "type": "Polygon",
        "coordinates": [
          [
            [
              8.534948,
              47.348692
            ],
            [
              8.535262,
              47.347033
            ],
            [
              8.536793,
              47.347161
            ],
            [
              8.535895,
              47.345773
            ],
            [
              8.537121,
              47.34428
            ],
            [
              8.536749,
              47.342489
            ],
            [
              8.539482,
              47.340767
            ],
            [
              8.538712,
              47.340538
            ],
            [
              8.539608,
              47.338268
            ],
            [
              8.540792,
              47.338455
            ],
            [
              8.539603,
              47.337665
            ],
            [
              8.542336,
              47.336411
            ],
            [
              8.546104,
              47.331915
            ],
            [
              8.551263,
              47.323626
            ],
            [
              8.551875,
              47.320786
            ],
            [
              8.556435,
              47.315483
            ],
            [
              8.556952,
              47.311041
            ],
            [
              8.558494,
              47.309682
            ],
            [
              8.560226,
              47.303663
            ],
            [
              8.573468,
              47.290932
            ],
            [
              8.581575,
              47.279855
            ],
            [
              8.583967,
              47.272657
            ],
            [
              8.590078,
              47.267741
            ],
            [
              8.591615,
              47.264286
            ],
            [
              8.611146,
              47.256643
            ],
            [
              8.618189,
              47.255272
            ],
            [
              8.622835,
              47.252423
            ],
            [
              8.634995,
              47.24951
            ],
            [
              8.63851,
              47.250263
            ],
            [
              8.639584,
              47.251697
            ],
            [
              8.643004,
              47.251889
            ],
            [
              8.651545,
              47.249277
            ],
            [
              8.652924,
              47.24589
            ],
            [
              8.657595,
              47.244399
            ],
            [
              8.657671,
              47.24296
            ],
            [
              8.660033,
              47.24181
            ],
            [
              8.660525,
              47.238573
            ],
            [
              8.661928,
              47.237243
            ],
            [
              8.673893,
              47.231425
            ],
            [
              8.676965,
              47.227437
            ],
            [
              8.680984,
              47.224823
            ],
            [
              8.685155,
              47.224377
            ],
            [
              8.687623,
              47.221481
            ],
            [
              8.700494,
              47.216595
            ],
            [
              8.703395,
              47.212491
            ],
            [
              8.7067,
              47.212039
            ],
            [
              8.706161,
              47.209815
            ],
            [
              8.711689,
              47.206503
            ],
            [
              8.713097,
              47.203028
            ],
            [
              8.716416,
              47.201236
            ],
            [
              8.721572,
              47.200447
            ],
            [
              8.723545,
              47.20187
            ],
            [
              8.729677,
              47.20255
            ],
            [
              8.730798,
              47.203239
            ],
            [
              8.730522,
              47.204676
            ],
            [
              8.731753,
              47.203986
            ],
            [
              8.731916,
              47.205549
            ],
            [
              8.733595,
              47.205296
            ],
            [
              8.737583,
              47.20949
            ],
            [
              8.736153,
              47.208368
            ],
            [
              8.737872,
              47.209362
            ],
            [
              8.738434,
              47.207586
            ],
            [
              8.741984,
              47.209716
            ],
            [
              8.743263,
              47.207865
            ],
            [
              8.736874,
              47.206391
            ],
            [
              8.738403,
              47.204828
            ],
            [
              8.744751,
              47.206465
            ],
            [
              8.744476,
              47.207634
            ],
            [
              8.746593,
              47.206398
            ],
            [
              8.746679,
              47.207203
            ],
            [
              8.755207,
              47.208151
            ],
            [
              8.771078,
              47.205771
            ],
            [
              8.773619,
              47.206798
            ],
            [
              8.773849,
              47.205625
            ],
            [
              8.775146,
              47.208254
            ],
            [
              8.775415,
              47.207131
            ],
            [
              8.779646,
              47.207654
            ],
            [
              8.790516,
              47.206303
            ],
            [
              8.792456,
              47.207772
            ],
            [
              8.793091,
              47.21333
            ],
            [
              8.807581,
              47.219079
            ],
            [
              8.806055,
              47.216584
            ],
            [
              8.80661,
              47.214635
            ],
            [
              8.801901,
              47.213491
            ],
            [
              8.802112,
              47.212272
            ],
            [
              8.799125,
              47.212442
            ],
            [
              8.797494,
              47.209201
            ],
            [
              8.798498,
              47.20568
            ],
            [
              8.796287,
              47.205168
            ],
            [
              8.793783,
              47.206611
            ],
            [
              8.794036,
              47.205343
            ],
            [
              8.792841,
              47.20552
            ],
            [
              8.793839,
              47.204436
            ],
            [
              8.792848,
              47.203871
            ],
            [
              8.799424,
              47.202794
            ],
            [
              8.799089,
              47.204814
            ],
            [
              8.80445,
              47.201852
            ],
            [
              8.813378,
              47.200687
            ],
            [
              8.815793,
              47.199644
            ],
            [
              8.815612,
              47.197085
            ],
            [
              8.818171,
              47.194865
            ],
            [
              8.820719,
              47.19588
            ],
            [
              8.826383,
              47.193888
            ],
            [
              8.831845,
              47.195332
            ],
            [
              8.832748,
              47.194117
            ],
            [
              8.842153,
              47.191333
            ],
            [
              8.849499,
              47.192434
            ],
            [
              8.851942,
              47.194033
            ],
            [
              8.850716,
              47.194153
            ],
            [
              8.852224,
              47.198909
            ],
            [
              8.854316,
              47.198463
            ],
            [
              8.852374,
              47.199331
            ],
            [
              8.853375,
              47.200323
            ],
            [
              8.850985,
              47.203221
            ],
            [
              8.852553,
              47.202562
            ],
            [
              8.852347,
              47.20345
            ],
            [
              8.855148,
              47.203699
            ],
            [
              8.856679,
              47.201979
            ],
            [
              8.856484,
              47.203773
            ],
            [
              8.859618,
              47.204545
            ],
            [
              8.857794,
              47.203697
            ],
            [
              8.857666,
              47.201751
            ],
            [
              8.860602,
              47.203522
            ],
            [
              8.86063,
              47.201668
            ],
            [
              8.861548,
              47.20325
            ],
            [
              8.86049,
              47.204705
            ],
            [
              8.861545,
              47.204882
            ],
            [
              8.863537,
              47.201471
            ],
            [
              8.864552,
              47.202286
            ],
            [
              8.863501,
              47.205305
            ],
            [
              8.87541,
              47.206563
            ],
            [
              8.875654,
              47.20498
            ],
            [
              8.875859,
              47.206479
            ],
            [
              8.87795,
              47.207258
            ],
            [
              8.882222,
              47.206637
            ],
            [
              8.887311,
              47.208771
            ],
            [
              8.88969,
              47.208163
            ],
            [
              8.887389,
              47.207883
            ],
            [
              8.888884,
              47.204918
            ],
            [
              8.892472,
              47.205938
            ],
            [
              8.894289,
              47.204942
            ],
            [
              8.89423,
              47.206029
            ],
            [
              8.890786,
              47.208186
            ],
            [
              8.895288,
              47.205801
            ],
            [
              8.897018,
              47.206185
            ],
            [
              8.89512,
              47.204874
            ],
            [
              8.895981,
              47.204102
            ],
            [
              8.897765,
              47.20602
            ],
            [
              8.897281,
              47.204705
            ],
            [
              8.931884,
              47.211984
            ],
            [
              8.93417,
              47.212877
            ],
            [
              8.934092,
              47.215415
            ],
            [
              8.935075,
              47.21512
            ],
            [
              8.934416,
              47.213722
            ],
            [
              8.936587,
              47.214837
            ],
            [
              8.935024,
              47.213297
            ],
            [
              8.937954,
              47.213651
            ],
            [
              8.937925,
              47.214565
            ],
            [
              8.944629,
              47.21714
            ],
            [
              8.937291,
              47.216887
            ],
            [
              8.937088,
              47.217866
            ],
            [
              8.941633,
              47.218329
            ],
            [
              8.939625,
              47.221479
            ],
            [
              8.94611,
              47.221542
            ],
            [
              8.94778,
              47.223161
            ],
            [
              8.946314,
              47.223122
            ],
            [
              8.946199,
              47.224315
            ],
            [
              8.947923,
              47.224346
            ],
            [
              8.946036,
              47.224693
            ],
            [
              8.919351,
              47.225921
            ],
            [
              8.917995,
              47.225071
            ],
            [
              8.920998,
              47.22494
            ],
            [
              8.916513,
              47.225352
            ],
            [
              8.915793,
              47.224467
            ],
            [
              8.917118,
              47.2235
            ],
            [
              8.916018,
              47.223199
            ],
            [
              8.908185,
              47.222764
            ],
            [
              8.905115,
              47.22113
            ],
            [
              8.899062,
              47.220789
            ],
            [
              8.894957,
              47.218949
            ],
            [
              8.877502,
              47.215602
            ],
            [
              8.876196,
              47.215896
            ],
            [
              8.876675,
              47.216886
            ],
            [
              8.87563,
              47.217602
            ],
            [
              8.865654,
              47.218392
            ],
            [
              8.858792,
              47.222096
            ],
            [
              8.851751,
              47.221042
            ],
            [
              8.849738,
              47.221781
            ],
            [
              8.848346,
              47.218122
            ],
            [
              8.851555,
              47.217328
            ],
            [
              8.851567,
              47.216326
            ],
            [
              8.85036,
              47.217269
            ],
            [
              8.846317,
              47.21654
            ],
            [
              8.847329,
              47.21737
            ],
            [
              8.846477,
              47.217862
            ],
            [
              8.845285,
              47.216227
            ],
            [
              8.847182,
              47.215588
            ],
            [
              8.844915,
              47.215911
            ],
            [
              8.843403,
              47.214598
            ],
            [
              8.842455,
              47.216368
            ],
            [
              8.831775,
              47.216751
            ],
            [
              8.82559,
              47.221971
            ],
            [
              8.820725,
              47.221498
            ],
            [
              8.813458,
              47.223507
            ],
            [
              8.815194,
              47.22531
            ],
            [
              8.814049,
              47.225907
            ],
            [
              8.813448,
              47.224564
            ],
            [
              8.813398,
              47.226215
            ],
            [
              8.811249,
              47.22689
            ],
            [
              8.817943,
              47.229442
            ],
            [
              8.817861,
              47.23496
            ],
            [
              8.815492,
              47.236652
            ],
            [
              8.800274,
              47.237899
            ],
            [
              8.800938,
              47.238583
            ],
            [
              8.799202,
              47.239807
            ],
            [
              8.7932,
              47.238593
            ],
            [
              8.787382,
              47.234255
            ],
            [
              8.782058,
              47.235051
            ],
            [
              8.778515,
              47.233606
            ],
            [
              8.769787,
              47.234648
            ],
            [
              8.758443,
              47.233439
            ],
            [
              8.752202,
              47.234752
            ],
            [
              8.735278,
              47.233431
            ],
            [
              8.725529,
              47.237833
            ],
            [
              8.716116,
              47.239197
            ],
            [
              8.711941,
              47.241524
            ],
            [
              8.710069,
              47.244709
            ],
            [
              8.707492,
              47.246166
            ],
            [
              8.696751,
              47.248972
            ],
            [
              8.689362,
              47.252515
            ],
            [
              8.687809,
              47.25488
            ],
            [
              8.681407,
              47.256985
            ],
            [
              8.681866,
              47.255996
            ],
            [
              8.676439,
              47.259193
            ],
            [
              8.675473,
              47.258509
            ],
            [
              8.666374,
              47.261952
            ],
            [
              8.663034,
              47.261898
            ],
            [
              8.660444,
              47.264418
            ],
            [
              8.653426,
              47.264372
            ],
            [
              8.654531,
              47.263785
            ],
            [
              8.647814,
              47.267488
            ],
            [
              8.638352,
              47.267657
            ],
            [
              8.636443,
              47.270171
            ],
            [
              8.628379,
              47.271359
            ],
            [
              8.614365,
              47.278519
            ],
            [
              8.606139,
              47.287472
            ],
            [
              8.598764,
              47.293206
            ],
            [
              8.595669,
              47.298477
            ],
            [
              8.589419,
              47.302751
            ],
            [
              8.588751,
              47.305903
            ],
            [
              8.584563,
              47.308219
            ],
            [
              8.579313,
              47.31356
            ],
            [
              8.576568,
              47.317478
            ],
            [
              8.578259,
              47.318646
            ],
            [
              8.578251,
              47.320249
            ],
            [
              8.575531,
              47.325155
            ],
            [
              8.572925,
              47.327348
            ],
            [
              8.572749,
              47.330178
            ],
            [
              8.567284,
              47.339025
            ],
            [
              8.56515,
              47.345253
            ],
            [
              8.562881,
              47.34638
            ],
            [
              8.558754,
              47.351695
            ],
            [
              8.550292,
              47.353325
            ],
            [
              8.550649,
              47.354315
            ],
            [
              8.547135,
              47.357841
            ],
            [
              8.547199,
              47.361896
            ],
            [
              8.544104,
              47.36684
            ],
            [
              8.537046,
              47.363841
            ],
            [
              8.535999,
              47.361239
            ],
            [
              8.537176,
              47.359575
            ],
            [
              8.536065,
              47.360598
            ],
            [
              8.536164,
              47.359253
            ],
            [
              8.537181,
              47.359082
            ],
            [
              8.535904,
              47.358495
            ],
            [
              8.536737,
              47.357288
            ],
            [
              8.535758,
              47.348761
            ],
            [
              8.534948,
              47.348692
            ]
          ],
          [
            [
              8.536213,
              47.349928
            ],
            [
              8.536996,
              47.349511
            ],
            [
              8.536232,
              47.349817
            ],
            [
              8.536213,
              47.349928
            ]
          ],
          [
            [
              8.652891,
              47.247632
            ],
            [
              8.652917,
              47.247645
            ],
            [
              8.652997,
              47.247683
            ],
            [
              8.653042,
              47.247675
            ],
            [
              8.653107,
              47.247622
            ],
            [
              8.653078,
              47.247579
            ],
            [
              8.653044,
              47.247555
            ],
            [
              8.652994,
              47.247541
            ],
            [
              8.652993,
              47.247565
            ],
            [
              8.652936,
              47.247617
            ],
            [
              8.652901,
              47.247619
            ],
            [
              8.652891,
              47.247632
            ]
          ],
          [
            [
              8.694705,
              47.25051
            ],
            [
              8.694717,
              47.250518
            ],
            [
              8.69473,
              47.250509
            ],
            [
              8.694718,
              47.250501
            ],
            [
              8.694705,
              47.25051
            ]
          ],
          [
            [
              8.716579,
              47.20376
            ],
            [
              8.71743,
              47.203674
            ],
            [
              8.716626,
              47.203661
            ],
            [
              8.716579,
              47.20376
            ]
          ],
          [
            [
              8.775181,
              47.216126
            ],
            [
              8.776672,
              47.218069
            ],
            [
              8.781912,
              47.218782
            ],
            [
              8.7836,
              47.217647
            ],
            [
              8.775184,
              47.216058
            ],
            [
              8.775181,
              47.216126
            ]
          ],
          [
            [
              8.789508,
              47.220302
            ],
            [
              8.793542,
              47.221825
            ],
            [
              8.795708,
              47.220888
            ],
            [
              8.78955,
              47.220247
            ],
            [
              8.789508,
              47.220302
            ]
          ],
          [
            [
              8.794019,
              47.204419
            ],
            [
              8.7947,
              47.205857
            ],
            [
              8.795655,
              47.205616
            ],
            [
              8.795648,
              47.204302
            ],
            [
              8.794051,
              47.20439
            ],
            [
              8.794019,
              47.204419
            ]
          ],
          [
            [
              8.79578,
              47.220708
            ],
            [
              8.795803,
              47.220759
            ],
            [
              8.795886,
              47.220813
            ],
            [
              8.795952,
              47.220812
            ],
            [
              8.796018,
              47.220751
            ],
            [
              8.796103,
              47.22079
            ],
            [
              8.796168,
              47.220743
            ],
            [
              8.796238,
              47.220728
            ],
            [
              8.796313,
              47.220666
            ],
            [
              8.796363,
              47.220624
            ],
            [
              8.796487,
              47.220572
            ],
            [
              8.796518,
              47.220509
            ],
            [
              8.796471,
              47.220454
            ],
            [
              8.796328,
              47.220462
            ],
            [
              8.796122,
              47.220509
            ],
            [
              8.795923,
              47.220599
            ],
            [
              8.79584,
              47.22067
            ],
            [
              8.79578,
              47.220708
            ]
          ],
          [
            [
              8.796253,
              47.203721
            ],
            [
              8.79687,
              47.20497
            ],
            [
              8.798283,
              47.204612
            ],
            [
              8.798311,
              47.203555
            ],
            [
              8.796298,
              47.203642
            ],
            [
              8.796253,
              47.203721
            ]
          ],
          [
            [
              8.79757,
              47.205111
            ],
            [
              8.798796,
              47.204904
            ],
            [
              8.797751,
              47.204958
            ],
            [
              8.79757,
              47.205111
            ]
          ],
          [
            [
              8.808424,
              47.219744
            ],
            [
              8.812314,
              47.222552
            ],
            [
              8.808632,
              47.219628
            ],
            [
              8.808424,
              47.219744
            ]
          ],
          [
            [
              8.810971,
              47.221124
            ],
            [
              8.810979,
              47.22116
            ],
            [
              8.811006,
              47.221188
            ],
            [
              8.811049,
              47.22122
            ],
            [
              8.811099,
              47.221244
            ],
            [
              8.811151,
              47.221237
            ],
            [
              8.811199,
              47.221219
            ],
            [
              8.811242,
              47.221217
            ],
            [
              8.81126,
              47.221188
            ],
            [
              8.811228,
              47.221177
            ],
            [
              8.811188,
              47.221171
            ],
            [
              8.811141,
              47.221154
            ],
            [
              8.811098,
              47.221118
            ],
            [
              8.811059,
              47.221069
            ],
            [
              8.811024,
              47.221069
            ],
            [
              8.810982,
              47.221093
            ],
            [
              8.810971,
              47.221124
            ]
          ],
          [
            [
              8.812188,
              47.22188
            ],
            [
              8.81554,
              47.222344
            ],
            [
              8.812208,
              47.221724
            ],
            [
              8.812188,
              47.22188
            ]
          ],
          [
            [
              8.816976,
              47.222393
            ],
            [
              8.816989,
              47.222432
            ],
            [
              8.817021,
              47.222472
            ],
            [
              8.817081,
              47.222482
            ],
            [
              8.817158,
              47.22248
            ],
            [
              8.817286,
              47.222439
            ],
            [
              8.817394,
              47.222383
            ],
            [
              8.817451,
              47.222361
            ],
            [
              8.817513,
              47.222347
            ],
            [
              8.817546,
              47.222322
            ],
            [
              8.817557,
              47.222281
            ],
            [
              8.817404,
              47.222267
            ],
            [
              8.817278,
              47.222277
            ],
            [
              8.817092,
              47.222287
            ],
            [
              8.817017,
              47.222309
            ],
            [
              8.816976,
              47.222349
            ],
            [
              8.816976,
              47.222393
            ]
          ],
          [
            [
              8.829778,
              47.216937
            ],
            [
              8.829843,
              47.216963
            ],
            [
              8.829873,
              47.216962
            ],
            [
              8.829875,
              47.216948
            ],
            [
              8.829887,
              47.216933
            ],
            [
              8.829879,
              47.21691
            ],
            [
              8.829867,
              47.216897
            ],
            [
              8.829845,
              47.216888
            ],
            [
              8.829813,
              47.216887
            ],
            [
              8.829779,
              47.216908
            ],
            [
              8.829778,
              47.216937
            ]
          ],
          [
            [
              8.848083,
              47.215724
            ],
            [
              8.848176,
              47.215914
            ],
            [
              8.848181,
              47.216096
            ],
            [
              8.848254,
              47.216135
            ],
            [
              8.848308,
              47.21611
            ],
            [
              8.848321,
              47.216059
            ],
            [
              8.848264,
              47.216001
            ],
            [
              8.848254,
              47.215954
            ],
            [
              8.848295,
              47.215931
            ],
            [
              8.848305,
              47.215894
            ],
            [
              8.848238,
              47.215824
            ],
            [
              8.848386,
              47.215743
            ],
            [
              8.848574,
              47.215715
            ],
            [
              8.848639,
              47.215785
            ],
            [
              8.848665,
              47.215864
            ],
            [
              8.848722,
              47.215893
            ],
            [
              8.848789,
              47.215878
            ],
            [
              8.8488,
              47.215833
            ],
            [
              8.848743,
              47.215796
            ],
            [
              8.848693,
              47.215736
            ],
            [
              8.848675,
              47.215697
            ],
            [
              8.848763,
              47.215687
            ],
            [
              8.848776,
              47.215645
            ],
            [
              8.84882,
              47.215529
            ],
            [
              8.848753,
              47.215476
            ],
            [
              8.84851,
              47.215495
            ],
            [
              8.848173,
              47.215466
            ],
            [
              8.848124,
              47.215483
            ],
            [
              8.848083,
              47.215724
            ]
          ],
          [
            [
              8.849584,
              47.218116
            ],
            [
              8.849596,
              47.218136
            ],
            [
              8.849605,
              47.218138
            ],
            [
              8.849616,
              47.21814
            ],
            [
              8.849625,
              47.218142
            ],
            [
              8.849723,
              47.218139
            ],
            [
              8.84976,
              47.218054
            ],
            [
              8.849723,
              47.218024
            ],
            [
              8.849686,
              47.218009
            ],
            [
              8.849637,
              47.218025
            ],
            [
              8.849593,
              47.218064
            ],
            [
              8.849584,
              47.218116
            ]
          ],
          [
            [
              8.851055,
              47.203572
            ],
            [
              8.852049,
              47.203041
            ],
            [
              8.851195,
              47.203358
            ],
            [
              8.851055,
              47.203572
            ]
          ],
          [
            [
              8.851606,
              47.217433
            ],
            [
              8.852046,
              47.218173
            ],
            [
              8.85174,
              47.217466
            ],
            [
              8.851606,
              47.217433
            ]
          ],
          [
            [
              8.852143,
              47.218216
            ],
            [
              8.853269,
              47.21963
            ],
            [
              8.852304,
              47.218198
            ],
            [
              8.852143,
              47.218216
            ]
          ],
          [
            [
              8.852255,
              47.203543
            ],
            [
              8.852257,
              47.203755
            ],
            [
              8.852507,
              47.203814
            ],
            [
              8.852684,
              47.203712
            ],
            [
              8.852792,
              47.203599
            ],
            [
              8.852475,
              47.2035
            ],
            [
              8.852255,
              47.203543
            ]
          ],
          [
            [
              8.854375,
              47.219713
            ],
            [
              8.85438,
              47.219799
            ],
            [
              8.854577,
              47.219866
            ],
            [
              8.854702,
              47.219797
            ],
            [
              8.854671,
              47.219685
            ],
            [
              8.854496,
              47.219649
            ],
            [
              8.854375,
              47.219713
            ]
          ],
          [
            [
              8.888398,
              47.20733
            ],
            [
              8.888406,
              47.207373
            ],
            [
              8.888412,
              47.207395
            ],
            [
              8.888417,
              47.207437
            ],
            [
              8.888468,
              47.207432
            ],
            [
              8.888471,
              47.207452
            ],
            [
              8.888529,
              47.207446
            ],
            [
              8.888547,
              47.207444
            ],
            [
              8.888625,
              47.207435
            ],
            [
              8.888622,
              47.207416
            ],
            [
              8.888806,
              47.207398
            ],
            [
              8.888796,
              47.20736
            ],
            [
              8.888791,
              47.207336
            ],
            [
              8.888773,
              47.207276
            ],
            [
              8.888642,
              47.207291
            ],
            [
              8.888641,
              47.207284
            ],
            [
              8.88854,
              47.207297
            ],
            [
              8.888544,
              47.207316
            ],
            [
              8.888521,
              47.207318
            ],
            [
              8.888503,
              47.20732
            ],
            [
              8.888398,
              47.20733
            ]
          ],
          [
            [
              8.934448,
              47.215909
            ],
            [
              8.936741,
              47.217842
            ],
            [
              8.934476,
              47.215872
            ],
            [
              8.934448,
              47.215909
            ]
          ]
        ]
      }
    },
    {
      "type": "Feature",
      "properties": {
        "id": "untersee",
        "name": "Untersee",
        "source": "Approximate polygon from lake center and area"
      },
      "geometry": {
        "type": "Polygon",
        "coordinates": [
          [
            [
              9.076754,
              47.68333
            ],
            [
              9.075279,
              47.68944
            ],
            [
              9.070912,
              47.695314
            ],
            [
              9.063819,
              47.700729
            ],
            [
              9.054273,
              47.705474
            ],
            [
              9.042642,
              47.709369
            ],
            [
              9.029373,
              47.712263
            ],
            [
              9.014974,
              47.714045
            ],
            [
              9,
              47.714647
            ],
            [
              8.985026,
              47.714045
            ],
            [
              8.970627,
              47.712263
            ],
            [
              8.957358,
              47.709369
            ],
            [
              8.945727,
              47.705474
            ],
            [
              8.936181,
              47.700729
            ],
            [
              8.929088,
              47.695314
            ],
            [
              8.924721,
              47.68944
            ],
            [
              8.923246,
              47.68333
            ],
            [
              8.924721,
              47.67722
            ],
            [
              8.929088,
              47.671346
            ],
            [
              8.936181,
              47.665931
            ],
            [
              8.945727,
              47.661186
            ],
            [
              8.957358,
              47.657291
            ],
            [
              8.970627,
              47.654397
            ],
            [
              8.985026,
              47.652615
            ],
            [
              9,
              47.652013
            ],
            [
              9.014974,
              47.652615
            ],
            [
              9.029373,
              47.654397
            ],
            [
              9.042642,
              47.657291
            ],
            [
              9.054273,
              47.661186
            ],
            [
              9.063819,
              47.665931
            ],
            [
              9.070912,
              47.671346
            ],
            [
              9.075279,
              47.67722
            ],
            [
              9.076754,
              47.68333
            ]
          ]
        ]
      }
    },
    {
      "type": "Feature",
      "properties": {
        "id": "ceresio",
        "name": "Ceresio",
        "osmType": "relation",
        "osmId": 1342576,
        "source": "OpenStreetMap via Nominatim lookup",
        "sourceUrl": "https://www.openstreetmap.org/relation/1342576",
        "bbox": [
          8.8586625,
          45.9029653,
          9.12526,
          46.036324
        ]
      },
      "geometry": {
        "type": "Polygon",
        "coordinates": [
          [
            [
              8.858662,
              45.965744
            ],
            [
              8.86066,
              45.96236
            ],
            [
              8.866648,
              45.959606
            ],
            [
              8.874495,
              45.958899
            ],
            [
              8.874806,
              45.955859
            ],
            [
              8.876529,
              45.953919
            ],
            [
              8.888863,
              45.954847
            ],
            [
              8.89089,
              45.953939
            ],
            [
              8.889809,
              45.950098
            ],
            [
              8.893729,
              45.946676
            ],
            [
              8.893795,
              45.94434
            ],
            [
              8.890118,
              45.941788
            ],
            [
              8.887938,
              45.936431
            ],
            [
              8.888076,
              45.931895
            ],
            [
              8.891067,
              45.923159
            ],
            [
              8.899329,
              45.918631
            ],
            [
              8.898858,
              45.915982
            ],
            [
              8.900547,
              45.913606
            ],
            [
              8.895898,
              45.907206
            ],
            [
              8.901981,
              45.903051
            ],
            [
              8.905504,
              45.9035
            ],
            [
              8.90566,
              45.906974
            ],
            [
              8.910443,
              45.910539
            ],
            [
              8.911169,
              45.912421
            ],
            [
              8.924784,
              45.916556
            ],
            [
              8.928482,
              45.919001
            ],
            [
              8.930892,
              45.92304
            ],
            [
              8.93489,
              45.924667
            ],
            [
              8.937955,
              45.929969
            ],
            [
              8.942157,
              45.931257
            ],
            [
              8.948788,
              45.936243
            ],
            [
              8.9523,
              45.933362
            ],
            [
              8.959288,
              45.931155
            ],
            [
              8.967843,
              45.926071
            ],
            [
              8.971015,
              45.920949
            ],
            [
              8.970116,
              45.91429
            ],
            [
              8.973033,
              45.910271
            ],
            [
              8.971487,
              45.907174
            ],
            [
              8.972438,
              45.906299
            ],
            [
              8.974435,
              45.907055
            ],
            [
              8.976335,
              45.904957
            ],
            [
              8.979675,
              45.905337
            ],
            [
              8.982205,
              45.908003
            ],
            [
              8.983754,
              45.913801
            ],
            [
              8.982753,
              45.915768
            ],
            [
              8.983959,
              45.918269
            ],
            [
              8.976292,
              45.924871
            ],
            [
              8.976085,
              45.929807
            ],
            [
              8.972501,
              45.930409
            ],
            [
              8.967994,
              45.933341
            ],
            [
              8.968397,
              45.937975
            ],
            [
              8.964151,
              45.940412
            ],
            [
              8.966233,
              45.947042
            ],
            [
              8.963302,
              45.951676
            ],
            [
              8.967195,
              45.962181
            ],
            [
              8.969352,
              45.964572
            ],
            [
              8.970434,
              45.971308
            ],
            [
              8.973967,
              45.974188
            ],
            [
              8.973072,
              45.976834
            ],
            [
              8.973792,
              45.979057
            ],
            [
              8.97882,
              45.984606
            ],
            [
              8.989005,
              45.989196
            ],
            [
              9.004894,
              45.993063
            ],
            [
              9.01194,
              45.997821
            ],
            [
              9.026122,
              46.001024
            ],
            [
              9.041681,
              46.011568
            ],
            [
              9.048921,
              46.010649
            ],
            [
              9.051151,
              46.012064
            ],
            [
              9.061623,
              46.009934
            ],
            [
              9.06409,
              46.010558
            ],
            [
              9.075637,
              46.009205
            ],
            [
              9.082032,
              46.007262
            ],
            [
              9.08495,
              46.009198
            ],
            [
              9.088092,
              46.00737
            ],
            [
              9.092879,
              46.007642
            ],
            [
              9.104119,
              46.013071
            ],
            [
              9.105466,
              46.01552
            ],
            [
              9.114475,
              46.019089
            ],
            [
              9.121354,
              46.023378
            ],
            [
              9.122124,
              46.02511
            ],
            [
              9.124682,
              46.025272
            ],
            [
              9.125073,
              46.027961
            ],
            [
              9.122876,
              46.02936
            ],
            [
              9.123703,
              46.029822
            ],
            [
              9.122552,
              46.030288
            ],
            [
              9.123583,
              46.030755
            ],
            [
              9.122993,
              46.032059
            ],
            [
              9.115851,
              46.036293
            ],
            [
              9.105123,
              46.032079
            ],
            [
              9.097999,
              46.026592
            ],
            [
              9.089408,
              46.023984
            ],
            [
              9.059348,
              46.023619
            ],
            [
              9.048185,
              46.025457
            ],
            [
              9.042553,
              46.024619
            ],
            [
              9.040557,
              46.022963
            ],
            [
              9.031397,
              46.021144
            ],
            [
              9.024763,
              46.018446
            ],
            [
              9.003186,
              46.005217
            ],
            [
              8.99243,
              46.003782
            ],
            [
              8.981423,
              45.999931
            ],
            [
              8.973681,
              46.001063
            ],
            [
              8.971051,
              46.002899
            ],
            [
              8.970193,
              46.005048
            ],
            [
              8.968513,
              46.005362
            ],
            [
              8.965147,
              46.005374
            ],
            [
              8.961711,
              46.003814
            ],
            [
              8.962756,
              46.003594
            ],
            [
              8.961844,
              46.001789
            ],
            [
              8.958206,
              46.004197
            ],
            [
              8.950893,
              46.002647
            ],
            [
              8.949982,
              45.998978
            ],
            [
              8.947871,
              45.997724
            ],
            [
              8.946542,
              45.993831
            ],
            [
              8.949019,
              45.991253
            ],
            [
              8.956192,
              45.987961
            ],
            [
              8.955869,
              45.98411
            ],
            [
              8.957334,
              45.983064
            ],
            [
              8.955723,
              45.982215
            ],
            [
              8.955505,
              45.976629
            ],
            [
              8.948391,
              45.967898
            ],
            [
              8.948907,
              45.966285
            ],
            [
              8.947394,
              45.96418
            ],
            [
              8.947051,
              45.959113
            ],
            [
              8.94901,
              45.955724
            ],
            [
              8.957674,
              45.953371
            ],
            [
              8.950449,
              45.952925
            ],
            [
              8.950402,
              45.951944
            ],
            [
              8.948006,
              45.952773
            ],
            [
              8.943129,
              45.951072
            ],
            [
              8.936738,
              45.939729
            ],
            [
              8.926875,
              45.929827
            ],
            [
              8.916997,
              45.922703
            ],
            [
              8.910981,
              45.923176
            ],
            [
              8.906812,
              45.927295
            ],
            [
              8.897657,
              45.932906
            ],
            [
              8.904725,
              45.949756
            ],
            [
              8.902573,
              45.952029
            ],
            [
              8.904231,
              45.955884
            ],
            [
              8.901321,
              45.957659
            ],
            [
              8.901637,
              45.960519
            ],
            [
              8.900014,
              45.962031
            ],
            [
              8.899514,
              45.966716
            ],
            [
              8.897869,
              45.968907
            ],
            [
              8.899501,
              45.970306
            ],
            [
              8.90125,
              45.975492
            ],
            [
              8.907036,
              45.980801
            ],
            [
              8.911098,
              45.987159
            ],
            [
              8.912225,
              45.990332
            ],
            [
              8.910325,
              45.993291
            ],
            [
              8.906526,
              45.995077
            ],
            [
              8.900858,
              45.991735
            ],
            [
              8.89698,
              45.992489
            ],
            [
              8.892814,
              45.987661
            ],
            [
              8.894872,
              45.982868
            ],
            [
              8.894761,
              45.975428
            ],
            [
              8.89281,
              45.97228
            ],
            [
              8.889303,
              45.972593
            ],
            [
              8.883561,
              45.969152
            ],
            [
              8.885992,
              45.964858
            ],
            [
              8.888396,
              45.963145
            ],
            [
              8.886537,
              45.960805
            ],
            [
              8.875464,
              45.958879
            ],
            [
              8.86963,
              45.960598
            ],
            [
              8.870464,
              45.96494
            ],
            [
              8.875135,
              45.968682
            ],
            [
              8.874108,
              45.96915
            ],
            [
              8.874776,
              45.968584
            ],
            [
              8.873353,
              45.967818
            ],
            [
              8.868629,
              45.972245
            ],
            [
              8.860375,
              45.969457
            ],
            [
              8.858879,
              45.966158
            ],
            [
              8.858662,
              45.965744
            ]
          ],
          [
            [
              8.958369,
              45.953266
            ],
            [
              8.963674,
              45.953236
            ],
            [
              8.963292,
              45.952347
            ],
            [
              8.958424,
              45.9532
            ],
            [
              8.958369,
              45.953266
            ]
          ]
        ]
      }
    },
    {
      "type": "Feature",
      "properties": {
        "id": "thunersee",
        "name": "Thunersee",
        "osmType": "relation",
        "osmId": 1117321,
        "source": "OpenStreetMap via Nominatim lookup",
        "sourceUrl": "https://www.openstreetmap.org/relation/1117321",
        "bbox": [
          7.6278292,
          46.6543583,
          7.8321203,
          46.7568866
        ]
      },
      "geometry": {
        "type": "Polygon",
        "coordinates": [
          [
            [
              7.627829,
              46.724278
            ],
            [
              7.629369,
              46.720712
            ],
            [
              7.631811,
              46.720411
            ],
            [
              7.629056,
              46.718031
            ],
            [
              7.630362,
              46.71712
            ],
            [
              7.629118,
              46.718045
            ],
            [
              7.632016,
              46.720355
            ],
            [
              7.632957,
              46.719991
            ],
            [
              7.631522,
              46.719046
            ],
            [
              7.6358,
              46.720527
            ],
            [
              7.639424,
              46.720096
            ],
            [
              7.636985,
              46.719042
            ],
            [
              7.636435,
              46.716832
            ],
            [
              7.639069,
              46.717407
            ],
            [
              7.640544,
              46.720054
            ],
            [
              7.640189,
              46.718851
            ],
            [
              7.642758,
              46.719371
            ],
            [
              7.6447,
              46.716849
            ],
            [
              7.641084,
              46.7162
            ],
            [
              7.644038,
              46.715644
            ],
            [
              7.641938,
              46.715106
            ],
            [
              7.643995,
              46.715155
            ],
            [
              7.643797,
              46.711081
            ],
            [
              7.659496,
              46.703391
            ],
            [
              7.664011,
              46.696889
            ],
            [
              7.670898,
              46.694784
            ],
            [
              7.686206,
              46.693073
            ],
            [
              7.688833,
              46.691955
            ],
            [
              7.688167,
              46.689808
            ],
            [
              7.689921,
              46.688352
            ],
            [
              7.687325,
              46.688693
            ],
            [
              7.685896,
              46.687653
            ],
            [
              7.696975,
              46.685631
            ],
            [
              7.703635,
              46.682681
            ],
            [
              7.704925,
              46.680472
            ],
            [
              7.703008,
              46.675363
            ],
            [
              7.703483,
              46.673678
            ],
            [
              7.717503,
              46.668505
            ],
            [
              7.723706,
              46.667966
            ],
            [
              7.728942,
              46.664205
            ],
            [
              7.741411,
              46.662529
            ],
            [
              7.751598,
              46.656685
            ],
            [
              7.759567,
              46.654458
            ],
            [
              7.766732,
              46.656091
            ],
            [
              7.772888,
              46.655211
            ],
            [
              7.779837,
              46.657796
            ],
            [
              7.787411,
              46.65779
            ],
            [
              7.798168,
              46.662974
            ],
            [
              7.804083,
              46.664526
            ],
            [
              7.807497,
              46.664304
            ],
            [
              7.80904,
              46.662523
            ],
            [
              7.815602,
              46.659766
            ],
            [
              7.820239,
              46.660242
            ],
            [
              7.826874,
              46.663621
            ],
            [
              7.826782,
              46.665932
            ],
            [
              7.831027,
              46.668395
            ],
            [
              7.827541,
              46.667087
            ],
            [
              7.829926,
              46.66916
            ],
            [
              7.828648,
              46.671231
            ],
            [
              7.83212,
              46.672106
            ],
            [
              7.828058,
              46.671139
            ],
            [
              7.822246,
              46.673197
            ],
            [
              7.818726,
              46.675319
            ],
            [
              7.816726,
              46.678632
            ],
            [
              7.815118,
              46.678699
            ],
            [
              7.81654,
              46.679113
            ],
            [
              7.813025,
              46.678566
            ],
            [
              7.814185,
              46.680716
            ],
            [
              7.811485,
              46.682284
            ],
            [
              7.80688,
              46.682434
            ],
            [
              7.800346,
              46.684935
            ],
            [
              7.795554,
              46.683911
            ],
            [
              7.791912,
              46.685811
            ],
            [
              7.776542,
              46.681678
            ],
            [
              7.763416,
              46.682182
            ],
            [
              7.755433,
              46.680227
            ],
            [
              7.750919,
              46.681332
            ],
            [
              7.746331,
              46.684124
            ],
            [
              7.746893,
              46.685828
            ],
            [
              7.742994,
              46.69057
            ],
            [
              7.74295,
              46.693961
            ],
            [
              7.738166,
              46.694794
            ],
            [
              7.735795,
              46.70021
            ],
            [
              7.724775,
              46.707445
            ],
            [
              7.704228,
              46.712559
            ],
            [
              7.701811,
              46.711569
            ],
            [
              7.696886,
              46.71437
            ],
            [
              7.688571,
              46.716385
            ],
            [
              7.682135,
              46.724184
            ],
            [
              7.676693,
              46.72753
            ],
            [
              7.670893,
              46.727345
            ],
            [
              7.667617,
              46.730825
            ],
            [
              7.662931,
              46.731581
            ],
            [
              7.656264,
              46.736581
            ],
            [
              7.654258,
              46.736863
            ],
            [
              7.655954,
              46.736845
            ],
            [
              7.65376,
              46.737327
            ],
            [
              7.651057,
              46.741684
            ],
            [
              7.645685,
              46.741927
            ],
            [
              7.640569,
              46.74502
            ],
            [
              7.636529,
              46.748853
            ],
            [
              7.636564,
              46.753022
            ],
            [
              7.63284,
              46.756887
            ],
            [
              7.634466,
              46.75169
            ],
            [
              7.630872,
              46.754529
            ],
            [
              7.6351,
              46.749853
            ],
            [
              7.635591,
              46.748568
            ],
            [
              7.634409,
              46.748358
            ],
            [
              7.638545,
              46.74618
            ],
            [
              7.634315,
              46.744589
            ],
            [
              7.63157,
              46.742059
            ],
            [
              7.628972,
              46.742235
            ],
            [
              7.633448,
              46.74167
            ],
            [
              7.6286,
              46.740839
            ],
            [
              7.628589,
              46.739891
            ],
            [
              7.633727,
              46.740294
            ],
            [
              7.6319,
              46.736468
            ],
            [
              7.630277,
              46.73649
            ],
            [
              7.632417,
              46.735574
            ],
            [
              7.630306,
              46.734856
            ],
            [
              7.632199,
              46.734474
            ],
            [
              7.630115,
              46.734319
            ],
            [
              7.632585,
              46.73429
            ],
            [
              7.629974,
              46.734112
            ],
            [
              7.631408,
              46.733676
            ],
            [
              7.630331,
              46.731452
            ],
            [
              7.628316,
              46.731158
            ],
            [
              7.629229,
              46.728636
            ],
            [
              7.630496,
              46.728492
            ],
            [
              7.629321,
              46.727787
            ],
            [
              7.630689,
              46.727987
            ],
            [
              7.627867,
              46.724315
            ],
            [
              7.627829,
              46.724278
            ]
          ],
          [
            [
              7.628483,
              46.724593
            ],
            [
              7.628484,
              46.72461
            ],
            [
              7.628486,
              46.724626
            ],
            [
              7.628492,
              46.724637
            ],
            [
              7.628503,
              46.724651
            ],
            [
              7.628522,
              46.724664
            ],
            [
              7.628526,
              46.724686
            ],
            [
              7.628533,
              46.724703
            ],
            [
              7.628545,
              46.72472
            ],
            [
              7.628561,
              46.724738
            ],
            [
              7.628583,
              46.724762
            ],
            [
              7.628602,
              46.724779
            ],
            [
              7.628618,
              46.724798
            ],
            [
              7.628628,
              46.724813
            ],
            [
              7.628635,
              46.724824
            ],
            [
              7.628646,
              46.724837
            ],
            [
              7.628652,
              46.724849
            ],
            [
              7.628658,
              46.724865
            ],
            [
              7.628675,
              46.724866
            ],
            [
              7.628695,
              46.724876
            ],
            [
              7.628709,
              46.724909
            ],
            [
              7.628722,
              46.724929
            ],
            [
              7.62874,
              46.724942
            ],
            [
              7.628768,
              46.724959
            ],
            [
              7.628803,
              46.724976
            ],
            [
              7.62882,
              46.724986
            ],
            [
              7.628844,
              46.724997
            ],
            [
              7.628855,
              46.725006
            ],
            [
              7.628865,
              46.725012
            ],
            [
              7.628877,
              46.725017
            ],
            [
              7.628909,
              46.725005
            ],
            [
              7.62895,
              46.724987
            ],
            [
              7.628981,
              46.724974
            ],
            [
              7.629001,
              46.724967
            ],
            [
              7.62901,
              46.724964
            ],
            [
              7.629018,
              46.724959
            ],
            [
              7.629026,
              46.724949
            ],
            [
              7.62903,
              46.72493
            ],
            [
              7.629026,
              46.724911
            ],
            [
              7.629019,
              46.724891
            ],
            [
              7.629011,
              46.724873
            ],
            [
              7.629003,
              46.724854
            ],
            [
              7.628995,
              46.724835
            ],
            [
              7.628986,
              46.724817
            ],
            [
              7.628975,
              46.724798
            ],
            [
              7.628961,
              46.724783
            ],
            [
              7.628944,
              46.724765
            ],
            [
              7.628929,
              46.72475
            ],
            [
              7.628915,
              46.724733
            ],
            [
              7.628899,
              46.724716
            ],
            [
              7.628882,
              46.724699
            ],
            [
              7.628865,
              46.724679
            ],
            [
              7.62885,
              46.724663
            ],
            [
              7.628833,
              46.724645
            ],
            [
              7.628819,
              46.724629
            ],
            [
              7.628809,
              46.724611
            ],
            [
              7.628795,
              46.724593
            ],
            [
              7.628782,
              46.724575
            ],
            [
              7.62877,
              46.724556
            ],
            [
              7.628756,
              46.724538
            ],
            [
              7.628734,
              46.72452
            ],
            [
              7.628712,
              46.724514
            ],
            [
              7.628685,
              46.72451
            ],
            [
              7.628658,
              46.72451
            ],
            [
              7.628628,
              46.72451
            ],
            [
              7.62859,
              46.724512
            ],
            [
              7.628555,
              46.724516
            ],
            [
              7.628522,
              46.724521
            ],
            [
              7.628495,
              46.724533
            ],
            [
              7.628487,
              46.724552
            ],
            [
              7.628485,
              46.724572
            ],
            [
              7.628483,
              46.724593
            ]
          ],
          [
            [
              7.62887,
              46.730993
            ],
            [
              7.628883,
              46.731016
            ],
            [
              7.629051,
              46.731107
            ],
            [
              7.629086,
              46.731108
            ],
            [
              7.629117,
              46.731097
            ],
            [
              7.629132,
              46.731085
            ],
            [
              7.629206,
              46.730929
            ],
            [
              7.629209,
              46.730897
            ],
            [
              7.629198,
              46.730867
            ],
            [
              7.629173,
              46.730841
            ],
            [
              7.629156,
              46.73083
            ],
            [
              7.629115,
              46.730815
            ],
            [
              7.62907,
              46.730811
            ],
            [
              7.628909,
              46.730827
            ],
            [
              7.628915,
              46.730794
            ],
            [
              7.628904,
              46.730793
            ],
            [
              7.62887,
              46.730993
            ]
          ],
          [
            [
              7.628959,
              46.730413
            ],
            [
              7.628969,
              46.730425
            ],
            [
              7.628999,
              46.730432
            ],
            [
              7.629105,
              46.730427
            ],
            [
              7.629229,
              46.730417
            ],
            [
              7.62925,
              46.730411
            ],
            [
              7.629287,
              46.730393
            ],
            [
              7.629313,
              46.730367
            ],
            [
              7.629325,
              46.730336
            ],
            [
              7.629315,
              46.730261
            ],
            [
              7.629304,
              46.730243
            ],
            [
              7.629285,
              46.730228
            ],
            [
              7.62926,
              46.730218
            ],
            [
              7.629232,
              46.730213
            ],
            [
              7.629151,
              46.730213
            ],
            [
              7.629083,
              46.73019
            ],
            [
              7.62907,
              46.73018
            ],
            [
              7.629052,
              46.730175
            ],
            [
              7.629031,
              46.730177
            ],
            [
              7.629014,
              46.730185
            ],
            [
              7.628995,
              46.730208
            ],
            [
              7.628959,
              46.730413
            ]
          ],
          [
            [
              7.628982,
              46.731367
            ],
            [
              7.628982,
              46.731378
            ],
            [
              7.628998,
              46.731398
            ],
            [
              7.629061,
              46.731428
            ],
            [
              7.629094,
              46.731439
            ],
            [
              7.629173,
              46.731451
            ],
            [
              7.629239,
              46.73145
            ],
            [
              7.629281,
              46.73144
            ],
            [
              7.629306,
              46.731424
            ],
            [
              7.629238,
              46.731314
            ],
            [
              7.629123,
              46.731324
            ],
            [
              7.629056,
              46.731336
            ],
            [
              7.628991,
              46.731353
            ],
            [
              7.628982,
              46.731367
            ]
          ],
          [
            [
              7.629039,
              46.723499
            ],
            [
              7.629696,
              46.72237
            ],
            [
              7.629061,
              46.723466
            ],
            [
              7.629039,
              46.723499
            ]
          ],
          [
            [
              7.62908,
              46.730015
            ],
            [
              7.629087,
              46.730036
            ],
            [
              7.629123,
              46.730072
            ],
            [
              7.629215,
              46.730084
            ],
            [
              7.62925,
              46.730068
            ],
            [
              7.629256,
              46.730059
            ],
            [
              7.629257,
              46.730044
            ],
            [
              7.629241,
              46.730002
            ],
            [
              7.629219,
              46.729977
            ],
            [
              7.629222,
              46.729878
            ],
            [
              7.629213,
              46.729865
            ],
            [
              7.629189,
              46.729851
            ],
            [
              7.629169,
              46.729847
            ],
            [
              7.629148,
              46.729848
            ],
            [
              7.629128,
              46.729853
            ],
            [
              7.629113,
              46.729863
            ],
            [
              7.629098,
              46.72988
            ],
            [
              7.62908,
              46.730015
            ]
          ],
          [
            [
              7.62924,
              46.731126
            ],
            [
              7.629251,
              46.73115
            ],
            [
              7.629273,
              46.73117
            ],
            [
              7.629304,
              46.731183
            ],
            [
              7.62934,
              46.731189
            ],
            [
              7.629372,
              46.731189
            ],
            [
              7.629396,
              46.73118
            ],
            [
              7.629405,
              46.731168
            ],
            [
              7.629406,
              46.731159
            ],
            [
              7.629397,
              46.731135
            ],
            [
              7.629408,
              46.731109
            ],
            [
              7.62943,
              46.731096
            ],
            [
              7.62946,
              46.731089
            ],
            [
              7.629478,
              46.731081
            ],
            [
              7.629495,
              46.731062
            ],
            [
              7.629498,
              46.731047
            ],
            [
              7.629488,
              46.731012
            ],
            [
              7.629461,
              46.730981
            ],
            [
              7.629422,
              46.730959
            ],
            [
              7.629361,
              46.730944
            ],
            [
              7.629349,
              46.730947
            ],
            [
              7.629344,
              46.730953
            ],
            [
              7.629342,
              46.73098
            ],
            [
              7.629327,
              46.731015
            ],
            [
              7.629314,
              46.731032
            ],
            [
              7.629254,
              46.731077
            ],
            [
              7.629241,
              46.731101
            ],
            [
              7.62924,
              46.731126
            ]
          ],
          [
            [
              7.629376,
              46.729314
            ],
            [
              7.62938,
              46.729329
            ],
            [
              7.629447,
              46.729425
            ],
            [
              7.629446,
              46.729441
            ],
            [
              7.629438,
              46.729456
            ],
            [
              7.629378,
              46.729523
            ],
            [
              7.629425,
              46.729545
            ],
            [
              7.629478,
              46.729494
            ],
            [
              7.629513,
              46.729478
            ],
            [
              7.629555,
              46.729466
            ],
            [
              7.629581,
              46.729449
            ],
            [
              7.629632,
              46.729353
            ],
            [
              7.629635,
              46.729336
            ],
            [
              7.629622,
              46.729315
            ],
            [
              7.629547,
              46.729267
            ],
            [
              7.629517,
              46.729257
            ],
            [
              7.629469,
              46.729256
            ],
            [
              7.629393,
              46.729292
            ],
            [
              7.629383,
              46.7293
            ],
            [
              7.629376,
              46.729314
            ]
          ],
          [
            [
              7.629408,
              46.729696
            ],
            [
              7.629419,
              46.729739
            ],
            [
              7.629445,
              46.729771
            ],
            [
              7.629537,
              46.729844
            ],
            [
              7.629554,
              46.729869
            ],
            [
              7.629558,
              46.729897
            ],
            [
              7.629541,
              46.729961
            ],
            [
              7.629546,
              46.729987
            ],
            [
              7.629559,
              46.730002
            ],
            [
              7.629577,
              46.730014
            ],
            [
              7.6296,
              46.730021
            ],
            [
              7.629627,
              46.730024
            ],
            [
              7.629665,
              46.730025
            ],
            [
              7.629697,
              46.73002
            ],
            [
              7.629733,
              46.730005
            ],
            [
              7.62976,
              46.729982
            ],
            [
              7.629769,
              46.72997
            ],
            [
              7.629778,
              46.72993
            ],
            [
              7.629759,
              46.729729
            ],
            [
              7.629782,
              46.729734
            ],
            [
              7.629795,
              46.729704
            ],
            [
              7.629771,
              46.729699
            ],
            [
              7.629779,
              46.729692
            ],
            [
              7.62978,
              46.729677
            ],
            [
              7.629773,
              46.729647
            ],
            [
              7.629752,
              46.729616
            ],
            [
              7.629736,
              46.729602
            ],
            [
              7.629696,
              46.729581
            ],
            [
              7.62965,
              46.729564
            ],
            [
              7.629599,
              46.729557
            ],
            [
              7.629574,
              46.729558
            ],
            [
              7.629525,
              46.729566
            ],
            [
              7.629482,
              46.729584
            ],
            [
              7.62946,
              46.729599
            ],
            [
              7.629427,
              46.729635
            ],
            [
              7.629414,
              46.729659
            ],
            [
              7.629408,
              46.729696
            ]
          ],
          [
            [
              7.629501,
              46.730892
            ],
            [
              7.629504,
              46.730907
            ],
            [
              7.62952,
              46.730926
            ],
            [
              7.629551,
              46.730942
            ],
            [
              7.62958,
              46.73095
            ],
            [
              7.629606,
              46.730953
            ],
            [
              7.629632,
              46.730953
            ],
            [
              7.62966,
              46.730947
            ],
            [
              7.629684,
              46.730936
            ],
            [
              7.6297,
              46.730922
            ],
            [
              7.629708,
              46.730904
            ],
            [
              7.629729,
              46.730758
            ],
            [
              7.629723,
              46.730737
            ],
            [
              7.629707,
              46.730718
            ],
            [
              7.629686,
              46.730704
            ],
            [
              7.629649,
              46.730693
            ],
            [
              7.629612,
              46.730693
            ],
            [
              7.629565,
              46.730707
            ],
            [
              7.629535,
              46.730724
            ],
            [
              7.629517,
              46.730742
            ],
            [
              7.629513,
              46.730757
            ],
            [
              7.629521,
              46.730793
            ],
            [
              7.62952,
              46.730835
            ],
            [
              7.629501,
              46.730892
            ]
          ],
          [
            [
              7.62951,
              46.730397
            ],
            [
              7.629514,
              46.730432
            ],
            [
              7.629532,
              46.730464
            ],
            [
              7.629545,
              46.730478
            ],
            [
              7.629597,
              46.73051
            ],
            [
              7.629634,
              46.730514
            ],
            [
              7.62966,
              46.730507
            ],
            [
              7.629696,
              46.73048
            ],
            [
              7.629719,
              46.730454
            ],
            [
              7.629735,
              46.730425
            ],
            [
              7.629767,
              46.730244
            ],
            [
              7.629765,
              46.730205
            ],
            [
              7.629754,
              46.730166
            ],
            [
              7.629737,
              46.730134
            ],
            [
              7.6297,
              46.730121
            ],
            [
              7.629675,
              46.730116
            ],
            [
              7.629637,
              46.730116
            ],
            [
              7.62959,
              46.730127
            ],
            [
              7.629552,
              46.730148
            ],
            [
              7.62953,
              46.73017
            ],
            [
              7.629516,
              46.730208
            ],
            [
              7.629531,
              46.730271
            ],
            [
              7.629533,
              46.730307
            ],
            [
              7.62953,
              46.730335
            ],
            [
              7.62951,
              46.730397
            ]
          ],
          [
            [
              7.629631,
              46.724356
            ],
            [
              7.62964,
              46.72438
            ],
            [
              7.629659,
              46.724401
            ],
            [
              7.629688,
              46.724418
            ],
            [
              7.629706,
              46.724424
            ],
            [
              7.629788,
              46.724433
            ],
            [
              7.629844,
              46.724435
            ],
            [
              7.629906,
              46.724432
            ],
            [
              7.629984,
              46.72442
            ],
            [
              7.630086,
              46.72437
            ],
            [
              7.630101,
              46.724337
            ],
            [
              7.630104,
              46.724299
            ],
            [
              7.630094,
              46.724251
            ],
            [
              7.630053,
              46.724202
            ],
            [
              7.630009,
              46.724187
            ],
            [
              7.629873,
              46.724216
            ],
            [
              7.629832,
              46.724226
            ],
            [
              7.629772,
              46.724242
            ],
            [
              7.629726,
              46.72426
            ],
            [
              7.629692,
              46.724281
            ],
            [
              7.629647,
              46.724318
            ],
            [
              7.629636,
              46.724337
            ],
            [
              7.629631,
              46.724356
            ]
          ],
          [
            [
              7.630719,
              46.732981
            ],
            [
              7.630723,
              46.732993
            ],
            [
              7.630768,
              46.733046
            ],
            [
              7.630792,
              46.73306
            ],
            [
              7.630837,
              46.73307
            ],
            [
              7.630884,
              46.733064
            ],
            [
              7.630911,
              46.733052
            ],
            [
              7.630931,
              46.733035
            ],
            [
              7.63096,
              46.733021
            ],
            [
              7.631026,
              46.733001
            ],
            [
              7.631089,
              46.732995
            ],
            [
              7.631119,
              46.732979
            ],
            [
              7.631135,
              46.732949
            ],
            [
              7.631134,
              46.732923
            ],
            [
              7.631121,
              46.732899
            ],
            [
              7.631081,
              46.732872
            ],
            [
              7.631041,
              46.73286
            ],
            [
              7.630998,
              46.732853
            ],
            [
              7.630954,
              46.732852
            ],
            [
              7.63091,
              46.732855
            ],
            [
              7.630851,
              46.732867
            ],
            [
              7.630808,
              46.732888
            ],
            [
              7.63079,
              46.732908
            ],
            [
              7.630776,
              46.732942
            ],
            [
              7.63076,
              46.732954
            ],
            [
              7.630733,
              46.732962
            ],
            [
              7.630719,
              46.732981
            ]
          ],
          [
            [
              7.631785,
              46.741448
            ],
            [
              7.631923,
              46.741459
            ],
            [
              7.63194,
              46.741368
            ],
            [
              7.63206,
              46.741378
            ],
            [
              7.632067,
              46.741349
            ],
            [
              7.632022,
              46.741345
            ],
            [
              7.632035,
              46.741281
            ],
            [
              7.632125,
              46.741289
            ],
            [
              7.632138,
              46.741282
            ],
            [
              7.632159,
              46.741185
            ],
            [
              7.632149,
              46.741175
            ],
            [
              7.632076,
              46.741168
            ],
            [
              7.632078,
              46.741161
            ],
            [
              7.631969,
              46.741151
            ],
            [
              7.63191,
              46.741152
            ],
            [
              7.631843,
              46.741161
            ],
            [
              7.631829,
              46.741159
            ],
            [
              7.631811,
              46.741165
            ],
            [
              7.631801,
              46.741178
            ],
            [
              7.631802,
              46.741189
            ],
            [
              7.631833,
              46.741216
            ],
            [
              7.631785,
              46.741448
            ]
          ],
          [
            [
              7.632248,
              46.741235
            ],
            [
              7.632266,
              46.741239
            ],
            [
              7.632256,
              46.741292
            ],
            [
              7.632259,
              46.741301
            ],
            [
              7.632803,
              46.74136
            ],
            [
              7.632821,
              46.741285
            ],
            [
              7.632828,
              46.741257
            ],
            [
              7.63279,
              46.741253
            ],
            [
              7.632769,
              46.74125
            ],
            [
              7.632776,
              46.741227
            ],
            [
              7.632763,
              46.741214
            ],
            [
              7.632735,
              46.74121
            ],
            [
              7.632715,
              46.741223
            ],
            [
              7.632269,
              46.741181
            ],
            [
              7.632255,
              46.741192
            ],
            [
              7.632248,
              46.741235
            ]
          ],
          [
            [
              7.632474,
              46.737795
            ],
            [
              7.63337,
              46.737658
            ],
            [
              7.632484,
              46.737779
            ],
            [
              7.632474,
              46.737795
            ]
          ],
          [
            [
              7.633288,
              46.754685
            ],
            [
              7.633374,
              46.754719
            ],
            [
              7.633423,
              46.754732
            ],
            [
              7.633453,
              46.754722
            ],
            [
              7.633884,
              46.754161
            ],
            [
              7.633914,
              46.754095
            ],
            [
              7.633914,
              46.754079
            ],
            [
              7.633906,
              46.754066
            ],
            [
              7.63385,
              46.754055
            ],
            [
              7.633852,
              46.75405
            ],
            [
              7.633808,
              46.754039
            ],
            [
              7.633769,
              46.754042
            ],
            [
              7.633739,
              46.754056
            ],
            [
              7.633656,
              46.754188
            ],
            [
              7.633501,
              46.75441
            ],
            [
              7.633432,
              46.754505
            ],
            [
              7.633288,
              46.754685
            ]
          ],
          [
            [
              7.633787,
              46.753988
            ],
            [
              7.63379,
              46.753994
            ],
            [
              7.633812,
              46.754006
            ],
            [
              7.633889,
              46.754022
            ],
            [
              7.633894,
              46.754032
            ],
            [
              7.633911,
              46.754038
            ],
            [
              7.63395,
              46.754035
            ],
            [
              7.633975,
              46.75402
            ],
            [
              7.634007,
              46.753979
            ],
            [
              7.634279,
              46.753466
            ],
            [
              7.634305,
              46.753404
            ],
            [
              7.63433,
              46.753391
            ],
            [
              7.634315,
              46.753367
            ],
            [
              7.634318,
              46.75335
            ],
            [
              7.634379,
              46.753231
            ],
            [
              7.634276,
              46.753206
            ],
            [
              7.634263,
              46.753191
            ],
            [
              7.634065,
              46.753135
            ],
            [
              7.634038,
              46.753138
            ],
            [
              7.63399,
              46.753192
            ],
            [
              7.633934,
              46.753302
            ],
            [
              7.633931,
              46.753321
            ],
            [
              7.634042,
              46.753356
            ],
            [
              7.634084,
              46.753399
            ],
            [
              7.633787,
              46.753988
            ]
          ],
          [
            [
              7.633964,
              46.753052
            ],
            [
              7.634772,
              46.752503
            ],
            [
              7.633981,
              46.753017
            ],
            [
              7.633964,
              46.753052
            ]
          ],
          [
            [
              7.634646,
              46.751508
            ],
            [
              7.634913,
              46.752402
            ],
            [
              7.635274,
              46.750758
            ],
            [
              7.634657,
              46.751371
            ],
            [
              7.634646,
              46.751508
            ]
          ],
          [
            [
              7.63793,
              46.720248
            ],
            [
              7.637937,
              46.720275
            ],
            [
              7.638002,
              46.720267
            ],
            [
              7.637996,
              46.720241
            ],
            [
              7.63793,
              46.720248
            ]
          ],
          [
            [
              7.654015,
              46.706726
            ],
            [
              7.654027,
              46.706739
            ],
            [
              7.654047,
              46.706747
            ],
            [
              7.654068,
              46.706738
            ],
            [
              7.654082,
              46.706727
            ],
            [
              7.654073,
              46.706711
            ],
            [
              7.654049,
              46.706706
            ],
            [
              7.654028,
              46.706713
            ],
            [
              7.654015,
              46.706726
            ]
          ],
          [
            [
              7.654122,
              46.706628
            ],
            [
              7.65413,
              46.706634
            ],
            [
              7.65414,
              46.706638
            ],
            [
              7.654169,
              46.706628
            ],
            [
              7.65419,
              46.706613
            ],
            [
              7.654159,
              46.706604
            ],
            [
              7.654146,
              46.706607
            ],
            [
              7.654134,
              46.706608
            ],
            [
              7.654122,
              46.706617
            ],
            [
              7.654122,
              46.706628
            ]
          ],
          [
            [
              7.654172,
              46.706643
            ],
            [
              7.654173,
              46.706659
            ],
            [
              7.654187,
              46.706676
            ],
            [
              7.654204,
              46.706683
            ],
            [
              7.654228,
              46.706672
            ],
            [
              7.654234,
              46.706658
            ],
            [
              7.654235,
              46.706642
            ],
            [
              7.654215,
              46.706632
            ],
            [
              7.654191,
              46.706631
            ],
            [
              7.654172,
              46.706643
            ]
          ],
          [
            [
              7.656037,
              46.736387
            ],
            [
              7.656151,
              46.736449
            ],
            [
              7.656174,
              46.736429
            ],
            [
              7.65606,
              46.736368
            ],
            [
              7.656037,
              46.736387
            ]
          ],
          [
            [
              7.667991,
              46.729758
            ],
            [
              7.668012,
              46.729776
            ],
            [
              7.668053,
              46.729784
            ],
            [
              7.66808,
              46.729773
            ],
            [
              7.66809,
              46.729744
            ],
            [
              7.668072,
              46.729724
            ],
            [
              7.668028,
              46.729717
            ],
            [
              7.668002,
              46.729727
            ],
            [
              7.667991,
              46.729758
            ]
          ],
          [
            [
              7.67438,
              46.727823
            ],
            [
              7.675739,
              46.727273
            ],
            [
              7.67448,
              46.727736
            ],
            [
              7.67438,
              46.727823
            ]
          ],
          [
            [
              7.6757,
              46.72715
            ],
            [
              7.676814,
              46.727319
            ],
            [
              7.675865,
              46.727145
            ],
            [
              7.6757,
              46.72715
            ]
          ],
          [
            [
              7.686914,
              46.687649
            ],
            [
              7.686915,
              46.68769
            ],
            [
              7.687017,
              46.687688
            ],
            [
              7.687016,
              46.687646
            ],
            [
              7.686914,
              46.687649
            ]
          ],
          [
            [
              7.694803,
              46.686209
            ],
            [
              7.694816,
              46.686241
            ],
            [
              7.694873,
              46.68623
            ],
            [
              7.694861,
              46.686199
            ],
            [
              7.694803,
              46.686209
            ]
          ],
          [
            [
              7.709381,
              46.671956
            ],
            [
              7.709402,
              46.671997
            ],
            [
              7.709457,
              46.671984
            ],
            [
              7.709436,
              46.671941
            ],
            [
              7.709381,
              46.671956
            ]
          ]
        ]
      }
    },
    {
      "type": "Feature",
      "properties": {
        "id": "lac-de-bienne",
        "name": "Lac de Bienne",
        "osmType": "relation",
        "osmId": 1860960,
        "source": "OpenStreetMap via Nominatim lookup",
        "sourceUrl": "https://www.openstreetmap.org/relation/1860960",
        "bbox": [
          7.0724679,
          47.0374569,
          7.2364147,
          47.1346964
        ]
      },
      "geometry": {
        "type": "Polygon",
        "coordinates": [
          [
            [
              7.072468,
              47.054583
            ],
            [
              7.0738,
              47.052979
            ],
            [
              7.075337,
              47.053106
            ],
            [
              7.074207,
              47.052407
            ],
            [
              7.076623,
              47.050326
            ],
            [
              7.078567,
              47.051632
            ],
            [
              7.076988,
              47.050414
            ],
            [
              7.07735,
              47.049544
            ],
            [
              7.079322,
              47.047104
            ],
            [
              7.082436,
              47.045876
            ],
            [
              7.09471,
              47.046256
            ],
            [
              7.097999,
              47.047315
            ],
            [
              7.097899,
              47.049527
            ],
            [
              7.098422,
              47.046657
            ],
            [
              7.099599,
              47.046588
            ],
            [
              7.098648,
              47.04882
            ],
            [
              7.10027,
              47.047404
            ],
            [
              7.103808,
              47.048701
            ],
            [
              7.108063,
              47.051583
            ],
            [
              7.111264,
              47.052288
            ],
            [
              7.118838,
              47.057862
            ],
            [
              7.122408,
              47.058762
            ],
            [
              7.125934,
              47.062487
            ],
            [
              7.13483,
              47.064716
            ],
            [
              7.139882,
              47.072309
            ],
            [
              7.13997,
              47.076142
            ],
            [
              7.142162,
              47.076722
            ],
            [
              7.145349,
              47.076217
            ],
            [
              7.149093,
              47.073185
            ],
            [
              7.147361,
              47.070374
            ],
            [
              7.142109,
              47.06758
            ],
            [
              7.133813,
              47.059706
            ],
            [
              7.102497,
              47.046318
            ],
            [
              7.100718,
              47.044079
            ],
            [
              7.102633,
              47.044519
            ],
            [
              7.102924,
              47.042429
            ],
            [
              7.106327,
              47.039014
            ],
            [
              7.115682,
              47.03753
            ],
            [
              7.133715,
              47.041172
            ],
            [
              7.149259,
              47.048034
            ],
            [
              7.154754,
              47.047393
            ],
            [
              7.162655,
              47.049688
            ],
            [
              7.173417,
              47.057235
            ],
            [
              7.175115,
              47.060537
            ],
            [
              7.177713,
              47.060001
            ],
            [
              7.175504,
              47.062083
            ],
            [
              7.177256,
              47.063614
            ],
            [
              7.177111,
              47.065409
            ],
            [
              7.180943,
              47.063207
            ],
            [
              7.180536,
              47.06184
            ],
            [
              7.18874,
              47.068235
            ],
            [
              7.189511,
              47.070918
            ],
            [
              7.189485,
              47.069967
            ],
            [
              7.190929,
              47.070586
            ],
            [
              7.189639,
              47.07104
            ],
            [
              7.191518,
              47.0719
            ],
            [
              7.195205,
              47.076869
            ],
            [
              7.196296,
              47.080548
            ],
            [
              7.202371,
              47.085224
            ],
            [
              7.201804,
              47.086884
            ],
            [
              7.203305,
              47.087339
            ],
            [
              7.202438,
              47.089735
            ],
            [
              7.202921,
              47.088328
            ],
            [
              7.203975,
              47.088455
            ],
            [
              7.202729,
              47.090058
            ],
            [
              7.203761,
              47.09404
            ],
            [
              7.209728,
              47.098886
            ],
            [
              7.212684,
              47.10476
            ],
            [
              7.217277,
              47.106961
            ],
            [
              7.216685,
              47.108805
            ],
            [
              7.21781,
              47.109123
            ],
            [
              7.219197,
              47.114527
            ],
            [
              7.221395,
              47.117687
            ],
            [
              7.228339,
              47.122247
            ],
            [
              7.228017,
              47.123618
            ],
            [
              7.233069,
              47.128239
            ],
            [
              7.235244,
              47.127832
            ],
            [
              7.231289,
              47.129469
            ],
            [
              7.233606,
              47.12898
            ],
            [
              7.234349,
              47.130344
            ],
            [
              7.236415,
              47.130314
            ],
            [
              7.231789,
              47.133323
            ],
            [
              7.232558,
              47.134696
            ],
            [
              7.221747,
              47.131067
            ],
            [
              7.221094,
              47.130598
            ],
            [
              7.222212,
              47.130216
            ],
            [
              7.218455,
              47.129337
            ],
            [
              7.205469,
              47.119441
            ],
            [
              7.193799,
              47.112423
            ],
            [
              7.183451,
              47.108196
            ],
            [
              7.178293,
              47.103789
            ],
            [
              7.176615,
              47.100788
            ],
            [
              7.158121,
              47.094116
            ],
            [
              7.154236,
              47.09148
            ],
            [
              7.149794,
              47.090969
            ],
            [
              7.145461,
              47.087622
            ],
            [
              7.115216,
              47.074691
            ],
            [
              7.111392,
              47.069587
            ],
            [
              7.112036,
              47.068999
            ],
            [
              7.107362,
              47.065336
            ],
            [
              7.098767,
              47.063713
            ],
            [
              7.089785,
              47.05984
            ],
            [
              7.084798,
              47.060058
            ],
            [
              7.07585,
              47.058164
            ],
            [
              7.072559,
              47.054889
            ],
            [
              7.072468,
              47.054583
            ]
          ],
          [
            [
              7.17257,
              47.061985
            ],
            [
              7.173739,
              47.062818
            ],
            [
              7.173895,
              47.061478
            ],
            [
              7.172698,
              47.061829
            ],
            [
              7.17257,
              47.061985
            ]
          ],
          [
            [
              7.231344,
              47.133476
            ],
            [
              7.231403,
              47.133543
            ],
            [
              7.231522,
              47.133633
            ],
            [
              7.231567,
              47.133621
            ],
            [
              7.231585,
              47.13361
            ],
            [
              7.231542,
              47.133496
            ],
            [
              7.2315,
              47.133423
            ],
            [
              7.231491,
              47.133418
            ],
            [
              7.23148,
              47.133419
            ],
            [
              7.231345,
              47.133463
            ],
            [
              7.231344,
              47.133476
            ]
          ]
        ]
      }
    },
    {
      "type": "Feature",
      "properties": {
        "id": "zugersee",
        "name": "Zugersee",
        "osmType": "relation",
        "osmId": 540344,
        "source": "OpenStreetMap via Nominatim lookup",
        "sourceUrl": "https://www.openstreetmap.org/relation/540344",
        "bbox": [
          8.4528847,
          47.0614622,
          8.5281713,
          47.1828763
        ]
      },
      "geometry": {
        "type": "Polygon",
        "coordinates": [
          [
            [
              8.452885,
              47.171634
            ],
            [
              8.454123,
              47.168587
            ],
            [
              8.457652,
              47.166381
            ],
            [
              8.461309,
              47.159922
            ],
            [
              8.459594,
              47.15905
            ],
            [
              8.459684,
              47.157991
            ],
            [
              8.463904,
              47.156289
            ],
            [
              8.461565,
              47.1548
            ],
            [
              8.461737,
              47.151753
            ],
            [
              8.462783,
              47.151237
            ],
            [
              8.459702,
              47.150434
            ],
            [
              8.458967,
              47.148252
            ],
            [
              8.457616,
              47.147838
            ],
            [
              8.458756,
              47.146179
            ],
            [
              8.458234,
              47.141437
            ],
            [
              8.465821,
              47.138442
            ],
            [
              8.470427,
              47.141194
            ],
            [
              8.472342,
              47.141118
            ],
            [
              8.47293,
              47.139637
            ],
            [
              8.463874,
              47.130103
            ],
            [
              8.465231,
              47.120277
            ],
            [
              8.468433,
              47.11711
            ],
            [
              8.473552,
              47.114548
            ],
            [
              8.483227,
              47.115456
            ],
            [
              8.486908,
              47.114704
            ],
            [
              8.488072,
              47.11267
            ],
            [
              8.4866,
              47.109543
            ],
            [
              8.476284,
              47.106149
            ],
            [
              8.475779,
              47.103804
            ],
            [
              8.47289,
              47.101649
            ],
            [
              8.464435,
              47.097472
            ],
            [
              8.46535,
              47.093126
            ],
            [
              8.471228,
              47.087299
            ],
            [
              8.477193,
              47.085827
            ],
            [
              8.491516,
              47.07572
            ],
            [
              8.505972,
              47.068816
            ],
            [
              8.508722,
              47.068547
            ],
            [
              8.514337,
              47.061538
            ],
            [
              8.520687,
              47.062346
            ],
            [
              8.528137,
              47.071706
            ],
            [
              8.522275,
              47.084114
            ],
            [
              8.523231,
              47.084592
            ],
            [
              8.523568,
              47.089325
            ],
            [
              8.521095,
              47.090617
            ],
            [
              8.519031,
              47.094609
            ],
            [
              8.515652,
              47.096291
            ],
            [
              8.50921,
              47.103159
            ],
            [
              8.508083,
              47.106121
            ],
            [
              8.503616,
              47.107966
            ],
            [
              8.499467,
              47.116818
            ],
            [
              8.496453,
              47.119068
            ],
            [
              8.494763,
              47.123599
            ],
            [
              8.497933,
              47.125873
            ],
            [
              8.499646,
              47.130189
            ],
            [
              8.502048,
              47.131344
            ],
            [
              8.506049,
              47.136272
            ],
            [
              8.504272,
              47.139323
            ],
            [
              8.505573,
              47.142895
            ],
            [
              8.504935,
              47.147176
            ],
            [
              8.506369,
              47.147627
            ],
            [
              8.507037,
              47.150191
            ],
            [
              8.508376,
              47.150277
            ],
            [
              8.508674,
              47.152116
            ],
            [
              8.510913,
              47.154142
            ],
            [
              8.509701,
              47.156193
            ],
            [
              8.512305,
              47.15938
            ],
            [
              8.513985,
              47.169663
            ],
            [
              8.509083,
              47.171796
            ],
            [
              8.507211,
              47.171285
            ],
            [
              8.501428,
              47.175124
            ],
            [
              8.497653,
              47.174941
            ],
            [
              8.497322,
              47.176162
            ],
            [
              8.491512,
              47.177491
            ],
            [
              8.492537,
              47.177511
            ],
            [
              8.487288,
              47.178056
            ],
            [
              8.481041,
              47.175932
            ],
            [
              8.481234,
              47.177886
            ],
            [
              8.478008,
              47.177745
            ],
            [
              8.478429,
              47.181955
            ],
            [
              8.475754,
              47.182876
            ],
            [
              8.475872,
              47.181275
            ],
            [
              8.473124,
              47.181588
            ],
            [
              8.468543,
              47.180025
            ],
            [
              8.467936,
              47.177454
            ],
            [
              8.461678,
              47.179866
            ],
            [
              8.461506,
              47.177996
            ],
            [
              8.455718,
              47.175551
            ],
            [
              8.452908,
              47.172013
            ],
            [
              8.452885,
              47.171634
            ]
          ],
          [
            [
              8.461785,
              47.178045
            ],
            [
              8.461809,
              47.178111
            ],
            [
              8.461864,
              47.178168
            ],
            [
              8.461976,
              47.178216
            ],
            [
              8.462052,
              47.17829
            ],
            [
              8.462068,
              47.178348
            ],
            [
              8.462107,
              47.178407
            ],
            [
              8.462165,
              47.178424
            ],
            [
              8.462222,
              47.178414
            ],
            [
              8.462258,
              47.178375
            ],
            [
              8.462273,
              47.178268
            ],
            [
              8.462251,
              47.178231
            ],
            [
              8.462201,
              47.17818
            ],
            [
              8.462164,
              47.178089
            ],
            [
              8.462166,
              47.177981
            ],
            [
              8.462086,
              47.177893
            ],
            [
              8.462027,
              47.177812
            ],
            [
              8.461953,
              47.177784
            ],
            [
              8.461878,
              47.177794
            ],
            [
              8.461861,
              47.177841
            ],
            [
              8.461884,
              47.177892
            ],
            [
              8.461882,
              47.177924
            ],
            [
              8.461792,
              47.177989
            ],
            [
              8.461785,
              47.178045
            ]
          ],
          [
            [
              8.496171,
              47.126565
            ],
            [
              8.496215,
              47.126644
            ],
            [
              8.49646,
              47.126736
            ],
            [
              8.496577,
              47.126734
            ],
            [
              8.496663,
              47.126695
            ],
            [
              8.496681,
              47.126632
            ],
            [
              8.496637,
              47.126574
            ],
            [
              8.496409,
              47.126484
            ],
            [
              8.496293,
              47.126474
            ],
            [
              8.496192,
              47.126498
            ],
            [
              8.496171,
              47.126565
            ]
          ],
          [
            [
              8.496843,
              47.174322
            ],
            [
              8.49691,
              47.174437
            ],
            [
              8.497013,
              47.174535
            ],
            [
              8.497327,
              47.174543
            ],
            [
              8.497405,
              47.17453
            ],
            [
              8.497432,
              47.174492
            ],
            [
              8.49748,
              47.174436
            ],
            [
              8.497481,
              47.174369
            ],
            [
              8.497446,
              47.174219
            ],
            [
              8.497223,
              47.174102
            ],
            [
              8.496992,
              47.174143
            ],
            [
              8.496843,
              47.174322
            ]
          ]
        ]
      }
    },
    {
      "type": "Feature",
      "properties": {
        "id": "brienzersee",
        "name": "Brienzersee",
        "osmType": "relation",
        "osmId": 1671617,
        "source": "OpenStreetMap via Nominatim lookup",
        "sourceUrl": "https://www.openstreetmap.org/relation/1671617",
        "bbox": [
          7.8847048,
          46.6879743,
          8.0498648,
          46.7579633
        ]
      },
      "geometry": {
        "type": "Polygon",
        "coordinates": [
          [
            [
              7.884705,
              46.693318
            ],
            [
              7.887372,
              46.691721
            ],
            [
              7.894754,
              46.692156
            ],
            [
              7.895989,
              46.690731
            ],
            [
              7.896747,
              46.691857
            ],
            [
              7.898061,
              46.691548
            ],
            [
              7.899132,
              46.690823
            ],
            [
              7.897092,
              46.689602
            ],
            [
              7.898475,
              46.688339
            ],
            [
              7.918572,
              46.688017
            ],
            [
              7.926897,
              46.69327
            ],
            [
              7.931201,
              46.693447
            ],
            [
              7.938692,
              46.697036
            ],
            [
              7.944458,
              46.70284
            ],
            [
              7.950575,
              46.706779
            ],
            [
              7.96012,
              46.708434
            ],
            [
              7.962601,
              46.7119
            ],
            [
              7.965739,
              46.713471
            ],
            [
              7.964891,
              46.711553
            ],
            [
              7.966622,
              46.71112
            ],
            [
              7.973386,
              46.713397
            ],
            [
              7.993419,
              46.724505
            ],
            [
              8.014015,
              46.732022
            ],
            [
              8.023073,
              46.737068
            ],
            [
              8.030331,
              46.737546
            ],
            [
              8.036193,
              46.740156
            ],
            [
              8.048219,
              46.738891
            ],
            [
              8.04871,
              46.741851
            ],
            [
              8.047463,
              46.742628
            ],
            [
              8.049378,
              46.743068
            ],
            [
              8.049834,
              46.744712
            ],
            [
              8.046865,
              46.748201
            ],
            [
              8.049323,
              46.74871
            ],
            [
              8.049325,
              46.749656
            ],
            [
              8.042001,
              46.75464
            ],
            [
              8.035533,
              46.753262
            ],
            [
              8.03056,
              46.753664
            ],
            [
              8.016054,
              46.757942
            ],
            [
              8.007926,
              46.755169
            ],
            [
              7.99742,
              46.754922
            ],
            [
              7.991362,
              46.752987
            ],
            [
              7.98967,
              46.751291
            ],
            [
              7.979532,
              46.748206
            ],
            [
              7.978133,
              46.746434
            ],
            [
              7.972852,
              46.744381
            ],
            [
              7.972085,
              46.740944
            ],
            [
              7.968728,
              46.738264
            ],
            [
              7.958871,
              46.735683
            ],
            [
              7.957225,
              46.732627
            ],
            [
              7.952631,
              46.731689
            ],
            [
              7.948289,
              46.72757
            ],
            [
              7.936579,
              46.721592
            ],
            [
              7.932357,
              46.717683
            ],
            [
              7.919508,
              46.711568
            ],
            [
              7.914241,
              46.707594
            ],
            [
              7.901683,
              46.70397
            ],
            [
              7.892709,
              46.697261
            ],
            [
              7.884727,
              46.694671
            ],
            [
              7.884744,
              46.693322
            ],
            [
              7.884705,
              46.693318
            ]
          ],
          [
            [
              7.972128,
              46.71629
            ],
            [
              7.972941,
              46.716746
            ],
            [
              7.972158,
              46.716243
            ],
            [
              7.972128,
              46.71629
            ]
          ],
          [
            [
              8.046759,
              46.748375
            ],
            [
              8.046813,
              46.748419
            ],
            [
              8.046815,
              46.748442
            ],
            [
              8.046869,
              46.748484
            ],
            [
              8.046935,
              46.748478
            ],
            [
              8.046963,
              46.748449
            ],
            [
              8.046967,
              46.74842
            ],
            [
              8.046952,
              46.748378
            ],
            [
              8.046958,
              46.748355
            ],
            [
              8.046982,
              46.748325
            ],
            [
              8.047,
              46.748274
            ],
            [
              8.046963,
              46.748255
            ],
            [
              8.04689,
              46.748255
            ],
            [
              8.046888,
              46.748267
            ],
            [
              8.046832,
              46.748289
            ],
            [
              8.046779,
              46.74829
            ],
            [
              8.046762,
              46.748322
            ],
            [
              8.046759,
              46.748375
            ]
          ],
          [
            [
              8.047053,
              46.748335
            ],
            [
              8.047057,
              46.748347
            ],
            [
              8.047077,
              46.748356
            ],
            [
              8.047094,
              46.748351
            ],
            [
              8.047097,
              46.748337
            ],
            [
              8.047094,
              46.748328
            ],
            [
              8.047077,
              46.748321
            ],
            [
              8.047057,
              46.748323
            ],
            [
              8.047053,
              46.748335
            ]
          ]
        ]
      }
    },
    {
      "type": "Feature",
      "properties": {
        "id": "walensee",
        "name": "Walensee",
        "osmType": "relation",
        "osmId": 2616502,
        "source": "OpenStreetMap via Nominatim lookup",
        "sourceUrl": "https://www.openstreetmap.org/relation/2616502",
        "bbox": [
          9.0982647,
          47.1115103,
          9.3026551,
          47.1395634
        ]
      },
      "geometry": {
        "type": "Polygon",
        "coordinates": [
          [
            [
              9.098265,
              47.133828
            ],
            [
              9.107761,
              47.12787
            ],
            [
              9.113621,
              47.128179
            ],
            [
              9.120994,
              47.126676
            ],
            [
              9.121301,
              47.125639
            ],
            [
              9.136749,
              47.125892
            ],
            [
              9.143014,
              47.123462
            ],
            [
              9.155875,
              47.122253
            ],
            [
              9.169456,
              47.118193
            ],
            [
              9.173948,
              47.118465
            ],
            [
              9.176207,
              47.11699
            ],
            [
              9.183252,
              47.116336
            ],
            [
              9.184186,
              47.115275
            ],
            [
              9.188021,
              47.116302
            ],
            [
              9.206686,
              47.11295
            ],
            [
              9.211607,
              47.11319
            ],
            [
              9.215653,
              47.115513
            ],
            [
              9.22077,
              47.112375
            ],
            [
              9.225323,
              47.111581
            ],
            [
              9.250488,
              47.113326
            ],
            [
              9.254298,
              47.114751
            ],
            [
              9.255773,
              47.116531
            ],
            [
              9.259803,
              47.116304
            ],
            [
              9.260668,
              47.115234
            ],
            [
              9.266523,
              47.116029
            ],
            [
              9.278281,
              47.112934
            ],
            [
              9.286867,
              47.113754
            ],
            [
              9.289643,
              47.115621
            ],
            [
              9.296207,
              47.115135
            ],
            [
              9.299141,
              47.116295
            ],
            [
              9.299833,
              47.118747
            ],
            [
              9.298146,
              47.120662
            ],
            [
              9.301723,
              47.124559
            ],
            [
              9.301495,
              47.127448
            ],
            [
              9.302655,
              47.127137
            ],
            [
              9.299688,
              47.128844
            ],
            [
              9.260343,
              47.129055
            ],
            [
              9.250178,
              47.130505
            ],
            [
              9.246858,
              47.129303
            ],
            [
              9.244922,
              47.130082
            ],
            [
              9.235679,
              47.129017
            ],
            [
              9.230134,
              47.129802
            ],
            [
              9.227166,
              47.128583
            ],
            [
              9.223007,
              47.129493
            ],
            [
              9.212777,
              47.128777
            ],
            [
              9.191549,
              47.132381
            ],
            [
              9.158743,
              47.133767
            ],
            [
              9.15323,
              47.1357
            ],
            [
              9.145822,
              47.134364
            ],
            [
              9.143833,
              47.136967
            ],
            [
              9.123068,
              47.139452
            ],
            [
              9.114445,
              47.139532
            ],
            [
              9.110321,
              47.135809
            ],
            [
              9.105548,
              47.133494
            ],
            [
              9.100603,
              47.135354
            ],
            [
              9.098289,
              47.13398
            ],
            [
              9.098265,
              47.133828
            ]
          ],
          [
            [
              9.241675,
              47.112984
            ],
            [
              9.241675,
              47.113007
            ],
            [
              9.241743,
              47.113017
            ],
            [
              9.2419,
              47.113011
            ],
            [
              9.242016,
              47.112998
            ],
            [
              9.242118,
              47.112979
            ],
            [
              9.242137,
              47.113007
            ],
            [
              9.242155,
              47.113007
            ],
            [
              9.242144,
              47.112946
            ],
            [
              9.24207,
              47.112931
            ],
            [
              9.242005,
              47.112964
            ],
            [
              9.241675,
              47.112984
            ]
          ],
          [
            [
              9.259995,
              47.11637
            ],
            [
              9.260016,
              47.11639
            ],
            [
              9.260118,
              47.116427
            ],
            [
              9.260275,
              47.116432
            ],
            [
              9.260399,
              47.116402
            ],
            [
              9.260527,
              47.116365
            ],
            [
              9.260546,
              47.116352
            ],
            [
              9.260548,
              47.116337
            ],
            [
              9.260522,
              47.116323
            ],
            [
              9.260425,
              47.116316
            ],
            [
              9.260308,
              47.116345
            ],
            [
              9.260173,
              47.116343
            ],
            [
              9.260082,
              47.116335
            ],
            [
              9.260038,
              47.116335
            ],
            [
              9.260009,
              47.116348
            ],
            [
              9.259995,
              47.11637
            ]
          ],
          [
            [
              9.260443,
              47.116217
            ],
            [
              9.261401,
              47.115864
            ],
            [
              9.260545,
              47.116159
            ],
            [
              9.260443,
              47.116217
            ]
          ],
          [
            [
              9.287378,
              47.118413
            ],
            [
              9.288259,
              47.118442
            ],
            [
              9.287478,
              47.118385
            ],
            [
              9.287378,
              47.118413
            ]
          ]
        ]
      }
    },
    {
      "type": "Feature",
      "properties": {
        "id": "lac-de-morat-murtensee",
        "name": "Lac de Morat (Murtensee)",
        "osmType": "relation",
        "osmId": 398830,
        "source": "OpenStreetMap via Nominatim lookup",
        "sourceUrl": "https://www.openstreetmap.org/relation/398830",
        "bbox": [
          7.0316504,
          46.9044217,
          7.1337142,
          46.957963
        ]
      },
      "geometry": {
        "type": "Polygon",
        "coordinates": [
          [
            [
              7.03165,
              46.919714
            ],
            [
              7.034091,
              46.920475
            ],
            [
              7.033016,
              46.919328
            ],
            [
              7.034883,
              46.919195
            ],
            [
              7.03401,
              46.918927
            ],
            [
              7.033888,
              46.915986
            ],
            [
              7.040072,
              46.909918
            ],
            [
              7.046171,
              46.90599
            ],
            [
              7.052635,
              46.904422
            ],
            [
              7.057232,
              46.906119
            ],
            [
              7.059932,
              46.904852
            ],
            [
              7.06462,
              46.905069
            ],
            [
              7.06783,
              46.907409
            ],
            [
              7.084684,
              46.912953
            ],
            [
              7.089248,
              46.917401
            ],
            [
              7.088438,
              46.920205
            ],
            [
              7.089278,
              46.921796
            ],
            [
              7.098633,
              46.920782
            ],
            [
              7.107262,
              46.926344
            ],
            [
              7.114692,
              46.9293
            ],
            [
              7.116037,
              46.930165
            ],
            [
              7.115595,
              46.931308
            ],
            [
              7.116375,
              46.930446
            ],
            [
              7.116753,
              46.932161
            ],
            [
              7.117648,
              46.931577
            ],
            [
              7.117439,
              46.932443
            ],
            [
              7.127295,
              46.939934
            ],
            [
              7.133302,
              46.942586
            ],
            [
              7.133714,
              46.944776
            ],
            [
              7.130592,
              46.949233
            ],
            [
              7.122514,
              46.956296
            ],
            [
              7.119859,
              46.956624
            ],
            [
              7.118844,
              46.955197
            ],
            [
              7.1184,
              46.956824
            ],
            [
              7.118022,
              46.955258
            ],
            [
              7.118348,
              46.957428
            ],
            [
              7.113629,
              46.957864
            ],
            [
              7.084046,
              46.94681
            ],
            [
              7.066603,
              46.94202
            ],
            [
              7.064738,
              46.940114
            ],
            [
              7.061222,
              46.939044
            ],
            [
              7.059145,
              46.935688
            ],
            [
              7.049601,
              46.93281
            ],
            [
              7.046849,
              46.929095
            ],
            [
              7.044628,
              46.929681
            ],
            [
              7.046648,
              46.929007
            ],
            [
              7.035948,
              46.923969
            ],
            [
              7.035041,
              46.921702
            ],
            [
              7.031949,
              46.919896
            ],
            [
              7.03165,
              46.919714
            ]
          ],
          [
            [
              7.045136,
              46.907041
            ],
            [
              7.04516,
              46.907049
            ],
            [
              7.045196,
              46.907008
            ],
            [
              7.045285,
              46.906928
            ],
            [
              7.045459,
              46.906809
            ],
            [
              7.045578,
              46.906684
            ],
            [
              7.045555,
              46.906673
            ],
            [
              7.045454,
              46.906763
            ],
            [
              7.045411,
              46.906808
            ],
            [
              7.045273,
              46.906897
            ],
            [
              7.04521,
              46.906951
            ],
            [
              7.045136,
              46.907041
            ]
          ],
          [
            [
              7.045689,
              46.906773
            ],
            [
              7.045713,
              46.906782
            ],
            [
              7.045749,
              46.90674
            ],
            [
              7.045838,
              46.906661
            ],
            [
              7.046012,
              46.906541
            ],
            [
              7.046091,
              46.906445
            ],
            [
              7.046068,
              46.906434
            ],
            [
              7.046007,
              46.906496
            ],
            [
              7.045964,
              46.90654
            ],
            [
              7.045826,
              46.906629
            ],
            [
              7.045763,
              46.906683
            ],
            [
              7.045689,
              46.906773
            ]
          ],
          [
            [
              7.046195,
              46.906536
            ],
            [
              7.046219,
              46.906545
            ],
            [
              7.046255,
              46.906503
            ],
            [
              7.046344,
              46.906424
            ],
            [
              7.046519,
              46.906304
            ],
            [
              7.046597,
              46.906208
            ],
            [
              7.046574,
              46.906196
            ],
            [
              7.046513,
              46.906259
            ],
            [
              7.04647,
              46.906303
            ],
            [
              7.046333,
              46.906392
            ],
            [
              7.04627,
              46.906446
            ],
            [
              7.046195,
              46.906536
            ]
          ],
          [
            [
              7.047766,
              46.90681
            ],
            [
              7.04788,
              46.905998
            ],
            [
              7.048139,
              46.906742
            ],
            [
              7.047766,
              46.90681
            ]
          ],
          [
            [
              7.061847,
              46.938311
            ],
            [
              7.061847,
              46.938335
            ],
            [
              7.061863,
              46.938345
            ],
            [
              7.061883,
              46.938356
            ],
            [
              7.061913,
              46.938363
            ],
            [
              7.061925,
              46.938393
            ],
            [
              7.061946,
              46.938409
            ],
            [
              7.061971,
              46.938409
            ],
            [
              7.061991,
              46.938418
            ],
            [
              7.062015,
              46.938443
            ],
            [
              7.062024,
              46.938469
            ],
            [
              7.062044,
              46.938488
            ],
            [
              7.062068,
              46.93852
            ],
            [
              7.062091,
              46.938531
            ],
            [
              7.062109,
              46.938524
            ],
            [
              7.062132,
              46.938514
            ],
            [
              7.062166,
              46.938511
            ],
            [
              7.062199,
              46.938507
            ],
            [
              7.062235,
              46.938491
            ],
            [
              7.062249,
              46.938478
            ],
            [
              7.062242,
              46.938459
            ],
            [
              7.062222,
              46.938452
            ],
            [
              7.062203,
              46.938444
            ],
            [
              7.062212,
              46.938423
            ],
            [
              7.062258,
              46.9384
            ],
            [
              7.062297,
              46.938353
            ],
            [
              7.062304,
              46.938308
            ],
            [
              7.062304,
              46.938232
            ],
            [
              7.062263,
              46.938169
            ],
            [
              7.062169,
              46.93813
            ],
            [
              7.062086,
              46.938134
            ],
            [
              7.062061,
              46.938109
            ],
            [
              7.062012,
              46.938104
            ],
            [
              7.061976,
              46.938126
            ],
            [
              7.06192,
              46.938148
            ],
            [
              7.061911,
              46.938169
            ],
            [
              7.061895,
              46.938191
            ],
            [
              7.061872,
              46.938232
            ],
            [
              7.06187,
              46.93825
            ],
            [
              7.061877,
              46.938268
            ],
            [
              7.061861,
              46.938285
            ],
            [
              7.061847,
              46.938311
            ]
          ],
          [
            [
              7.067725,
              46.908504
            ],
            [
              7.067725,
              46.908706
            ],
            [
              7.067738,
              46.908735
            ],
            [
              7.067789,
              46.908732
            ],
            [
              7.067794,
              46.908502
            ],
            [
              7.067725,
              46.908504
            ]
          ],
          [
            [
              7.067977,
              46.908731
            ],
            [
              7.068128,
              46.908978
            ],
            [
              7.068225,
              46.908962
            ],
            [
              7.068082,
              46.90871
            ],
            [
              7.067977,
              46.908731
            ]
          ],
          [
            [
              7.068285,
              46.908405
            ],
            [
              7.068316,
              46.90861
            ],
            [
              7.068371,
              46.908598
            ],
            [
              7.068333,
              46.908399
            ],
            [
              7.068285,
              46.908405
            ]
          ],
          [
            [
              7.068491,
              46.908934
            ],
            [
              7.071434,
              46.909119
            ],
            [
              7.068528,
              46.908918
            ],
            [
              7.068491,
              46.908934
            ]
          ],
          [
            [
              7.105841,
              46.924956
            ],
            [
              7.105842,
              46.924982
            ],
            [
              7.106015,
              46.925119
            ],
            [
              7.106026,
              46.925109
            ],
            [
              7.105863,
              46.924982
            ],
            [
              7.105854,
              46.92497
            ],
            [
              7.105855,
              46.924959
            ],
            [
              7.105841,
              46.924956
            ]
          ],
          [
            [
              7.105907,
              46.924942
            ],
            [
              7.105925,
              46.924954
            ],
            [
              7.106017,
              46.924885
            ],
            [
              7.105999,
              46.924873
            ],
            [
              7.105907,
              46.924942
            ]
          ]
        ]
      }
    },
    {
      "type": "Feature",
      "properties": {
        "id": "sempachersee",
        "name": "Sempachersee",
        "osmType": "relation",
        "osmId": 2625908,
        "source": "OpenStreetMap via Nominatim lookup",
        "sourceUrl": "https://www.openstreetmap.org/relation/2625908",
        "bbox": [
          8.1212597,
          47.1178982,
          8.1920798,
          47.1738501
        ]
      },
      "geometry": {
        "type": "Polygon",
        "coordinates": [
          [
            [
              8.12126,
              47.162289
            ],
            [
              8.123654,
              47.159981
            ],
            [
              8.124041,
              47.156898
            ],
            [
              8.122807,
              47.155047
            ],
            [
              8.124103,
              47.151645
            ],
            [
              8.131136,
              47.145138
            ],
            [
              8.140798,
              47.13744
            ],
            [
              8.151027,
              47.13234
            ],
            [
              8.156159,
              47.12833
            ],
            [
              8.159925,
              47.12775
            ],
            [
              8.16131,
              47.126196
            ],
            [
              8.166933,
              47.124326
            ],
            [
              8.172515,
              47.120007
            ],
            [
              8.181837,
              47.118016
            ],
            [
              8.186318,
              47.121265
            ],
            [
              8.185717,
              47.123723
            ],
            [
              8.187238,
              47.125438
            ],
            [
              8.191766,
              47.127955
            ],
            [
              8.191991,
              47.129832
            ],
            [
              8.18877,
              47.135673
            ],
            [
              8.184288,
              47.140161
            ],
            [
              8.154555,
              47.156273
            ],
            [
              8.139725,
              47.168366
            ],
            [
              8.135552,
              47.168645
            ],
            [
              8.133816,
              47.170974
            ],
            [
              8.130105,
              47.172645
            ],
            [
              8.127399,
              47.170932
            ],
            [
              8.126337,
              47.171699
            ],
            [
              8.127337,
              47.172901
            ],
            [
              8.124197,
              47.173768
            ],
            [
              8.12212,
              47.172379
            ],
            [
              8.126277,
              47.1699
            ],
            [
              8.123152,
              47.169963
            ],
            [
              8.124425,
              47.168481
            ],
            [
              8.121365,
              47.16232
            ],
            [
              8.12126,
              47.162289
            ]
          ],
          [
            [
              8.12634,
              47.167946
            ],
            [
              8.126386,
              47.168025
            ],
            [
              8.126487,
              47.168076
            ],
            [
              8.126598,
              47.168083
            ],
            [
              8.126694,
              47.168041
            ],
            [
              8.126756,
              47.16797
            ],
            [
              8.126737,
              47.167897
            ],
            [
              8.126679,
              47.167812
            ],
            [
              8.126715,
              47.16774
            ],
            [
              8.126656,
              47.167669
            ],
            [
              8.126573,
              47.167645
            ],
            [
              8.126469,
              47.167665
            ],
            [
              8.126423,
              47.167724
            ],
            [
              8.126386,
              47.167802
            ],
            [
              8.126345,
              47.167879
            ],
            [
              8.12634,
              47.167946
            ]
          ]
        ]
      }
    },
    {
      "type": "Feature",
      "properties": {
        "id": "sihlsee",
        "name": "Sihlsee",
        "osmType": "relation",
        "osmId": 5011166,
        "source": "OpenStreetMap via Nominatim lookup",
        "sourceUrl": "https://www.openstreetmap.org/relation/5011166",
        "bbox": [
          8.7578326,
          47.0813608,
          8.8191758,
          47.1546158
        ]
      },
      "geometry": {
        "type": "Polygon",
        "coordinates": [
          [
            [
              8.757833,
              47.140087
            ],
            [
              8.76418,
              47.139235
            ],
            [
              8.764944,
              47.136133
            ],
            [
              8.769702,
              47.130108
            ],
            [
              8.772678,
              47.128446
            ],
            [
              8.775287,
              47.123766
            ],
            [
              8.774591,
              47.121535
            ],
            [
              8.77555,
              47.117589
            ],
            [
              8.781612,
              47.114647
            ],
            [
              8.78118,
              47.113819
            ],
            [
              8.785246,
              47.113359
            ],
            [
              8.78312,
              47.111168
            ],
            [
              8.782939,
              47.109208
            ],
            [
              8.779912,
              47.107044
            ],
            [
              8.781655,
              47.103766
            ],
            [
              8.785558,
              47.103145
            ],
            [
              8.787762,
              47.100282
            ],
            [
              8.79472,
              47.098816
            ],
            [
              8.799275,
              47.092249
            ],
            [
              8.801723,
              47.091566
            ],
            [
              8.802114,
              47.090326
            ],
            [
              8.806582,
              47.09006
            ],
            [
              8.808952,
              47.088256
            ],
            [
              8.809242,
              47.089433
            ],
            [
              8.811067,
              47.0892
            ],
            [
              8.809545,
              47.088161
            ],
            [
              8.810455,
              47.086851
            ],
            [
              8.808764,
              47.085057
            ],
            [
              8.810345,
              47.085021
            ],
            [
              8.810669,
              47.086717
            ],
            [
              8.813432,
              47.081429
            ],
            [
              8.811182,
              47.086396
            ],
            [
              8.816875,
              47.087119
            ],
            [
              8.818786,
              47.09185
            ],
            [
              8.816774,
              47.092239
            ],
            [
              8.814631,
              47.094858
            ],
            [
              8.810733,
              47.094797
            ],
            [
              8.812594,
              47.096227
            ],
            [
              8.810466,
              47.095085
            ],
            [
              8.810683,
              47.097365
            ],
            [
              8.807674,
              47.097365
            ],
            [
              8.805271,
              47.099299
            ],
            [
              8.802696,
              47.099168
            ],
            [
              8.799316,
              47.101135
            ],
            [
              8.798652,
              47.103276
            ],
            [
              8.800059,
              47.107255
            ],
            [
              8.797254,
              47.110053
            ],
            [
              8.79534,
              47.116146
            ],
            [
              8.797111,
              47.120237
            ],
            [
              8.796821,
              47.123514
            ],
            [
              8.792822,
              47.127417
            ],
            [
              8.791625,
              47.132629
            ],
            [
              8.785997,
              47.132549
            ],
            [
              8.7902,
              47.133982
            ],
            [
              8.789739,
              47.135596
            ],
            [
              8.791862,
              47.137008
            ],
            [
              8.791407,
              47.140689
            ],
            [
              8.790692,
              47.138996
            ],
            [
              8.787371,
              47.14277
            ],
            [
              8.789447,
              47.145392
            ],
            [
              8.790778,
              47.145071
            ],
            [
              8.789263,
              47.147157
            ],
            [
              8.790649,
              47.149083
            ],
            [
              8.789689,
              47.150919
            ],
            [
              8.785536,
              47.149674
            ],
            [
              8.783486,
              47.153493
            ],
            [
              8.780549,
              47.154615
            ],
            [
              8.778493,
              47.153435
            ],
            [
              8.777474,
              47.150096
            ],
            [
              8.772021,
              47.14995
            ],
            [
              8.768857,
              47.148639
            ],
            [
              8.766368,
              47.150099
            ],
            [
              8.761238,
              47.145367
            ],
            [
              8.760226,
              47.141133
            ],
            [
              8.758245,
              47.141355
            ],
            [
              8.757851,
              47.140294
            ],
            [
              8.757833,
              47.140087
            ]
          ]
        ]
      }
    },
    {
      "type": "Feature",
      "properties": {
        "id": "hallwilersee",
        "name": "Hallwilersee",
        "osmType": "way",
        "osmId": 151788989,
        "source": "OpenStreetMap via Nominatim lookup",
        "sourceUrl": "https://www.openstreetmap.org/way/151788989",
        "bbox": [
          8.1982847,
          47.2454907,
          8.2330243,
          47.3192783
        ]
      },
      "geometry": {
        "type": "Polygon",
        "coordinates": [
          [
            [
              8.198285,
              47.309182
            ],
            [
              8.198434,
              47.30499
            ],
            [
              8.206679,
              47.276277
            ],
            [
              8.20972,
              47.270626
            ],
            [
              8.21182,
              47.269247
            ],
            [
              8.21266,
              47.264942
            ],
            [
              8.217673,
              47.257493
            ],
            [
              8.220848,
              47.250184
            ],
            [
              8.224464,
              47.245607
            ],
            [
              8.227662,
              47.245971
            ],
            [
              8.22967,
              47.250454
            ],
            [
              8.227224,
              47.252191
            ],
            [
              8.230957,
              47.26059
            ],
            [
              8.232888,
              47.261582
            ],
            [
              8.233024,
              47.264408
            ],
            [
              8.227676,
              47.273301
            ],
            [
              8.228468,
              47.275632
            ],
            [
              8.227764,
              47.27882
            ],
            [
              8.221305,
              47.293108
            ],
            [
              8.218864,
              47.294865
            ],
            [
              8.220603,
              47.295778
            ],
            [
              8.218484,
              47.301995
            ],
            [
              8.217129,
              47.302833
            ],
            [
              8.217904,
              47.305364
            ],
            [
              8.216588,
              47.308526
            ],
            [
              8.213816,
              47.313132
            ],
            [
              8.209135,
              47.317208
            ],
            [
              8.202465,
              47.319278
            ],
            [
              8.201522,
              47.31868
            ],
            [
              8.202936,
              47.317275
            ],
            [
              8.199819,
              47.315529
            ],
            [
              8.200502,
              47.313581
            ],
            [
              8.198344,
              47.309489
            ],
            [
              8.198285,
              47.309182
            ]
          ]
        ]
      }
    },
    {
      "type": "Feature",
      "properties": {
        "id": "lac-de-la-gruyere",
        "name": "Lac de la Gruyère",
        "osmType": "relation",
        "osmId": 1282756,
        "source": "OpenStreetMap via Nominatim lookup",
        "sourceUrl": "https://www.openstreetmap.org/relation/1282756",
        "bbox": [
          7.0774147,
          46.610667,
          7.1213371,
          46.7189321
        ]
      },
      "geometry": {
        "type": "Polygon",
        "coordinates": [
          [
            [
              7.077415,
              46.660115
            ],
            [
              7.079031,
              46.659967
            ],
            [
              7.081217,
              46.661975
            ],
            [
              7.082324,
              46.665112
            ],
            [
              7.08697,
              46.664872
            ],
            [
              7.089587,
              46.669068
            ],
            [
              7.096341,
              46.666287
            ],
            [
              7.090206,
              46.66026
            ],
            [
              7.093811,
              46.658155
            ],
            [
              7.095053,
              46.65501
            ],
            [
              7.091054,
              46.641597
            ],
            [
              7.09245,
              46.639006
            ],
            [
              7.091725,
              46.637081
            ],
            [
              7.09307,
              46.632829
            ],
            [
              7.092189,
              46.629546
            ],
            [
              7.095096,
              46.628795
            ],
            [
              7.094565,
              46.626984
            ],
            [
              7.096655,
              46.626168
            ],
            [
              7.093236,
              46.624772
            ],
            [
              7.092929,
              46.623556
            ],
            [
              7.094883,
              46.619473
            ],
            [
              7.098032,
              46.616375
            ],
            [
              7.097072,
              46.614065
            ],
            [
              7.101103,
              46.615301
            ],
            [
              7.106206,
              46.610711
            ],
            [
              7.102427,
              46.61402
            ],
            [
              7.10561,
              46.614537
            ],
            [
              7.105528,
              46.621021
            ],
            [
              7.104388,
              46.621465
            ],
            [
              7.105378,
              46.624066
            ],
            [
              7.105204,
              46.631197
            ],
            [
              7.101944,
              46.635733
            ],
            [
              7.100789,
              46.643491
            ],
            [
              7.097986,
              46.645639
            ],
            [
              7.098292,
              46.653196
            ],
            [
              7.0961,
              46.655326
            ],
            [
              7.097151,
              46.656987
            ],
            [
              7.098491,
              46.65572
            ],
            [
              7.097492,
              46.657666
            ],
            [
              7.098852,
              46.658992
            ],
            [
              7.096837,
              46.659978
            ],
            [
              7.097221,
              46.661512
            ],
            [
              7.101801,
              46.66342
            ],
            [
              7.103847,
              46.662757
            ],
            [
              7.103907,
              46.664028
            ],
            [
              7.101101,
              46.665525
            ],
            [
              7.101074,
              46.668496
            ],
            [
              7.098869,
              46.670961
            ],
            [
              7.099087,
              46.672766
            ],
            [
              7.104252,
              46.677045
            ],
            [
              7.106623,
              46.674682
            ],
            [
              7.107302,
              46.677057
            ],
            [
              7.108784,
              46.677449
            ],
            [
              7.107778,
              46.678128
            ],
            [
              7.110755,
              46.679746
            ],
            [
              7.109021,
              46.682892
            ],
            [
              7.107409,
              46.683586
            ],
            [
              7.107873,
              46.684318
            ],
            [
              7.109938,
              46.68384
            ],
            [
              7.111278,
              46.68178
            ],
            [
              7.111056,
              46.68343
            ],
            [
              7.115151,
              46.682442
            ],
            [
              7.121337,
              46.687628
            ],
            [
              7.120241,
              46.689908
            ],
            [
              7.115534,
              46.686194
            ],
            [
              7.111319,
              46.687265
            ],
            [
              7.110936,
              46.693113
            ],
            [
              7.109343,
              46.694577
            ],
            [
              7.104135,
              46.695869
            ],
            [
              7.105183,
              46.697607
            ],
            [
              7.103,
              46.699269
            ],
            [
              7.10394,
              46.700427
            ],
            [
              7.102058,
              46.699705
            ],
            [
              7.099284,
              46.701507
            ],
            [
              7.099979,
              46.703983
            ],
            [
              7.097613,
              46.706951
            ],
            [
              7.099842,
              46.707807
            ],
            [
              7.100681,
              46.709973
            ],
            [
              7.103336,
              46.708816
            ],
            [
              7.10628,
              46.7094
            ],
            [
              7.109185,
              46.714412
            ],
            [
              7.113719,
              46.716396
            ],
            [
              7.114266,
              46.717794
            ],
            [
              7.11105,
              46.718819
            ],
            [
              7.110999,
              46.717852
            ],
            [
              7.105737,
              46.715103
            ],
            [
              7.104179,
              46.711532
            ],
            [
              7.099388,
              46.711996
            ],
            [
              7.09689,
              46.709083
            ],
            [
              7.087223,
              46.706087
            ],
            [
              7.092991,
              46.705905
            ],
            [
              7.096958,
              46.703762
            ],
            [
              7.096703,
              46.70156
            ],
            [
              7.094293,
              46.701939
            ],
            [
              7.092259,
              46.700434
            ],
            [
              7.09242,
              46.696134
            ],
            [
              7.088632,
              46.694386
            ],
            [
              7.098315,
              46.693081
            ],
            [
              7.099717,
              46.690265
            ],
            [
              7.102996,
              46.691126
            ],
            [
              7.105612,
              46.693523
            ],
            [
              7.106532,
              46.692171
            ],
            [
              7.10505,
              46.691327
            ],
            [
              7.104228,
              46.687848
            ],
            [
              7.100554,
              46.687058
            ],
            [
              7.098886,
              46.684975
            ],
            [
              7.092636,
              46.682222
            ],
            [
              7.088202,
              46.67812
            ],
            [
              7.087891,
              46.676525
            ],
            [
              7.085534,
              46.67701
            ],
            [
              7.086701,
              46.676131
            ],
            [
              7.085819,
              46.675655
            ],
            [
              7.088118,
              46.67517
            ],
            [
              7.087026,
              46.672948
            ],
            [
              7.08341,
              46.673803
            ],
            [
              7.086034,
              46.672768
            ],
            [
              7.084589,
              46.667438
            ],
            [
              7.079328,
              46.66687
            ],
            [
              7.081387,
              46.666414
            ],
            [
              7.079685,
              46.664291
            ],
            [
              7.080455,
              46.661797
            ],
            [
              7.077488,
              46.660213
            ],
            [
              7.077415,
              46.660115
            ]
          ],
          [
            [
              7.091562,
              46.660311
            ],
            [
              7.091604,
              46.660361
            ],
            [
              7.091716,
              46.66042
            ],
            [
              7.091748,
              46.660473
            ],
            [
              7.09179,
              46.660481
            ],
            [
              7.091797,
              46.660432
            ],
            [
              7.091776,
              46.660386
            ],
            [
              7.091736,
              46.660336
            ],
            [
              7.091711,
              46.660289
            ],
            [
              7.091684,
              46.660271
            ],
            [
              7.091636,
              46.660268
            ],
            [
              7.091603,
              46.660269
            ],
            [
              7.091576,
              46.66028
            ],
            [
              7.091562,
              46.660311
            ]
          ],
          [
            [
              7.092894,
              46.680831
            ],
            [
              7.096938,
              46.682885
            ],
            [
              7.093067,
              46.68073
            ],
            [
              7.092894,
              46.680831
            ]
          ],
          [
            [
              7.096928,
              46.696256
            ],
            [
              7.096941,
              46.696321
            ],
            [
              7.096968,
              46.696348
            ],
            [
              7.097079,
              46.696336
            ],
            [
              7.097239,
              46.696273
            ],
            [
              7.0973,
              46.696221
            ],
            [
              7.097335,
              46.696166
            ],
            [
              7.097375,
              46.696123
            ],
            [
              7.097413,
              46.69605
            ],
            [
              7.097406,
              46.695969
            ],
            [
              7.097373,
              46.695931
            ],
            [
              7.097293,
              46.695915
            ],
            [
              7.09728,
              46.695884
            ],
            [
              7.097211,
              46.695859
            ],
            [
              7.097188,
              46.695876
            ],
            [
              7.097176,
              46.695918
            ],
            [
              7.097168,
              46.696004
            ],
            [
              7.097109,
              46.696097
            ],
            [
              7.097028,
              46.696179
            ],
            [
              7.096965,
              46.696204
            ],
            [
              7.096928,
              46.696256
            ]
          ],
          [
            [
              7.099841,
              46.69844
            ],
            [
              7.100861,
              46.697893
            ],
            [
              7.099848,
              46.698392
            ],
            [
              7.099841,
              46.69844
            ]
          ],
          [
            [
              7.101208,
              46.61617
            ],
            [
              7.103763,
              46.616838
            ],
            [
              7.104285,
              46.61532
            ],
            [
              7.102394,
              46.614207
            ],
            [
              7.101218,
              46.616124
            ],
            [
              7.101208,
              46.61617
            ]
          ],
          [
            [
              7.102205,
              46.69531
            ],
            [
              7.10224,
              46.695345
            ],
            [
              7.102377,
              46.695392
            ],
            [
              7.102457,
              46.695402
            ],
            [
              7.102496,
              46.695392
            ],
            [
              7.102506,
              46.695367
            ],
            [
              7.102494,
              46.695333
            ],
            [
              7.102459,
              46.695297
            ],
            [
              7.10243,
              46.695285
            ],
            [
              7.102393,
              46.695274
            ],
            [
              7.102293,
              46.695265
            ],
            [
              7.102239,
              46.695272
            ],
            [
              7.102206,
              46.695289
            ],
            [
              7.102205,
              46.69531
            ]
          ]
        ]
      }
    },
    {
      "type": "Feature",
      "properties": {
        "id": "lac-de-joux",
        "name": "Lac de Joux",
        "osmType": "relation",
        "osmId": 390321,
        "source": "OpenStreetMap via Nominatim lookup",
        "sourceUrl": "https://www.openstreetmap.org/relation/390321",
        "bbox": [
          6.2410479,
          46.6112796,
          6.330807,
          46.6679301
        ]
      },
      "geometry": {
        "type": "Polygon",
        "coordinates": [
          [
            [
              6.241048,
              46.615725
            ],
            [
              6.242258,
              46.613801
            ],
            [
              6.241533,
              46.612788
            ],
            [
              6.244879,
              46.611305
            ],
            [
              6.250114,
              46.614924
            ],
            [
              6.253486,
              46.61394
            ],
            [
              6.259126,
              46.618707
            ],
            [
              6.263357,
              46.619169
            ],
            [
              6.264173,
              46.621233
            ],
            [
              6.268245,
              46.622396
            ],
            [
              6.268093,
              46.623657
            ],
            [
              6.278646,
              46.625933
            ],
            [
              6.280534,
              46.627533
            ],
            [
              6.280638,
              46.629543
            ],
            [
              6.288214,
              46.631771
            ],
            [
              6.302373,
              46.641116
            ],
            [
              6.307392,
              46.642673
            ],
            [
              6.311734,
              46.646696
            ],
            [
              6.316081,
              46.648277
            ],
            [
              6.317154,
              46.650431
            ],
            [
              6.322854,
              46.651325
            ],
            [
              6.324422,
              46.652957
            ],
            [
              6.323387,
              46.6546
            ],
            [
              6.32389,
              46.658686
            ],
            [
              6.330783,
              46.665654
            ],
            [
              6.325311,
              46.667803
            ],
            [
              6.324143,
              46.66527
            ],
            [
              6.307785,
              46.655476
            ],
            [
              6.284441,
              46.644817
            ],
            [
              6.278991,
              46.640307
            ],
            [
              6.2722,
              46.637925
            ],
            [
              6.261841,
              46.630741
            ],
            [
              6.257486,
              46.629259
            ],
            [
              6.254031,
              46.626625
            ],
            [
              6.253778,
              46.624374
            ],
            [
              6.251996,
              46.62277
            ],
            [
              6.247689,
              46.621765
            ],
            [
              6.246439,
              46.618286
            ],
            [
              6.241066,
              46.615794
            ],
            [
              6.241048,
              46.615725
            ]
          ],
          [
            [
              6.325314,
              46.666162
            ],
            [
              6.325345,
              46.666185
            ],
            [
              6.325375,
              46.666166
            ],
            [
              6.325344,
              46.666143
            ],
            [
              6.325314,
              46.666162
            ]
          ]
        ]
      }
    },
    {
      "type": "Feature",
      "properties": {
        "id": "greifensee",
        "name": "Greifensee",
        "osmType": "relation",
        "osmId": 1678346,
        "source": "OpenStreetMap via Nominatim lookup",
        "sourceUrl": "https://www.openstreetmap.org/relation/1678346",
        "bbox": [
          8.6522098,
          47.3210746,
          8.7077157,
          47.37363
        ]
      },
      "geometry": {
        "type": "Polygon",
        "coordinates": [
          [
            [
              8.65221,
              47.367535
            ],
            [
              8.653073,
              47.366799
            ],
            [
              8.652516,
              47.36269
            ],
            [
              8.6541,
              47.360439
            ],
            [
              8.660659,
              47.354498
            ],
            [
              8.663943,
              47.353821
            ],
            [
              8.667959,
              47.347738
            ],
            [
              8.675608,
              47.345691
            ],
            [
              8.678661,
              47.340292
            ],
            [
              8.68557,
              47.334545
            ],
            [
              8.685508,
              47.332385
            ],
            [
              8.68783,
              47.330579
            ],
            [
              8.689735,
              47.324398
            ],
            [
              8.691134,
              47.323802
            ],
            [
              8.690302,
              47.322562
            ],
            [
              8.696416,
              47.321101
            ],
            [
              8.698244,
              47.322102
            ],
            [
              8.697732,
              47.323926
            ],
            [
              8.700203,
              47.3253
            ],
            [
              8.700294,
              47.326515
            ],
            [
              8.704089,
              47.325752
            ],
            [
              8.706403,
              47.32747
            ],
            [
              8.707716,
              47.331247
            ],
            [
              8.706331,
              47.333922
            ],
            [
              8.695448,
              47.337758
            ],
            [
              8.691549,
              47.340893
            ],
            [
              8.689772,
              47.345106
            ],
            [
              8.690266,
              47.348892
            ],
            [
              8.688684,
              47.351641
            ],
            [
              8.689682,
              47.351961
            ],
            [
              8.684173,
              47.359238
            ],
            [
              8.680944,
              47.360538
            ],
            [
              8.681242,
              47.361962
            ],
            [
              8.675501,
              47.363563
            ],
            [
              8.668301,
              47.369951
            ],
            [
              8.66134,
              47.37363
            ],
            [
              8.653553,
              47.371443
            ],
            [
              8.654522,
              47.368039
            ],
            [
              8.652234,
              47.36762
            ],
            [
              8.65221,
              47.367535
            ]
          ]
        ]
      }
    },
    {
      "type": "Feature",
      "properties": {
        "id": "sarnersee",
        "name": "Sarnersee",
        "osmType": "way",
        "osmId": 136647452,
        "source": "OpenStreetMap via Nominatim lookup",
        "sourceUrl": "https://www.openstreetmap.org/way/136647452",
        "bbox": [
          8.1888783,
          46.8455582,
          8.2439773,
          46.889912
        ]
      },
      "geometry": {
        "type": "Polygon",
        "coordinates": [
          [
            [
              8.188878,
              46.853987
            ],
            [
              8.190937,
              46.852657
            ],
            [
              8.19026,
              46.851985
            ],
            [
              8.200423,
              46.848021
            ],
            [
              8.200344,
              46.845697
            ],
            [
              8.203927,
              46.84584
            ],
            [
              8.212148,
              46.85293
            ],
            [
              8.212986,
              46.855955
            ],
            [
              8.21841,
              46.861006
            ],
            [
              8.222097,
              46.8621
            ],
            [
              8.227665,
              46.86673
            ],
            [
              8.231644,
              46.867152
            ],
            [
              8.241181,
              46.872928
            ],
            [
              8.241803,
              46.878791
            ],
            [
              8.243498,
              46.880291
            ],
            [
              8.240831,
              46.881616
            ],
            [
              8.243977,
              46.886412
            ],
            [
              8.240794,
              46.889912
            ],
            [
              8.237494,
              46.888655
            ],
            [
              8.234141,
              46.889083
            ],
            [
              8.225637,
              46.878049
            ],
            [
              8.219367,
              46.874324
            ],
            [
              8.196365,
              46.866047
            ],
            [
              8.193448,
              46.859655
            ],
            [
              8.188942,
              46.854016
            ],
            [
              8.188878,
              46.853987
            ]
          ]
        ]
      }
    },
    {
      "type": "Feature",
      "properties": {
        "id": "aegerisee",
        "name": "Ägerisee",
        "osmType": "relation",
        "osmId": 1676873,
        "source": "OpenStreetMap via Nominatim lookup",
        "sourceUrl": "https://www.openstreetmap.org/relation/1676873",
        "bbox": [
          8.5886401,
          47.1018864,
          8.6432133,
          47.1382163
        ]
      },
      "geometry": {
        "type": "Polygon",
        "coordinates": [
          [
            [
              8.58864,
              47.137491
            ],
            [
              8.594227,
              47.133987
            ],
            [
              8.594173,
              47.131944
            ],
            [
              8.595485,
              47.131264
            ],
            [
              8.59499,
              47.129587
            ],
            [
              8.597247,
              47.129148
            ],
            [
              8.597489,
              47.126908
            ],
            [
              8.595188,
              47.126736
            ],
            [
              8.594659,
              47.125164
            ],
            [
              8.59179,
              47.12403
            ],
            [
              8.591726,
              47.122757
            ],
            [
              8.602439,
              47.121258
            ],
            [
              8.617864,
              47.115339
            ],
            [
              8.624005,
              47.114632
            ],
            [
              8.625031,
              47.112517
            ],
            [
              8.624416,
              47.107735
            ],
            [
              8.629569,
              47.105798
            ],
            [
              8.630712,
              47.102436
            ],
            [
              8.633628,
              47.101917
            ],
            [
              8.640185,
              47.103879
            ],
            [
              8.643163,
              47.114241
            ],
            [
              8.637065,
              47.119549
            ],
            [
              8.635108,
              47.124835
            ],
            [
              8.630764,
              47.127365
            ],
            [
              8.629889,
              47.12962
            ],
            [
              8.619969,
              47.133189
            ],
            [
              8.613016,
              47.131584
            ],
            [
              8.610435,
              47.133543
            ],
            [
              8.607943,
              47.133766
            ],
            [
              8.604567,
              47.137258
            ],
            [
              8.597689,
              47.136437
            ],
            [
              8.590827,
              47.138178
            ],
            [
              8.588679,
              47.137497
            ],
            [
              8.58864,
              47.137491
            ]
          ],
          [
            [
              8.63057,
              47.103149
            ],
            [
              8.631321,
              47.103559
            ],
            [
              8.630619,
              47.10309
            ],
            [
              8.63057,
              47.103149
            ]
          ]
        ]
      }
    },
    {
      "type": "Feature",
      "properties": {
        "id": "baldeggersee",
        "name": "Baldeggersee",
        "osmType": "relation",
        "osmId": 10568375,
        "source": "OpenStreetMap via Nominatim lookup",
        "sourceUrl": "https://www.openstreetmap.org/relation/10568375",
        "bbox": [
          8.2433143,
          47.1774923,
          8.2768954,
          47.2173584
        ]
      },
      "geometry": {
        "type": "Polygon",
        "coordinates": [
          [
            [
              8.243314,
              47.208506
            ],
            [
              8.251277,
              47.20092
            ],
            [
              8.254462,
              47.195323
            ],
            [
              8.256137,
              47.194784
            ],
            [
              8.256803,
              47.191395
            ],
            [
              8.259536,
              47.189205
            ],
            [
              8.262753,
              47.183574
            ],
            [
              8.267496,
              47.182005
            ],
            [
              8.268496,
              47.179538
            ],
            [
              8.270297,
              47.179458
            ],
            [
              8.271238,
              47.177492
            ],
            [
              8.272859,
              47.178306
            ],
            [
              8.272217,
              47.180686
            ],
            [
              8.273899,
              47.181728
            ],
            [
              8.27595,
              47.180987
            ],
            [
              8.27548,
              47.183123
            ],
            [
              8.276887,
              47.184874
            ],
            [
              8.276168,
              47.187797
            ],
            [
              8.272894,
              47.193165
            ],
            [
              8.269068,
              47.19673
            ],
            [
              8.266596,
              47.204242
            ],
            [
              8.266367,
              47.210175
            ],
            [
              8.264626,
              47.212359
            ],
            [
              8.262474,
              47.212921
            ],
            [
              8.262876,
              47.21405
            ],
            [
              8.258807,
              47.216441
            ],
            [
              8.24853,
              47.216147
            ],
            [
              8.246848,
              47.217352
            ],
            [
              8.245393,
              47.215171
            ],
            [
              8.246512,
              47.211109
            ],
            [
              8.244286,
              47.211287
            ],
            [
              8.243551,
              47.208945
            ],
            [
              8.243314,
              47.208506
            ]
          ]
        ]
      }
    },
    {
      "type": "Feature",
      "properties": {
        "id": "lago-di-livigno",
        "name": "Lago di Livigno",
        "osmType": "relation",
        "osmId": 1284667,
        "source": "OpenStreetMap via Nominatim lookup",
        "sourceUrl": "https://www.openstreetmap.org/relation/1284667",
        "bbox": [
          10.1434696,
          46.5539858,
          10.2299409,
          46.6245565
        ]
      },
      "geometry": {
        "type": "Polygon",
        "coordinates": [
          [
            [
              10.14347,
              46.558395
            ],
            [
              10.146455,
              46.553989
            ],
            [
              10.148742,
              46.558273
            ],
            [
              10.154036,
              46.560854
            ],
            [
              10.163958,
              46.561398
            ],
            [
              10.165669,
              46.560287
            ],
            [
              10.163328,
              46.562925
            ],
            [
              10.167548,
              46.572211
            ],
            [
              10.170734,
              46.575512
            ],
            [
              10.169858,
              46.576491
            ],
            [
              10.171078,
              46.577107
            ],
            [
              10.171193,
              46.579954
            ],
            [
              10.173308,
              46.583118
            ],
            [
              10.17283,
              46.586163
            ],
            [
              10.175982,
              46.590031
            ],
            [
              10.176832,
              46.594397
            ],
            [
              10.17598,
              46.595932
            ],
            [
              10.179697,
              46.600147
            ],
            [
              10.181355,
              46.605801
            ],
            [
              10.189886,
              46.619118
            ],
            [
              10.194818,
              46.621296
            ],
            [
              10.19809,
              46.621378
            ],
            [
              10.218539,
              46.614222
            ],
            [
              10.228172,
              46.605151
            ],
            [
              10.22746,
              46.600179
            ],
            [
              10.229941,
              46.604024
            ],
            [
              10.227053,
              46.609025
            ],
            [
              10.228055,
              46.610458
            ],
            [
              10.226335,
              46.610463
            ],
            [
              10.220778,
              46.615881
            ],
            [
              10.216989,
              46.617582
            ],
            [
              10.218752,
              46.620209
            ],
            [
              10.214474,
              46.618287
            ],
            [
              10.202185,
              46.623439
            ],
            [
              10.189403,
              46.623855
            ],
            [
              10.183887,
              46.619565
            ],
            [
              10.18263,
              46.615602
            ],
            [
              10.176171,
              46.605657
            ],
            [
              10.174659,
              46.605188
            ],
            [
              10.174902,
              46.6031
            ],
            [
              10.17007,
              46.5916
            ],
            [
              10.17119,
              46.589409
            ],
            [
              10.164493,
              46.572837
            ],
            [
              10.16196,
              46.57015
            ],
            [
              10.155817,
              46.566783
            ],
            [
              10.152022,
              46.568199
            ],
            [
              10.153796,
              46.56627
            ],
            [
              10.143574,
              46.558681
            ],
            [
              10.14347,
              46.558395
            ]
          ]
        ]
      }
    },
    {
      "type": "Feature",
      "properties": {
        "id": "schiffenensee",
        "name": "Schiffenensee",
        "osmType": "relation",
        "osmId": 1537206,
        "source": "OpenStreetMap via Nominatim lookup",
        "sourceUrl": "https://www.openstreetmap.org/relation/1537206",
        "bbox": [
          7.1396717,
          46.8147269,
          7.1955582,
          46.8850421
        ]
      },
      "geometry": {
        "type": "Polygon",
        "coordinates": [
          [
            [
              7.139672,
              46.847338
            ],
            [
              7.142169,
              46.846656
            ],
            [
              7.140453,
              46.845275
            ],
            [
              7.142302,
              46.845254
            ],
            [
              7.141295,
              46.841186
            ],
            [
              7.143091,
              46.835589
            ],
            [
              7.14638,
              46.831861
            ],
            [
              7.152818,
              46.830822
            ],
            [
              7.153049,
              46.828866
            ],
            [
              7.153746,
              46.829686
            ],
            [
              7.157164,
              46.826746
            ],
            [
              7.167415,
              46.826124
            ],
            [
              7.169985,
              46.8248
            ],
            [
              7.1713,
              46.820213
            ],
            [
              7.16442,
              46.820252
            ],
            [
              7.161727,
              46.817612
            ],
            [
              7.163656,
              46.815078
            ],
            [
              7.166222,
              46.815099
            ],
            [
              7.163117,
              46.817
            ],
            [
              7.1627,
              46.818608
            ],
            [
              7.164535,
              46.819844
            ],
            [
              7.165666,
              46.819821
            ],
            [
              7.163381,
              46.818323
            ],
            [
              7.16739,
              46.819189
            ],
            [
              7.16627,
              46.819784
            ],
            [
              7.172276,
              46.819455
            ],
            [
              7.172358,
              46.823321
            ],
            [
              7.168179,
              46.826912
            ],
            [
              7.161103,
              46.828163
            ],
            [
              7.154589,
              46.83213
            ],
            [
              7.148218,
              46.833713
            ],
            [
              7.146321,
              46.837057
            ],
            [
              7.146771,
              46.84481
            ],
            [
              7.153549,
              46.848716
            ],
            [
              7.160641,
              46.84913
            ],
            [
              7.167754,
              46.852756
            ],
            [
              7.171197,
              46.856445
            ],
            [
              7.171851,
              46.860922
            ],
            [
              7.17406,
              46.861226
            ],
            [
              7.177163,
              46.858367
            ],
            [
              7.175556,
              46.861717
            ],
            [
              7.178337,
              46.862817
            ],
            [
              7.180613,
              46.867916
            ],
            [
              7.185415,
              46.870269
            ],
            [
              7.190079,
              46.868593
            ],
            [
              7.186426,
              46.870418
            ],
            [
              7.189634,
              46.872471
            ],
            [
              7.188193,
              46.875802
            ],
            [
              7.190273,
              46.874127
            ],
            [
              7.188359,
              46.876805
            ],
            [
              7.188083,
              46.879497
            ],
            [
              7.195558,
              46.883141
            ],
            [
              7.189372,
              46.883673
            ],
            [
              7.188787,
              46.885042
            ],
            [
              7.186571,
              46.883227
            ],
            [
              7.182854,
              46.878983
            ],
            [
              7.184217,
              46.879129
            ],
            [
              7.183481,
              46.877257
            ],
            [
              7.185426,
              46.873734
            ],
            [
              7.176792,
              46.871867
            ],
            [
              7.177658,
              46.871052
            ],
            [
              7.174772,
              46.868856
            ],
            [
              7.171661,
              46.868753
            ],
            [
              7.174542,
              46.868147
            ],
            [
              7.172643,
              46.86551
            ],
            [
              7.168703,
              46.864363
            ],
            [
              7.16626,
              46.861625
            ],
            [
              7.164997,
              46.858863
            ],
            [
              7.166029,
              46.857726
            ],
            [
              7.164066,
              46.855076
            ],
            [
              7.145643,
              46.850373
            ],
            [
              7.139676,
              46.847373
            ],
            [
              7.139672,
              46.847338
            ]
          ],
          [
            [
              7.171257,
              46.822412
            ],
            [
              7.171754,
              46.820674
            ],
            [
              7.171432,
              46.821879
            ],
            [
              7.171257,
              46.822412
            ]
          ]
        ]
      }
    },
    {
      "type": "Feature",
      "properties": {
        "id": "waegitalersee",
        "name": "Wägitalersee",
        "osmType": "relation",
        "osmId": 7041749,
        "source": "OpenStreetMap via Nominatim lookup",
        "sourceUrl": "https://www.openstreetmap.org/relation/7041749",
        "bbox": [
          8.9002644,
          47.0669561,
          8.9301542,
          47.1068863
        ]
      },
      "geometry": {
        "type": "Polygon",
        "coordinates": [
          [
            [
              8.900264,
              47.104374
            ],
            [
              8.903355,
              47.103656
            ],
            [
              8.903887,
              47.101794
            ],
            [
              8.906965,
              47.099608
            ],
            [
              8.908617,
              47.099801
            ],
            [
              8.90922,
              47.096576
            ],
            [
              8.910825,
              47.09649
            ],
            [
              8.915026,
              47.091863
            ],
            [
              8.917281,
              47.08284
            ],
            [
              8.915464,
              47.07958
            ],
            [
              8.913378,
              47.078719
            ],
            [
              8.912705,
              47.076467
            ],
            [
              8.914132,
              47.069073
            ],
            [
              8.912845,
              47.066956
            ],
            [
              8.923555,
              47.074121
            ],
            [
              8.92508,
              47.077421
            ],
            [
              8.927547,
              47.077762
            ],
            [
              8.925554,
              47.078655
            ],
            [
              8.928486,
              47.081412
            ],
            [
              8.927752,
              47.082722
            ],
            [
              8.929765,
              47.086366
            ],
            [
              8.929588,
              47.088317
            ],
            [
              8.927859,
              47.089796
            ],
            [
              8.930154,
              47.092669
            ],
            [
              8.923377,
              47.097728
            ],
            [
              8.923436,
              47.099692
            ],
            [
              8.919427,
              47.105002
            ],
            [
              8.915203,
              47.106412
            ],
            [
              8.905133,
              47.106886
            ],
            [
              8.901059,
              47.104508
            ],
            [
              8.900264,
              47.104374
            ]
          ]
        ]
      }
    },
    {
      "type": "Feature",
      "properties": {
        "id": "lago-di-lei",
        "name": "Lago di Lei",
        "osmType": "way",
        "osmId": 36336187,
        "source": "OpenStreetMap via Nominatim lookup",
        "sourceUrl": "https://www.openstreetmap.org/way/36336187",
        "bbox": [
          9.4317574,
          46.4149747,
          9.457478,
          46.4832182
        ]
      },
      "geometry": {
        "type": "Polygon",
        "coordinates": [
          [
            [
              9.431757,
              46.42898
            ],
            [
              9.432582,
              46.419492
            ],
            [
              9.433992,
              46.415962
            ],
            [
              9.435844,
              46.414975
            ],
            [
              9.43786,
              46.420151
            ],
            [
              9.438219,
              46.427384
            ],
            [
              9.446192,
              46.445142
            ],
            [
              9.449455,
              46.461866
            ],
            [
              9.457404,
              46.475277
            ],
            [
              9.456647,
              46.483218
            ],
            [
              9.453623,
              46.481472
            ],
            [
              9.449703,
              46.483174
            ],
            [
              9.450399,
              46.481446
            ],
            [
              9.449364,
              46.473347
            ],
            [
              9.441025,
              46.460019
            ],
            [
              9.438689,
              46.453148
            ],
            [
              9.438422,
              46.443805
            ],
            [
              9.433566,
              46.43229
            ],
            [
              9.432621,
              46.432078
            ],
            [
              9.433599,
              46.430514
            ],
            [
              9.432016,
              46.429333
            ],
            [
              9.431757,
              46.42898
            ]
          ]
        ]
      }
    },
    {
      "type": "Feature",
      "properties": {
        "id": "silsersee",
        "name": "Silsersee",
        "osmType": "relation",
        "osmId": 4112376,
        "source": "OpenStreetMap via Nominatim lookup",
        "sourceUrl": "https://www.openstreetmap.org/relation/4112376",
        "bbox": [
          9.7037935,
          46.4066024,
          9.7550363,
          46.434269
        ]
      },
      "geometry": {
        "type": "Polygon",
        "coordinates": [
          [
            [
              9.703793,
              46.407139
            ],
            [
              9.707847,
              46.406633
            ],
            [
              9.733051,
              46.409845
            ],
            [
              9.734196,
              46.413286
            ],
            [
              9.733262,
              46.416368
            ],
            [
              9.736104,
              46.415964
            ],
            [
              9.741693,
              46.419163
            ],
            [
              9.747296,
              46.418707
            ],
            [
              9.753379,
              46.422709
            ],
            [
              9.755026,
              46.4251
            ],
            [
              9.750889,
              46.42875
            ],
            [
              9.747038,
              46.427271
            ],
            [
              9.747188,
              46.425771
            ],
            [
              9.74397,
              46.425423
            ],
            [
              9.744721,
              46.426186
            ],
            [
              9.743451,
              46.426662
            ],
            [
              9.752765,
              46.430874
            ],
            [
              9.753334,
              46.434189
            ],
            [
              9.744688,
              46.432491
            ],
            [
              9.734682,
              46.428435
            ],
            [
              9.726978,
              46.423497
            ],
            [
              9.726656,
              46.420657
            ],
            [
              9.72974,
              46.418514
            ],
            [
              9.721055,
              46.41651
            ],
            [
              9.708494,
              46.410531
            ],
            [
              9.705049,
              46.410045
            ],
            [
              9.703795,
              46.40719
            ],
            [
              9.703793,
              46.407139
            ]
          ],
          [
            [
              9.730127,
              46.41861
            ],
            [
              9.730259,
              46.418696
            ],
            [
              9.730399,
              46.418675
            ],
            [
              9.730389,
              46.418641
            ],
            [
              9.730224,
              46.418569
            ],
            [
              9.730127,
              46.41861
            ]
          ],
          [
            [
              9.74387,
              46.420634
            ],
            [
              9.743877,
              46.420706
            ],
            [
              9.743946,
              46.420735
            ],
            [
              9.743985,
              46.42078
            ],
            [
              9.744109,
              46.420837
            ],
            [
              9.744119,
              46.420893
            ],
            [
              9.744152,
              46.420902
            ],
            [
              9.744164,
              46.420847
            ],
            [
              9.744208,
              46.420823
            ],
            [
              9.744178,
              46.420786
            ],
            [
              9.7441,
              46.420777
            ],
            [
              9.744013,
              46.420703
            ],
            [
              9.743947,
              46.420684
            ],
            [
              9.74387,
              46.420634
            ]
          ],
          [
            [
              9.745344,
              46.421297
            ],
            [
              9.746664,
              46.421704
            ],
            [
              9.745403,
              46.420995
            ],
            [
              9.745344,
              46.421297
            ]
          ]
        ]
      }
    },
    {
      "type": "Feature",
      "properties": {
        "id": "lac-des-dix",
        "name": "Lac des Dix",
        "osmType": "way",
        "osmId": 6267838,
        "source": "OpenStreetMap via Nominatim lookup",
        "sourceUrl": "https://www.openstreetmap.org/way/6267838",
        "bbox": [
          7.3888313,
          46.0313482,
          7.4132927,
          46.0807826
        ]
      },
      "geometry": {
        "type": "Polygon",
        "coordinates": [
          [
            [
              7.388831,
              46.06359
            ],
            [
              7.390849,
              46.060836
            ],
            [
              7.389495,
              46.058861
            ],
            [
              7.390876,
              46.058337
            ],
            [
              7.391858,
              46.053121
            ],
            [
              7.39531,
              46.050753
            ],
            [
              7.396472,
              46.047626
            ],
            [
              7.398145,
              46.047259
            ],
            [
              7.398349,
              46.043901
            ],
            [
              7.40065,
              46.041053
            ],
            [
              7.400422,
              46.038852
            ],
            [
              7.403215,
              46.031374
            ],
            [
              7.410209,
              46.033471
            ],
            [
              7.413287,
              46.033096
            ],
            [
              7.411148,
              46.034257
            ],
            [
              7.407683,
              46.040864
            ],
            [
              7.406596,
              46.050662
            ],
            [
              7.402999,
              46.053763
            ],
            [
              7.399761,
              46.064998
            ],
            [
              7.404057,
              46.074322
            ],
            [
              7.407637,
              46.078131
            ],
            [
              7.407134,
              46.080253
            ],
            [
              7.398659,
              46.080251
            ],
            [
              7.398383,
              46.077741
            ],
            [
              7.395782,
              46.075499
            ],
            [
              7.395281,
              46.071712
            ],
            [
              7.388929,
              46.063662
            ],
            [
              7.388831,
              46.06359
            ]
          ]
        ]
      }
    },
    {
      "type": "Feature",
      "properties": {
        "id": "wohlensee",
        "name": "Wohlensee",
        "osmType": "relation",
        "osmId": 1722165,
        "source": "OpenStreetMap via Nominatim lookup",
        "sourceUrl": "https://www.openstreetmap.org/relation/1722165",
        "bbox": [
          7.2799225,
          46.959835,
          7.3715745,
          46.9722165
        ]
      },
      "geometry": {
        "type": "Polygon",
        "coordinates": [
          [
            [
              7.279922,
              46.965241
            ],
            [
              7.282207,
              46.963209
            ],
            [
              7.286447,
              46.963059
            ],
            [
              7.291223,
              46.965503
            ],
            [
              7.294235,
              46.968719
            ],
            [
              7.297791,
              46.96454
            ],
            [
              7.301269,
              46.962585
            ],
            [
              7.306918,
              46.962158
            ],
            [
              7.317289,
              46.965528
            ],
            [
              7.320594,
              46.964771
            ],
            [
              7.324077,
              46.961771
            ],
            [
              7.330584,
              46.96262
            ],
            [
              7.345779,
              46.959835
            ],
            [
              7.358018,
              46.965346
            ],
            [
              7.365025,
              46.965978
            ],
            [
              7.367948,
              46.964756
            ],
            [
              7.368972,
              46.962581
            ],
            [
              7.370664,
              46.962817
            ],
            [
              7.371575,
              46.965391
            ],
            [
              7.370141,
              46.967235
            ],
            [
              7.365002,
              46.967872
            ],
            [
              7.352577,
              46.966469
            ],
            [
              7.347824,
              46.963592
            ],
            [
              7.344804,
              46.963576
            ],
            [
              7.327188,
              46.965264
            ],
            [
              7.317876,
              46.968033
            ],
            [
              7.307252,
              46.96533
            ],
            [
              7.302243,
              46.967137
            ],
            [
              7.297526,
              46.971365
            ],
            [
              7.290091,
              46.972217
            ],
            [
              7.289548,
              46.971573
            ],
            [
              7.291001,
              46.97062
            ],
            [
              7.288442,
              46.967561
            ],
            [
              7.283549,
              46.969076
            ],
            [
              7.27993,
              46.965799
            ],
            [
              7.279922,
              46.965241
            ]
          ],
          [
            [
              7.328447,
              46.965047
            ],
            [
              7.328448,
              46.965113
            ],
            [
              7.328524,
              46.965113
            ],
            [
              7.32856,
              46.965113
            ],
            [
              7.328559,
              46.965046
            ],
            [
              7.328447,
              46.965047
            ]
          ],
          [
            [
              7.359783,
              46.965649
            ],
            [
              7.361786,
              46.966272
            ],
            [
              7.359834,
              46.965499
            ],
            [
              7.359783,
              46.965649
            ]
          ],
          [
            [
              7.366352,
              46.965748
            ],
            [
              7.36724,
              46.965339
            ],
            [
              7.366381,
              46.965682
            ],
            [
              7.366352,
              46.965748
            ]
          ]
        ]
      }
    },
    {
      "type": "Feature",
      "properties": {
        "id": "lac-d-emosson",
        "name": "Lac d'Emosson",
        "osmType": "way",
        "osmId": 23852674,
        "source": "OpenStreetMap via Nominatim lookup",
        "sourceUrl": "https://www.openstreetmap.org/way/23852674",
        "bbox": [
          6.903329,
          46.0643454,
          6.9353052,
          46.1027978
        ]
      },
      "geometry": {
        "type": "Polygon",
        "coordinates": [
          [
            [
              6.903329,
              46.090594
            ],
            [
              6.905315,
              46.089902
            ],
            [
              6.904009,
              46.087869
            ],
            [
              6.904227,
              46.083922
            ],
            [
              6.907937,
              46.081697
            ],
            [
              6.911006,
              46.082182
            ],
            [
              6.915158,
              46.078205
            ],
            [
              6.913852,
              46.076243
            ],
            [
              6.914739,
              46.074152
            ],
            [
              6.913055,
              46.074085
            ],
            [
              6.914868,
              46.067518
            ],
            [
              6.911142,
              46.064345
            ],
            [
              6.922484,
              46.06745
            ],
            [
              6.922484,
              46.065663
            ],
            [
              6.927687,
              46.06508
            ],
            [
              6.935214,
              46.068104
            ],
            [
              6.931756,
              46.072523
            ],
            [
              6.926877,
              46.072697
            ],
            [
              6.923764,
              46.074949
            ],
            [
              6.920751,
              46.075057
            ],
            [
              6.921278,
              46.07991
            ],
            [
              6.917945,
              46.083548
            ],
            [
              6.919181,
              46.084377
            ],
            [
              6.91506,
              46.08794
            ],
            [
              6.916147,
              46.092697
            ],
            [
              6.914703,
              46.092205
            ],
            [
              6.910565,
              46.095861
            ],
            [
              6.9086,
              46.102747
            ],
            [
              6.907742,
              46.102702
            ],
            [
              6.907227,
              46.0963
            ],
            [
              6.905166,
              46.095183
            ],
            [
              6.90381,
              46.090674
            ],
            [
              6.903329,
              46.090594
            ]
          ]
        ]
      }
    },
    {
      "type": "Feature",
      "properties": {
        "id": "kloentalersee",
        "name": "Klöntalersee",
        "osmType": "way",
        "osmId": 4900844,
        "source": "OpenStreetMap via Nominatim lookup",
        "sourceUrl": "https://www.openstreetmap.org/way/4900844",
        "bbox": [
          8.9461097,
          47.0188563,
          9.0067229,
          47.0367942
        ]
      },
      "geometry": {
        "type": "Polygon",
        "coordinates": [
          [
            [
              8.94611,
              47.022961
            ],
            [
              8.949219,
              47.022487
            ],
            [
              8.946315,
              47.022003
            ],
            [
              8.94962,
              47.022066
            ],
            [
              8.950919,
              47.020517
            ],
            [
              8.954089,
              47.020696
            ],
            [
              8.955927,
              47.019352
            ],
            [
              8.965154,
              47.018893
            ],
            [
              8.9679,
              47.021299
            ],
            [
              8.973535,
              47.020765
            ],
            [
              8.982244,
              47.023296
            ],
            [
              8.985029,
              47.022822
            ],
            [
              8.989206,
              47.026952
            ],
            [
              8.995421,
              47.026958
            ],
            [
              9.001669,
              47.031317
            ],
            [
              9.005392,
              47.032222
            ],
            [
              9.006723,
              47.03429
            ],
            [
              9.004291,
              47.036031
            ],
            [
              8.996921,
              47.036433
            ],
            [
              8.993062,
              47.035453
            ],
            [
              8.988327,
              47.032139
            ],
            [
              8.971974,
              47.026445
            ],
            [
              8.961687,
              47.025679
            ],
            [
              8.94987,
              47.026914
            ],
            [
              8.948053,
              47.025581
            ],
            [
              8.94624,
              47.026086
            ],
            [
              8.94822,
              47.025054
            ],
            [
              8.947553,
              47.022953
            ],
            [
              8.946173,
              47.023003
            ],
            [
              8.94611,
              47.022961
            ]
          ]
        ]
      }
    },
    {
      "type": "Feature",
      "properties": {
        "id": "silvaplanersee",
        "name": "Silvaplanersee",
        "osmType": "relation",
        "osmId": 5948493,
        "source": "OpenStreetMap via Nominatim lookup",
        "sourceUrl": "https://www.openstreetmap.org/relation/5948493",
        "bbox": [
          9.7748667,
          46.4365074,
          9.8063636,
          46.4600457
        ]
      },
      "geometry": {
        "type": "Polygon",
        "coordinates": [
          [
            [
              9.774867,
              46.442296
            ],
            [
              9.777779,
              46.44174
            ],
            [
              9.776526,
              46.441193
            ],
            [
              9.776929,
              46.438136
            ],
            [
              9.78102,
              46.436535
            ],
            [
              9.791607,
              46.443547
            ],
            [
              9.801367,
              46.445457
            ],
            [
              9.804329,
              46.447112
            ],
            [
              9.806364,
              46.451296
            ],
            [
              9.802407,
              46.458417
            ],
            [
              9.802943,
              46.459631
            ],
            [
              9.802157,
              46.460046
            ],
            [
              9.796431,
              46.455485
            ],
            [
              9.789951,
              46.455062
            ],
            [
              9.783363,
              46.447804
            ],
            [
              9.774884,
              46.442343
            ],
            [
              9.774867,
              46.442296
            ]
          ]
        ]
      }
    },
    {
      "type": "Feature",
      "properties": {
        "id": "pfaeffikersee",
        "name": "Pfäffikersee",
        "osmType": "way",
        "osmId": 4605042,
        "source": "OpenStreetMap via Nominatim lookup",
        "sourceUrl": "https://www.openstreetmap.org/way/4605042",
        "bbox": [
          8.7681472,
          47.3403081,
          8.7935646,
          47.3643965
        ]
      },
      "geometry": {
        "type": "Polygon",
        "coordinates": [
          [
            [
              8.768147,
              47.358155
            ],
            [
              8.771702,
              47.356298
            ],
            [
              8.770986,
              47.354386
            ],
            [
              8.77429,
              47.349889
            ],
            [
              8.773535,
              47.348511
            ],
            [
              8.775584,
              47.340941
            ],
            [
              8.790878,
              47.341949
            ],
            [
              8.789683,
              47.342655
            ],
            [
              8.790374,
              47.343409
            ],
            [
              8.788342,
              47.344163
            ],
            [
              8.791673,
              47.345344
            ],
            [
              8.793514,
              47.348066
            ],
            [
              8.791625,
              47.349014
            ],
            [
              8.790897,
              47.351863
            ],
            [
              8.787569,
              47.354079
            ],
            [
              8.786048,
              47.358294
            ],
            [
              8.7814,
              47.363844
            ],
            [
              8.776117,
              47.364133
            ],
            [
              8.77135,
              47.36236
            ],
            [
              8.768254,
              47.358606
            ],
            [
              8.768147,
              47.358155
            ]
          ]
        ]
      }
    },
    {
      "type": "Feature",
      "properties": {
        "id": "lauerzersee",
        "name": "Lauerzersee",
        "osmType": "relation",
        "osmId": 20055,
        "source": "OpenStreetMap via Nominatim lookup",
        "sourceUrl": "https://www.openstreetmap.org/relation/20055",
        "bbox": [
          8.583715,
          47.0261753,
          8.6257053,
          47.0474619
        ]
      },
      "geometry": {
        "type": "Polygon",
        "coordinates": [
          [
            [
              8.583715,
              47.037256
            ],
            [
              8.58475,
              47.036374
            ],
            [
              8.584249,
              47.033833
            ],
            [
              8.58693,
              47.031702
            ],
            [
              8.601411,
              47.030491
            ],
            [
              8.607565,
              47.026241
            ],
            [
              8.611741,
              47.026292
            ],
            [
              8.620175,
              47.029006
            ],
            [
              8.625705,
              47.02911
            ],
            [
              8.621236,
              47.030333
            ],
            [
              8.621575,
              47.03407
            ],
            [
              8.619762,
              47.036156
            ],
            [
              8.610246,
              47.035111
            ],
            [
              8.60415,
              47.03783
            ],
            [
              8.593735,
              47.037322
            ],
            [
              8.595929,
              47.043738
            ],
            [
              8.593872,
              47.04456
            ],
            [
              8.591703,
              47.043848
            ],
            [
              8.592396,
              47.045328
            ],
            [
              8.591861,
              47.044609
            ],
            [
              8.591181,
              47.046195
            ],
            [
              8.587513,
              47.047453
            ],
            [
              8.585798,
              47.04698
            ],
            [
              8.586935,
              47.046473
            ],
            [
              8.5869,
              47.043464
            ],
            [
              8.583718,
              47.037294
            ],
            [
              8.583715,
              47.037256
            ]
          ],
          [
            [
              8.596632,
              47.032318
            ],
            [
              8.598957,
              47.032835
            ],
            [
              8.596636,
              47.032282
            ],
            [
              8.596632,
              47.032318
            ]
          ],
          [
            [
              8.599008,
              47.031233
            ],
            [
              8.599008,
              47.031265
            ],
            [
              8.599014,
              47.031283
            ],
            [
              8.599023,
              47.031298
            ],
            [
              8.59904,
              47.03132
            ],
            [
              8.599052,
              47.031328
            ],
            [
              8.599063,
              47.031332
            ],
            [
              8.59908,
              47.031335
            ],
            [
              8.599107,
              47.03134
            ],
            [
              8.599121,
              47.031343
            ],
            [
              8.599153,
              47.031352
            ],
            [
              8.599165,
              47.031354
            ],
            [
              8.599178,
              47.031355
            ],
            [
              8.599228,
              47.031355
            ],
            [
              8.599308,
              47.031356
            ],
            [
              8.59934,
              47.031356
            ],
            [
              8.599355,
              47.031354
            ],
            [
              8.599368,
              47.031352
            ],
            [
              8.599378,
              47.031352
            ],
            [
              8.599385,
              47.031353
            ],
            [
              8.599403,
              47.031356
            ],
            [
              8.599413,
              47.031357
            ],
            [
              8.599422,
              47.031355
            ],
            [
              8.599437,
              47.031351
            ],
            [
              8.599453,
              47.031347
            ],
            [
              8.599469,
              47.031345
            ],
            [
              8.59949,
              47.031346
            ],
            [
              8.599498,
              47.031345
            ],
            [
              8.599504,
              47.031343
            ],
            [
              8.599515,
              47.031334
            ],
            [
              8.599519,
              47.031329
            ],
            [
              8.59952,
              47.031324
            ],
            [
              8.59952,
              47.03132
            ],
            [
              8.599519,
              47.031315
            ],
            [
              8.599514,
              47.03131
            ],
            [
              8.599506,
              47.031305
            ],
            [
              8.599497,
              47.031299
            ],
            [
              8.599493,
              47.031297
            ],
            [
              8.599477,
              47.031291
            ],
            [
              8.599464,
              47.031285
            ],
            [
              8.599441,
              47.031268
            ],
            [
              8.599433,
              47.031263
            ],
            [
              8.599425,
              47.03126
            ],
            [
              8.599404,
              47.031253
            ],
            [
              8.599394,
              47.031249
            ],
            [
              8.599354,
              47.031227
            ],
            [
              8.599315,
              47.031207
            ],
            [
              8.599287,
              47.031196
            ],
            [
              8.599259,
              47.031189
            ],
            [
              8.599231,
              47.031185
            ],
            [
              8.599206,
              47.031181
            ],
            [
              8.59918,
              47.031179
            ],
            [
              8.59916,
              47.031178
            ],
            [
              8.599141,
              47.031179
            ],
            [
              8.599127,
              47.031182
            ],
            [
              8.599112,
              47.031191
            ],
            [
              8.599094,
              47.031198
            ],
            [
              8.599077,
              47.031202
            ],
            [
              8.59907,
              47.031203
            ],
            [
              8.599065,
              47.031203
            ],
            [
              8.599051,
              47.031201
            ],
            [
              8.599041,
              47.0312
            ],
            [
              8.599032,
              47.031202
            ],
            [
              8.599025,
              47.031207
            ],
            [
              8.599019,
              47.031215
            ],
            [
              8.599012,
              47.031222
            ],
            [
              8.599009,
              47.031227
            ],
            [
              8.599008,
              47.031233
            ]
          ]
        ]
      }
    },
    {
      "type": "Feature",
      "properties": {
        "id": "grimselsee",
        "name": "Grimselsee",
        "osmType": "relation",
        "osmId": 2192946,
        "source": "OpenStreetMap via Nominatim lookup",
        "sourceUrl": "https://www.openstreetmap.org/relation/2192946",
        "bbox": [
          8.2634133,
          46.5582563,
          8.3400333,
          46.573665
        ]
      },
      "geometry": {
        "type": "Polygon",
        "coordinates": [
          [
            [
              8.263413,
              46.566014
            ],
            [
              8.265073,
              46.565196
            ],
            [
              8.264679,
              46.563983
            ],
            [
              8.26703,
              46.564067
            ],
            [
              8.266773,
              46.562719
            ],
            [
              8.2685,
              46.561679
            ],
            [
              8.279575,
              46.558256
            ],
            [
              8.291773,
              46.560498
            ],
            [
              8.315563,
              46.568727
            ],
            [
              8.33289,
              46.568147
            ],
            [
              8.338994,
              46.570498
            ],
            [
              8.340033,
              46.572783
            ],
            [
              8.339391,
              46.573655
            ],
            [
              8.332192,
              46.570805
            ],
            [
              8.329985,
              46.571243
            ],
            [
              8.330732,
              46.571778
            ],
            [
              8.329196,
              46.573079
            ],
            [
              8.326918,
              46.572173
            ],
            [
              8.319025,
              46.573495
            ],
            [
              8.298145,
              46.566145
            ],
            [
              8.284424,
              46.56302
            ],
            [
              8.264174,
              46.56597
            ],
            [
              8.263413,
              46.566014
            ]
          ]
        ]
      }
    },
    {
      "type": "Feature",
      "properties": {
        "id": "lungerersee",
        "name": "Lungerersee",
        "osmType": "relation",
        "osmId": 1676583,
        "source": "OpenStreetMap via Nominatim lookup",
        "sourceUrl": "https://www.openstreetmap.org/relation/1676583",
        "bbox": [
          8.1500788,
          46.7827826,
          8.1756407,
          46.8133894
        ]
      },
      "geometry": {
        "type": "Polygon",
        "coordinates": [
          [
            [
              8.150079,
              46.787726
            ],
            [
              8.153339,
              46.786198
            ],
            [
              8.155504,
              46.782783
            ],
            [
              8.15654,
              46.786122
            ],
            [
              8.159351,
              46.788901
            ],
            [
              8.158305,
              46.788697
            ],
            [
              8.158217,
              46.789716
            ],
            [
              8.159179,
              46.789101
            ],
            [
              8.164033,
              46.792583
            ],
            [
              8.163971,
              46.795326
            ],
            [
              8.161081,
              46.796337
            ],
            [
              8.163965,
              46.799115
            ],
            [
              8.169525,
              46.801014
            ],
            [
              8.168924,
              46.805662
            ],
            [
              8.171157,
              46.808652
            ],
            [
              8.175038,
              46.810251
            ],
            [
              8.175324,
              46.81305
            ],
            [
              8.168798,
              46.813262
            ],
            [
              8.167097,
              46.811927
            ],
            [
              8.168148,
              46.810964
            ],
            [
              8.166977,
              46.809206
            ],
            [
              8.159444,
              46.807058
            ],
            [
              8.156073,
              46.80081
            ],
            [
              8.156685,
              46.797083
            ],
            [
              8.153735,
              46.791929
            ],
            [
              8.150865,
              46.789825
            ],
            [
              8.151463,
              46.787641
            ],
            [
              8.150097,
              46.787768
            ],
            [
              8.150079,
              46.787726
            ]
          ]
        ]
      }
    },
    {
      "type": "Feature",
      "properties": {
        "id": "lac-de-mauvoisin",
        "name": "Lac de Mauvoisin",
        "osmType": "relation",
        "osmId": 13089704,
        "source": "OpenStreetMap via Nominatim lookup",
        "sourceUrl": "https://www.openstreetmap.org/relation/13089704",
        "bbox": [
          7.345611,
          45.9528392,
          7.3592922,
          45.9995894
        ]
      },
      "geometry": {
        "type": "Polygon",
        "coordinates": [
          [
            [
              7.345611,
              45.997482
            ],
            [
              7.348656,
              45.993208
            ],
            [
              7.347532,
              45.990199
            ],
            [
              7.350093,
              45.980749
            ],
            [
              7.349661,
              45.976856
            ],
            [
              7.350866,
              45.971702
            ],
            [
              7.353152,
              45.967896
            ],
            [
              7.352844,
              45.958651
            ],
            [
              7.356355,
              45.955433
            ],
            [
              7.357299,
              45.952839
            ],
            [
              7.357874,
              45.956218
            ],
            [
              7.355532,
              45.960414
            ],
            [
              7.356967,
              45.961506
            ],
            [
              7.356252,
              45.964085
            ],
            [
              7.357447,
              45.964182
            ],
            [
              7.359292,
              45.973599
            ],
            [
              7.353803,
              45.990922
            ],
            [
              7.354873,
              45.994439
            ],
            [
              7.350487,
              45.999555
            ],
            [
              7.348539,
              45.997812
            ],
            [
              7.345654,
              45.997521
            ],
            [
              7.345611,
              45.997482
            ]
          ]
        ]
      }
    }
  ]
}
